fold,test_month,n_stocks,nifty_return,LightGBM_rank_ic,LightGBM_hit_rate_pct,LightGBM_top10_gross,LightGBM_top10_net,LightGBM_ls_spread_net,LightGBM_turnover,XGBoost_rank_ic,XGBoost_hit_rate_pct,XGBoost_top10_gross,XGBoost_top10_net,XGBoost_ls_spread_net,XGBoost_turnover,RandomForest_rank_ic,RandomForest_hit_rate_pct,RandomForest_top10_gross,RandomForest_top10_net,RandomForest_ls_spread_net,RandomForest_turnover,Ensemble_rank_ic,Ensemble_hit_rate_pct,Ensemble_top10_gross,Ensemble_top10_net,Ensemble_ls_spread_net,Ensemble_turnover
1,2015-03,46,0.013305752464835889,0.3480111008325624,80.0,0.01707066983993394,0.01407066983993394,0.042202678364259616,1.0,0.22799876657415974,80.0,0.023764602257929833,0.020764602257929834,0.020132028651132554,1.0,0.27030527289546713,90.0,0.044352495198634094,0.04135249519863409,0.06181372632664027,1.0,0.3164353993216158,80.0,0.027109513863923927,0.024109513863923928,0.04510373486401245,1.0
2,2015-04,46,-0.0007105840245112321,0.22738205365402403,70.0,0.052533411675345434,0.050583411675345434,0.04626990733559712,0.6499999999999999,0.13561517113783533,70.0,0.035999431871633306,0.033749431871633304,0.036918532066352885,0.75,0.2557508479802652,80.0,0.05313956444895718,0.05103956444895718,0.06258278603077262,0.7,0.20444033302497688,80.0,0.05313956444895718,0.05103956444895718,0.054369913308033244,0.7
3,2015-05,46,0.0036821519722045493,0.18384212149244525,70.0,0.06629470802329405,0.06389470802329406,0.05699284452798664,0.8,0.2821461609620721,70.0,0.0679617839125764,0.0655617839125764,0.0937932614490398,0.8,0.18174529756398397,60.0,0.051278916111069196,0.0488789161110692,0.03226523484044633,0.8,0.23465926611162502,70.0,0.0679617839125764,0.0654117839125764,0.060022019207986305,0.8500000000000001
4,2015-06,46,0.03953679868839952,0.11711378353376502,80.0,0.05776185640694779,0.055511856406947786,0.015776356350882377,0.75,-0.058402713536848595,70.0,0.021396527295308714,0.018996527295308714,-0.050469938726334464,0.8,0.24304656182547024,80.0,0.07501070740963223,0.07261070740963223,0.0561095325348007,0.8,0.10157261794634598,80.0,0.04739028830903395,0.045140288309033945,-0.016826056254755473,0.75
5,2015-07,46,-0.06478229215445168,-0.01868640148011101,20.0,-0.0703384015649945,-0.0721384015649945,-0.0018672401402482913,0.6,0.0625963613937712,20.0,-0.05028123286587732,-0.052531232865877325,0.004718757644721384,0.75,0.12451433857539315,30.0,-0.04676637282702846,-0.04901637282702846,0.016824454203667558,0.75,0.02793709528214616,20.0,-0.05874119496954132,-0.060841194969541317,0.009095294175598699,0.7
6,2015-08,46,0.020440481155317207,0.0032685784767190872,40.0,-0.005798150852085413,-0.007748150852085412,0.00394132984685014,0.6499999999999999,-0.07234042553191489,50.0,-0.002968316413455731,-0.004768316413455731,-0.023405003697895374,0.6,-0.087018193031144,40.0,-0.005671203346108202,-0.007621203346108201,-0.00890628763685622,0.6499999999999999,-0.08442799876657416,50.0,-0.0029683164134557322,-0.004768316413455732,-0.018237687396101966,0.6
7,2015-09,46,-0.008376825318830156,0.23687943262411346,50.0,0.0009401030932527407,-0.00025989690674725944,0.031203711905393384,0.4,0.16546407647240208,60.0,0.020759406762293937,0.019259406762293936,0.06423700590931658,0.5,0.021399938328707985,30.0,-0.04304724967497417,-0.04424724967497417,0.011586050902876573,0.4,0.14671600370027751,40.0,-0.01255209953079581,-0.01375209953079581,0.025304423448098263,0.4
8,2015-10,46,-0.0278204834889899,-0.07752081406105457,20.0,-0.058007754777810824,-0.060257754777810826,-0.033081932278003094,0.75,-0.13771199506629664,20.0,-0.05929765181344643,-0.06169765181344643,-0.03609476606703187,0.8,-0.13647856922602528,10.0,-0.050056550841183343,-0.052006550841183344,-0.02070099549903983,0.6499999999999999,-0.12735121800801727,30.0,-0.04980205664462091,-0.05205205664462091,-0.02487623414481318,0.75
9,2015-11,46,-0.027800424814704773,-0.05260561208757323,30.0,-0.02114422309259832,-0.02294422309259832,-0.012066656282465142,0.6,-0.07246376811594203,20.0,-0.03920102220150363,-0.041301022201503626,-0.01855119591286775,0.7,0.014986123959296946,30.0,-0.025327616733592413,-0.026977616733592412,-0.01750127269269361,0.55,-0.07221708294788776,30.0,-0.0258626220694675,-0.027512622069467498,-0.0180362780285687,0.55
10,2015-12,46,-0.10196154059857557,-0.17644156645081713,0.0,-0.11961332275056788,-0.12201332275056788,-0.04787249216984367,0.8,-0.16040703052728952,10.0,-0.10097440307716048,-0.10352440307716047,-0.03693279125515622,0.85,-0.06827012025901943,10.0,-0.11083605791232845,-0.11323605791232845,-0.025057884389948493,0.8,-0.17989515880357693,10.0,-0.09953796662543145,-0.10193796662543145,-0.023203551701941702,0.8
11,2016-01,46,0.007320586999817258,0.029417206290471783,60.0,0.00920091435819985,0.006950914358199849,0.0041849369413435086,0.75,0.03780450200431699,50.0,-0.010940232375727482,-0.01334023237572748,0.002007940417906858,0.8,0.09170521122417513,60.0,0.01929634091512164,0.01689634091512164,0.015177439930493121,0.8,0.03731113166820845,70.0,0.018786513143007087,0.016386513143007087,0.023184809795635704,0.8
12,2016-02,46,0.14334885621188184,0.4613629355534998,100.0,0.19477983077786964,0.19252983077786964,0.07135368176641482,0.75,0.5177304964539007,100.0,0.20875716674247613,0.20620716674247613,0.08759498931276652,0.8500000000000001,0.4281837804502004,100.0,0.18219827618069478,0.17979827618069477,0.07701876568087994,0.8,0.4991057662658033,100.0,0.19696180057518498,0.19471180057518497,0.0837593293483023,0.75
13,2016-03,46,0.027751114084171892,0.05618254702436015,50.0,0.006165379246731739,0.0036153792467317385,-0.0028749228910788125,0.8500000000000001,0.11637372802960222,70.0,0.02494005971787938,0.02239005971787938,0.016904862369694483,0.8500000000000001,0.10046253469010176,70.0,0.0033155689289174188,0.00046556892891741865,-0.0006719174525674321,0.95,0.07591736046870182,40.0,-0.010845136646466916,-0.013395136646466917,-0.011858837174148467,0.8500000000000001
14,2016-04,46,0.03881352735889965,0.17052112241751463,80.0,0.0544790790062218,0.0523790790062218,0.04209428964554479,0.7,0.20678384212149248,90.0,0.04958185766695949,0.04748185766695949,0.015481853906352191,0.7,0.08196114708603144,80.0,0.06384951190921526,0.06174951190921526,0.02903150013009126,0.7,0.16620413197656492,80.0,0.04823115585105236,0.04628115585105236,0.008507712480566067,0.6499999999999999
15,2016-05,46,0.0739034093557742,-0.14683934628430464,100.0,0.07986301964172483,0.07761301964172483,-0.018158108765988765,0.75,-0.07567067530064756,100.0,0.07837588598673058,0.07612588598673058,-0.004494100265413553,0.75,0.05704594511255011,100.0,0.08021982899780997,0.07781982899780997,0.012869538813719439,0.8,-0.09651557200123342,100.0,0.07834689268859688,0.07609689268859687,-0.011449341754172948,0.75
16,2016-06,46,0.07806144247902785,0.31248843663274745,100.0,0.15015891792506542,0.1477589179250654,0.07301657114018188,0.8,0.11255010792476103,90.0,0.12245347499547692,0.12005347499547692,0.025719671460177382,0.8,0.3033610854147394,100.0,0.15802065874404866,0.15577065874404866,0.06683189545110482,0.75,0.2561208757323466,100.0,0.15152780271427205,0.14912780271427203,0.05922942335576738,0.8
17,2016-07,46,0.027829868968168636,0.11538698735738515,80.0,0.048193033374473,0.046243033374473,0.009864947182263592,0.6499999999999999,0.1979031760715387,80.0,0.04803462544763517,0.04638462544763517,0.016951145948363305,0.55,0.16941103916127043,90.0,0.05163664410689398,0.05013664410689398,0.03175247523607673,0.5,0.15954363243909958,80.0,0.044028712366187536,0.04237871236618754,-0.010781962282034652,0.55
18,2016-08,46,0.0048497252552174444,0.01757631822386679,60.0,-0.0044376773911285,-0.006087677391128501,-0.024290412010454756,0.55,0.12648781991982733,70.0,0.03065882721289186,0.02870882721289186,0.01799009878073814,0.6499999999999999,0.26956521739130435,70.0,0.007544006789740649,0.00619400678974065,0.007046217995760153,0.44999999999999996,0.13080481036077704,70.0,0.01256407755633147,0.01091407755633147,0.022416537290258998,0.55
19,2016-09,46,-0.06212920469914317,0.11329016342892383,30.0,-0.05132890849686224,-0.05312890849686224,0.0033325383587130067,0.6,0.0646931853222325,30.0,-0.052538953093155524,-0.05433895309315553,-0.00047850637697353926,0.6,-0.08627813752698119,30.0,-0.05494382898209953,-0.05689382898209953,-0.029653518414636322,0.6499999999999999,0.044711686709836565,20.0,-0.06913842864183792,-0.07108842864183791,-0.003879124590432409,0.65
20,2016-10,46,-0.04738134087789096,-0.13672525439407954,20.0,-0.05016353491553251,-0.052263534915532504,0.010389745202396154,0.7,-0.12032069071847054,30.0,-0.04245508925797224,-0.04440508925797224,-0.023840469025503044,0.65,-0.07665741597286463,20.0,-0.046775359979409445,-0.048725359979409445,0.006023142773540643,0.65,-0.15892691951896393,20.0,-0.054959781805870724,-0.056909781805870724,-0.0379792226838839,0.65
21,2016-11,46,0.011307394585830128,0.09947579401788467,40.0,0.00309536598821212,0.00024536598821211977,0.015133943315502048,0.95,-0.05803268578476719,50.0,0.01795042296063155,0.01525042296063155,-0.005446075383806991,0.9,0.18199198273203823,60.0,0.02602880450542479,0.02332880450542479,0.0310902947006102,0.9,0.052975639839654635,40.0,0.0030953659882121203,0.00039536598821212016,-0.006638814236559151,0.9
22,2016-12,46,0.09639725514595693,0.37897008942337346,90.0,0.15145686540952627,0.14905686540952626,0.07581175226819155,0.8,0.4101757631822387,90.0,0.15361278713237,0.15151278713237,0.09115605522547635,0.7,0.4803576934936787,90.0,0.16561128550900545,0.16381128550900545,0.09359624614511909,0.6,0.39821153253160657,90.0,0.15361278713237003,0.15151278713237004,0.08496890101329131,0.7
23,2017-01,46,0.07058185897362441,0.09096515572001233,80.0,0.08018917733494764,0.07763917733494764,0.00835496327752877,0.8500000000000001,0.258341042244835,70.0,0.08222822641988138,0.08012822641988138,0.029398948286379616,0.7,0.08788159111933394,70.0,0.07840163951735005,0.07615163951735004,0.02796429244790747,0.75,0.13499845821769965,70.0,0.074794960380304,0.072394960380304,0.005022334546180521,0.8
24,2017-02,46,0.026559231565686233,-0.15362318840579708,70.0,0.016478414446302946,0.013928414446302946,-0.047354508056727966,0.8500000000000001,0.07961763798951586,70.0,0.03855195322660489,0.036301953226604886,-0.001760358977942529,0.75,0.15584335491828555,70.0,0.041350041097690526,0.039100041097690524,0.01277193540093205,0.75,0.02880049337033611,70.0,0.025445466950458472,0.023195466950458474,-0.014866845254088955,0.75
25,2017-03,46,0.04991115938728706,0.41153253160653713,100.0,0.08817052491016782,0.08562052491016782,0.07969674426203417,0.8500000000000001,0.44162812210915814,100.0,0.08688352989335282,0.08448352989335282,0.0884966876163673,0.8,0.5565834104224484,100.0,0.09947959869726561,0.09692959869726561,0.09458423005650715,0.8500000000000001,0.4968855997533148,100.0,0.09769400062211339,0.09529400062211339,0.09930715834512786,0.8
26,2017-04,46,0.026908187392228798,0.17915510329941411,70.0,0.04099329072117873,0.03934329072117873,0.030811975361826453,0.55,0.1706444650015418,70.0,0.027200002245642108,0.025700002245642107,0.009326550854673078,0.5,0.057169287696577246,60.0,0.02108143846561392,0.01988143846561392,-0.008144233568519389,0.4,0.16509404872032069,70.0,0.03753011324594133,0.03588011324594133,0.023865894565839187,0.55
27,2017-05,46,0.043131907757117775,0.27104532839962997,90.0,0.050166675660209346,0.04806667566020935,0.04057892035168757,0.7,0.267468393462843,80.0,0.05239988373869995,0.04999988373869995,0.02847361893616107,0.8,0.2726487819919827,90.0,0.06248690820690186,0.06038690820690186,0.04160951371098147,0.7,0.2764724020968239,80.0,0.04981828393681567,0.04756828393681567,0.030778525628183437,0.75
28,2017-06,46,0.04319178266430648,0.3160653715695344,100.0,0.12707698226304245,0.12512698226304245,0.1116846749195781,0.6499999999999999,0.27499229108849826,90.0,0.10228223218305355,0.10033223218305355,0.07384705280914228,0.6499999999999999,0.42053654024051795,90.0,0.10558619182239808,0.10363619182239808,0.10382522451946202,0.6499999999999999,0.32617946345975946,90.0,0.1065619863793698,0.1046119863793698,0.08249768895938908,0.6499999999999999
29,2017-07,46,0.03760352896014248,0.45112550107924765,80.0,0.09971640875093822,0.09761640875093822,0.11106147571579658,0.7,0.43940795559666973,80.0,0.08237267156461121,0.08042267156461122,0.09695707842804518,0.6499999999999999,0.4822078322540857,100.0,0.1284541039648049,0.12680410396480488,0.12997079915726897,0.55,0.48331791551032993,100.0,0.13017101652827534,0.12852101652827533,0.15168369255453196,0.55
30,2017-08,46,0.03890919417358605,0.14165895775516496,70.0,0.050690636621374886,0.047990636621374885,0.018967714362232047,0.9,0.12130743139068764,70.0,0.0376019094607474,0.0356519094607474,0.01514828875031506,0.6499999999999999,-0.1253777366635831,60.0,0.01837869913934419,0.01582869913934419,-0.020853165725008935,0.8500000000000001,0.051618871415356156,60.0,0.026390116128428683,0.023990116128428683,-0.0038251573017961116,0.8
31,2017-09,46,0.06272486628166032,-0.3131051495528831,60.0,0.037635376585414604,0.0365853765854146,-0.08916999651742075,0.35,-0.13647856922602528,70.0,0.07315497845994287,0.07180497845994287,-0.041523247270668945,0.45,-0.1417823003391921,70.0,0.07240515608861256,0.07120515608861255,-0.04197306964199923,0.4,-0.21147086031452358,60.0,0.04936952559931836,0.048169525599318364,-0.06829159900156113,0.4
32,2017-10,46,0.004518534577474025,-0.09602220166512487,40.0,0.013323000256569342,0.011073000256569342,-0.0040536785903992865,0.75,0.09602220166512487,50.0,0.02725838920670251,0.02515838920670251,0.030970296158920448,0.7,0.016096207215541166,50.0,0.039534513291387664,0.03743451329138767,0.04026934990236334,0.7,0.040764724020968236,50.0,0.051411403389919896,0.0493114033899199,0.05057416479384634,0.7
33,2017-11,46,0.049190279067096464,0.02522355843354918,80.0,0.04151418761779389,0.03971418761779389,-0.016386676528648683,0.6,0.1742213999383287,90.0,0.06462891960690358,0.06267891960690358,0.012876847282192745,0.6499999999999999,0.12587110699969162,80.0,0.05701953650360233,0.05566953650360233,0.012193021218780492,0.45,0.11834720937403638,80.0,0.0512969339420359,0.0496469339420359,0.005077336971251532,0.55
34,2017-12,46,-0.013171674882177133,-0.04705519580635214,30.0,-0.03395954428050805,-0.03590954428050805,-0.035643904235520364,0.6499999999999999,-0.12624113475177304,40.0,-0.030682688750312086,-0.03278268875031209,-0.03638392559723479,0.7,-0.3017576318223867,20.0,-0.051354370880171626,-0.052704370880171623,-0.07505159255372927,0.44999999999999996,-0.2050570459451125,20.0,-0.05677993483406842,-0.05842993483406842,-0.07245572463967265,0.55
35,2018-01,46,-0.049574301770367785,-0.10835646006783842,20.0,-0.0672757490300602,-0.0693757490300602,-0.006813488328259398,0.7,0.026703669441874803,30.0,-0.04257828711520363,-0.04422828711520363,-0.010557532881840755,0.55,-0.11131668208448967,30.0,-0.0540467096086096,-0.0556967096086096,-0.02427798386858799,0.55,-0.08048103607770582,30.0,-0.04257828711520363,-0.044378287115203634,-0.0006556037194897085,0.6
36,2018-02,46,0.01970048087999154,-0.00018501387604070305,50.0,0.01940934656345151,0.017909346563451507,-0.026961769818815193,0.5,0.15806352143077398,60.0,0.02389389443102846,0.02224389443102846,0.0117258024172797,0.55,0.05642923219241443,50.0,0.023611789645214327,0.022411789645214328,0.008935929446429368,0.4,0.08751156336725255,50.0,0.013249973875256,0.011749973875256,-0.025599434860089598,0.5
37,2018-03,46,0.05595792635071558,-0.11785383903792784,80.0,0.04392877995470603,0.04167877995470603,-0.005322473796258019,0.75,0.024360160345359236,80.0,0.046422382743554313,0.044322382743554316,0.007909003764506595,0.7,-0.04705519580635214,80.0,0.042535781638967395,0.04028578163896739,-0.008270609036227297,0.75,-0.04335491828553808,80.0,0.043075334559946984,0.04097533455994699,0.004561955580899266,0.7
38,2018-04,46,0.001660216552271592,0.09330866481652789,50.0,0.017220696320069038,0.014820696320069039,0.0259937419127366,0.8,0.22503854455750846,60.0,0.029414856189614296,0.027314856189614295,0.05752136727653426,0.7,0.14030218933086647,70.0,0.031318471748575084,0.029068471748575082,0.039030439189213464,0.75,0.18199198273203823,50.0,0.01722069632006904,0.014970696320069041,0.03379244203082281,0.75
39,2018-05,46,0.015806357251170338,-0.08011100832562441,50.0,0.036013208383316196,0.033763208383316194,-0.0234068894866419,0.75,-0.19679309281529445,40.0,0.013794178471497432,0.011694178471497433,-0.0647238692233253,0.7,-0.15386987357385137,40.0,0.01690795542832684,0.014807955428326842,-0.02753311435984128,0.7,-0.13105149552883133,40.0,0.016907955428326838,0.014807955428326839,-0.06161009226649591,0.7
40,2018-06,46,0.05144235066671429,-0.10527289546716004,80.0,0.04173720414385373,0.03963720414385373,-0.019084625876953316,0.7,-0.022756706753006475,80.0,0.04234196300518199,0.03979196300518199,-0.007029581786174313,0.8500000000000001,0.04693185322232501,70.0,0.04447604397797157,0.042376043977971574,0.008213330488755867,0.7,-0.04520505704594511,80.0,0.0373289087965874,0.0350789087965874,-0.0178593269344268,0.75
41,2018-07,46,0.045823698344993016,-0.04138143694110392,60.0,0.05559438411107457,0.05394438411107457,-0.004861006342650832,0.55,-0.21356768424298492,50.0,0.03509178014903402,0.03314178014903402,-0.01864872652897511,0.6499999999999999,-0.2690718470551958,30.0,0.015178007445848801,0.013978007445848801,-0.04511025494342791,0.4,-0.15559666975023126,60.0,0.06188090427847046,0.060230904278470464,0.0014255138247450602,0.55
42,2018-08,46,-0.10197246995370846,-0.2499537465309898,0.0,-0.12304416590863092,-0.12484416590863091,-0.053324899484816696,0.6,-0.2245451742213999,0.0,-0.12819049737721294,-0.13014049737721295,-0.03896341971343477,0.6499999999999999,-0.2694418748072772,0.0,-0.10884710969400044,-0.11094710969400044,-0.04673520130509565,0.7,-0.2721554116558742,0.0,-0.12928640075092473,-0.13108640075092473,-0.05304600062079609,0.6
43,2018-09,46,-0.02434058374820182,0.37354301572617943,70.0,0.0280674195615589,0.025817419561558898,0.10945695538192843,0.75,0.4144927536231884,60.0,0.024008078335578727,0.022058078335578726,0.10667739069707666,0.6499999999999999,0.48023435090965155,70.0,0.0343310023274159,0.032531002327415896,0.13679838378538475,0.6000000000000001,0.4584027135368485,60.0,0.02620127191597415,0.02425127191597415,0.13292465089469768,0.6499999999999999
44,2018-10,46,0.04470207677727112,0.14671600370027751,80.0,0.044257700544850745,0.041557700544850744,0.03927143539969748,0.9,0.09614554424915202,90.0,0.08539368719846745,0.08344368719846745,0.03338028531382407,0.6499999999999999,0.21332099907493063,80.0,0.04861760695564703,0.04621760695564703,0.018793624538086137,0.8,0.18026518655565835,80.0,0.04178446198378312,0.03923446198378312,0.027354464282499713,0.8500000000000001
45,2018-11,46,-0.01676187361277861,0.12981806968855997,50.0,-0.012376622494282662,-0.014176622494282662,0.025973947568975538,0.6,-0.15929694727104532,50.0,-0.01033746211396381,-0.01228746211396381,-0.00783382278403614,0.65,0.06728337958680235,50.0,-0.01006236934379316,-0.01171236934379316,0.0011816734389017997,0.55,-0.007215541165587419,40.0,-0.02449466753189309,-0.02644466753189309,-0.02180684392015416,0.65
46,2018-12,46,-0.020511882559838365,0.25883441258094353,40.0,0.02665727912301203,0.02470727912301203,0.06014413259241853,0.6499999999999999,0.42288004933703366,50.0,0.041878534513865105,0.03977853451386511,0.12463501873580388,0.7,0.37699660807893925,60.0,0.03559840532300272,0.03364840532300272,0.10677295625808411,0.6499999999999999,0.3802035152636447,50.0,0.02781835567314489,0.02601835567314489,0.0858467798902006,0.6
47,2019-01,46,0.06316405460995868,-0.06777674992291088,70.0,0.03920299890383429,0.037402998903834285,-0.03666709680824374,0.6,-0.07628738822078322,80.0,0.06189936264621136,0.05994936264621136,-0.022147672563745384,0.6499999999999999,-0.16139377119950662,60.0,0.03134630742674892,0.02969630742674892,-0.06237758684828673,0.55,-0.0856614246068455,70.0,0.03420005225138569,0.03240005225138569,-0.04237282533619803,0.6
48,2019-02,46,0.0885019672340586,-0.21073080481036077,80.0,0.06658016536882712,0.06493016536882712,-0.051216425063770665,0.55,-0.12414431082331175,100.0,0.08279239543915716,0.08129239543915716,-0.02248662066768696,0.5,-0.11958063521430773,100.0,0.0882959431179903,0.0864959431179903,-0.019753968269186573,0.6,-0.16324390995991364,90.0,0.07925344762575334,0.07775344762575334,-0.025597305571396792,0.5
49,2019-03,46,-0.00919286707045328,0.18914585260561206,50.0,-1.2937960372289003e-05,-0.0021129379603722887,0.0004624194274566746,0.7,0.02966389145852606,40.0,-0.01266862677951477,-0.014768626779514769,-0.015108153089075647,0.7,0.14622263336416896,60.0,0.01200559723606944,0.01020559723606944,0.034430377592883914,0.6,0.15362318840579708,40.0,-0.01836208586959967,-0.020612085869599672,-0.002098188870097946,0.75
50,2019-04,46,0.017745677792411162,0.016342892383595434,60.0,0.02351765950426311,0.02111765950426311,-0.017142333030317997,0.8,0.06975023126734504,70.0,0.058328922127559815,0.05622892212755982,0.016111249615383925,0.7,0.23576934936786928,80.0,0.06791650786548506,0.06596650786548507,0.04801316757607349,0.6499999999999999,0.08553808202281836,80.0,0.07238277313342763,0.07043277313342763,0.04172680961031219,0.6499999999999999
51,2019-05,46,-0.027603759912222477,-0.21221091581868637,20.0,-0.053008107107944104,-0.0546581071079441,-0.04332380758235281,0.55,-0.07579401788467467,20.0,-0.040922586441368466,-0.04242258644136847,-0.019594541919436027,0.5,-0.0385445575084798,30.0,-0.03863806043324501,-0.04013806043324501,-0.02006984454778075,0.5,-0.10921985815602836,20.0,-0.039288199072672475,-0.040788199072672476,-0.034547471456797416,0.5
52,2019-06,46,-0.06157960713687418,0.15399321615787853,40.0,-0.038172774648924025,-0.040572774648924025,0.07444340468174213,0.8,0.030650632130743136,40.0,-0.05717512088033429,-0.059725120880334284,0.012995331168937405,0.8500000000000001,0.20826395312981807,40.0,-0.04738746603962225,-0.04993746603962225,0.05869744250787043,0.8500000000000001,0.12254085723095899,40.0,-0.0509159816744774,-0.0531659816744774,0.05219018083012538,0.75
53,2019-07,46,-0.011131901841812243,0.2511871723712612,70.0,0.025322420842727872,0.02277242084272787,0.043036022673902066,0.8500000000000001,0.30348442799876657,70.0,0.01919173932697759,0.01649173932697759,0.05023925413217677,0.9,0.22565525747764414,70.0,0.03284958159844584,0.030299581598445837,0.03991248714122016,0.8500000000000001,0.2913968547641073,70.0,0.031027073262569434,0.028477073262569434,0.029846293399747155,0.8500000000000001
54,2019-08,47,0.06469276928177602,0.2708140610545791,70.0,0.07194080338140128,0.06954080338140128,0.0311441129466965,0.8,0.39350138760407033,100.0,0.12697286165692456,0.12472286165692456,0.0901999208306346,0.75,0.3882978723404255,100.0,0.11991333730093309,0.11766333730093309,0.08772594702868078,0.75,0.3504856614246068,90.0,0.10924045766433446,0.10714045766433446,0.06372937519231925,0.7
55,2019-09,48,0.03158661489390182,0.09476769431176725,80.0,0.02236384801446715,0.020113848014467146,-0.017305959906255004,0.75,0.13124185844550587,80.0,0.0372785050904329,0.0351785050904329,0.021194182468301785,0.7,0.08977420755536257,60.0,0.017888336693879747,0.015638336693879748,-0.003150571115037519,0.75,0.11137646547980894,70.0,0.037084655388286904,0.034984655388286906,-0.0022851525324352404,0.7
56,2019-10,48,-0.003131533924763128,0.11647850629613546,60.0,-0.0022311869876095515,-0.004481186987609551,-0.0008357692680254413,0.75,0.11626139817629179,70.0,0.04772302859738542,0.04517302859738542,0.037171339181792676,0.85,0.13178462874511507,80.0,0.03787758272518972,0.03547758272518972,0.02232123705178689,0.8,0.1739036039947894,80.0,0.05350116010754813,0.05110116010754813,0.05573422813606005,0.8
57,2019-11,48,0.024467716648444094,0.07175423360833695,80.0,0.03912054954509865,0.03687054954509865,0.009923145458970321,0.75,0.13080764220581848,90.0,0.04332451531781027,0.04092451531781027,0.019860700112000182,0.8,0.05753365175857577,80.0,0.04016968920799522,0.03776968920799522,-0.00029303041396220447,0.8,0.09107685627442465,80.0,0.0407892308070424,0.0383892308070424,0.015405567209756103,0.8
58,2019-12,48,0.01365849363359084,0.3335866261398176,70.0,0.0561208663566487,0.0544708663566487,0.08602414092465337,0.55,0.27865827181936603,30.0,-0.0014779993458665494,-0.0031279993458665496,0.03525426700289714,0.55,0.34020842379504995,60.0,0.020239449920098816,0.019039449920098817,0.06526290579795949,0.4,0.33619192357794186,50.0,0.027965737160417427,0.026465737160417425,0.07419491333508332,0.5
59,2020-01,48,-0.16252939863756308,0.4375814155449414,0.0,-0.13955087427480145,-0.14195087427480146,0.04020093951043224,0.8,0.542336083369518,0.0,-0.13485944910777295,-0.13710944910777295,0.05715733419139066,0.75,0.4443117672600955,0.0,-0.1487279737608958,-0.1509779737608958,0.02821528067978138,0.75,0.5054277029960921,0.0,-0.1384124052650037,-0.14081240526500372,0.05254150876291122,0.8
60,2020-02,37,-0.08041078776362878,-0.11925082977714554,20.0,-0.08101459936949743,-0.08326459936949743,-0.023512268278316942,0.75,-0.0825035561877667,30.0,-0.05673556738167777,-0.05883556738167777,0.011392110947478794,0.7,-0.08084400189663347,30.0,-0.05642798327026061,-0.058827983270260606,0.020710198273232477,0.8,-0.07871028923660502,30.0,-0.04955042890528712,-0.05180042890528712,0.03265890408516593,0.75
61,2020-03,46,0.07903240386576653,0.01227258711069997,70.0,0.09012928880498625,0.08787928880498624,0.029449928754982375,0.75,-0.09972247918593895,50.0,0.010469287667980848,0.008369287667980849,-0.04525950680847236,0.7,-0.07123034227567068,60.0,0.05453648442954136,0.052286484429541355,0.029387060240686075,0.75,-0.05124884366327475,50.0,0.01900898211427149,0.016908982114271488,-0.04137037793573238,0.7
62,2020-04,48,0.02624483667229857,-0.1191923577941815,60.0,0.009955672246809983,0.0074056722468099825,-0.016839665192894968,0.85,-0.23382544507164568,60.0,0.02901085367574078,0.02661085367574078,-0.03490402170386419,0.8,-0.1508901432913591,60.0,0.01027082814586161,0.00757082814586161,-0.021254095208952904,0.9,-0.1849761181068172,60.0,0.01470610725833971,0.01200610725833971,-0.024062788222309017,0.9
63,2020-05,48,0.08868301809929331,0.40848892748588794,100.0,0.1475732873370084,0.14487328733700838,0.132306130685113,0.9,0.32794181502388187,100.0,0.1297714566222889,0.12737145662228888,0.0742293023483458,0.8,0.2851715154146765,100.0,0.1004526629283976,0.0976026629283976,0.04501909433550113,0.95,0.35692574902301344,100.0,0.1333665219368751,0.13066652193687509,0.09310671731852302,0.9
64,2020-06,48,0.11312846695387242,-0.09151107251411203,90.0,0.07838191127839784,0.07598191127839785,-0.07127177472568991,0.8,-0.13949196699956576,90.0,0.10035002845594616,0.09810002845594616,-0.022467263812537455,0.75,-0.06545809813287017,90.0,0.07222061011929956,0.07012061011929956,-0.019195830247923734,0.7,-0.11984368215371255,90.0,0.08165858849132225,0.07940858849132225,-0.02859857282999871,0.75
65,2020-07,47,0.04208917643195067,0.09794172062904717,70.0,0.06176776629862416,0.05936776629862416,0.02339116190626924,0.8,0.1948427382053654,70.0,0.06588388773771504,0.06363388773771504,0.028245025235657376,0.75,0.0971322849213691,80.0,0.07067777561367936,0.06842777561367935,0.005564211938582045,0.75,0.14003237742830713,80.0,0.07067777561367936,0.06842777561367935,0.03594442521311376,0.75
66,2020-08,48,0.021036632980354977,-0.037234042553191495,30.0,0.003508187433058741,0.0009581874330587409,-0.019982545608426442,0.8500000000000001,0.09042553191489362,40.0,0.024302890441771075,0.021452890441771073,0.011468461176029994,0.95,-0.07935301780286583,50.0,0.005135207826958808,0.002435207826958808,-0.011361813902348639,0.9,-0.003690838037342596,40.0,0.010491493694608051,0.007791493694608051,0.006043876312592829,0.9
67,2020-09,48,0.09982544977810738,0.06860616587060356,90.0,0.10669673218388018,0.10459673218388017,0.013850533658032932,0.7,0.09259661311333044,90.0,0.09284743382629755,0.09074743382629755,0.0048290879518447655,0.7,0.11930091185410333,100.0,0.14413732112807842,0.14158732112807842,0.07451177193461875,0.8500000000000001,0.11799826313504125,90.0,0.09788652261203609,0.09563652261203609,0.02131022961709779,0.75
68,2020-10,48,0.16130628800776356,-0.3296786799826314,100.0,0.11765197462633317,0.11480197462633317,-0.08646918728113977,0.95,-0.3068823273990447,100.0,0.12641999338712112,0.12371999338712113,-0.09556925917027322,0.9,-0.22318714719930524,100.0,0.14997953436973674,0.14727953436973673,-0.0915478005328276,0.9,-0.3110073816760747,100.0,0.12450544163431894,0.12165544163431893,-0.11647054238490656,0.95
69,2020-11,48,0.13635345320109798,-0.2418584455058619,100.0,0.11710966970689411,0.11485966970689411,-0.060135856888564945,0.75,-0.0737082066869301,100.0,0.12153856787880449,0.1188385678788045,-0.04272444150854422,0.9,-0.17792010421189755,100.0,0.12025908309213913,0.11815908309213913,-0.04276048226451712,0.7,-0.17010421189752498,100.0,0.11710966970689411,0.11500966970689411,-0.0538707668130988,0.7
70,2020-12,48,0.08289934599043101,0.0219279201042119,70.0,0.07528508000100233,0.07273508000100233,0.018232537717242855,0.8500000000000001,-0.15295267042987407,80.0,0.07157770140601104,0.06902770140601104,-0.048274442563491574,0.8500000000000001,0.14893617021276598,70.0,0.07527916535293609,0.0725791653529361,0.0013819886366766981,0.9,-0.0024967433782023445,80.0,0.08879292992476066,0.08609292992476067,0.01747220276552512,0.9
71,2021-01,48,0.10588456513481188,-0.00803300043421624,90.0,0.1082201395244898,0.1059701395244898,-0.008274281697862984,0.75,0.0407077724706904,90.0,0.12554964139166663,0.12359964139166664,-0.00535421430602144,0.6499999999999999,-0.12733391228831958,80.0,0.07562545091260722,0.07367545091260723,-0.07715509992500315,0.6499999999999999,-0.007273122014763352,90.0,0.11127684903654811,0.1091768490365481,-0.0156718283260725,0.7
72,2021-02,48,0.026544684760654552,-0.04472427268779853,80.0,0.04149108828207675,0.039391088282076756,-0.018775157632263326,0.7,0.010529743812418585,80.0,0.05204366644677366,0.04964366644677366,-0.026520016193692708,0.8,-0.029852366478506292,60.0,0.019383160720644842,0.017133160720644844,-0.019098013644449338,0.75,-0.014654798089448546,80.0,0.056760339644349886,0.054360339644349887,-0.007521098552554603,0.8
73,2021-03,47,0.05389105644381507,0.3053885291396855,80.0,0.08087410056279501,0.078774100562795,0.04399906037387985,0.7,0.3400786308973173,80.0,0.08604215725778072,0.08349215725778072,0.0654463084861376,0.85,0.13748843663274746,70.0,0.044608469400006845,0.042658469400006845,-0.017196924599955074,0.6499999999999999,0.3097826086956522,80.0,0.08360291002056101,0.08135291002056101,0.04080660364122923,0.75
74,2021-04,48,0.09320224705704565,-0.004776378636561007,100.0,0.07232458873004446,0.06977458873004447,-0.017963064840122125,0.8500000000000001,0.020516717325227963,100.0,0.08373343812272782,0.08133343812272782,-0.009255851711947885,0.8,-0.03603994789405124,100.0,0.07850375593074008,0.07580375593074008,-0.02872924517748493,0.9,-0.019322622666087714,100.0,0.08317912034504724,0.08047912034504724,-0.007408533225119349,0.9
75,2021-05,48,0.02383085623065369,0.21146330872774644,80.0,0.0424451648695315,0.0401951648695315,0.011621163963910774,0.75,0.21189752496743378,80.0,0.03131507293592904,0.028915072935929043,0.009360019387975864,0.8,0.26302648719062094,70.0,0.023242265216828466,0.020692265216828466,0.018553274416194365,0.85,0.24782891880156319,80.0,0.03872539480881559,0.03632539480881559,0.03156900323294411,0.8
76,2021-06,48,0.0448156786773491,0.2206904038211029,90.0,0.05618833327095003,0.053788333270950034,0.032119638931610406,0.8,0.14752496743378202,80.0,0.04916427351406023,0.047064273514060236,0.013577535869751758,0.7,0.2517368649587495,90.0,0.06648919336601603,0.06438919336601602,0.06677333722609903,0.7,0.2260095527572731,90.0,0.05618833327095003,0.05393833327095003,0.034097710212541564,0.75
77,2021-07,48,0.09334485065522007,-0.0022796352583586625,90.0,0.0884893984614881,0.0865393984614881,-0.01960514561616057,0.6499999999999999,-0.022036474164133738,90.0,0.09086000487397974,0.08906000487397975,-0.02575128997780754,0.6,-0.0026052974381241857,90.0,0.0918215409022739,0.08987154090227391,0.0004626370433193222,0.6499999999999999,-0.011506730351715153,90.0,0.07948535004708497,0.07768535004708498,-0.004781269996376444,0.6
78,2021-08,48,0.06379722329183862,0.06567520625271385,80.0,0.05601618060404632,0.05391618060404632,-0.011461000943521774,0.7,0.2372991749891446,90.0,0.13815187123816983,0.13560187123816983,0.08932680250730728,0.8500000000000001,0.005210594876248371,50.0,0.017911080738773625,0.015811080738773624,-0.052118930488869765,0.7,0.11474164133738603,70.0,0.06535144438631044,0.06310144438631043,0.0059684462192573645,0.75
79,2021-09,48,0.018337915529188575,0.3754884932696482,80.0,0.06469948560973625,0.06259948560973624,0.059973297988819736,0.7,0.24120712114633086,80.0,0.06339673098207695,0.061446730982076946,0.061410679367685454,0.6499999999999999,0.3325010855405992,90.0,0.06721292459502413,0.06511292459502413,0.07120426897857456,0.7,0.31437255753365173,80.0,0.06469948560973623,0.06259948560973623,0.06322821656453251,0.7
80,2021-10,48,-0.011144060013276514,0.1593573599652627,60.0,0.01910744545697957,0.01685744545697957,0.04328130930857463,0.75,0.14394268345636127,50.0,0.0059267087826938986,0.003976708782693899,0.05335027997627958,0.6499999999999999,0.13384715588363005,60.0,0.012350454758338684,0.010250454758338684,0.06016455435224966,0.7,0.1416630481980026,50.0,0.011102700575721935,0.009002700575721936,0.06335399030152473,0.7
81,2021-11,48,0.06367079001939607,0.07859313938341293,80.0,0.06709596637501931,0.06454596637501932,-0.003073636890705722,0.8500000000000001,0.030829353017802867,80.0,0.059069266515777284,0.056669266515777285,-0.003062326066826465,0.8,0.11778115501519756,80.0,0.05798091248175968,0.05573091248175968,-0.0020724040860883516,0.75,0.10508033000434215,80.0,0.0669596176213418,0.0645596176213418,-0.003733015775702217,0.8
82,2021-12,48,-0.020239106431845025,0.3151324359531046,40.0,0.009004282548854237,0.006604282548854237,0.09706926863275277,0.8,0.21157186278766824,40.0,0.0025325302142544482,0.00043253021425444836,0.07266099641057022,0.7,0.3024316109422492,40.0,0.009878343533248513,0.007628343533248512,0.07521965281702231,0.75,0.2914676508901433,40.0,0.007135850656813709,0.004735850656813709,0.08973100393056666,0.8
83,2022-01,48,-0.026983717453787876,0.25890143291359097,60.0,-0.001349275627129031,-0.0037492756271290313,0.02338706383499363,0.8,0.18703864524533215,70.0,0.01487011348108056,0.01232011348108056,0.04555172769832298,0.8500000000000001,0.4622231871471993,80.0,0.04081085486676381,0.038110854866763806,0.11416061444368106,0.9,0.29580981328701694,70.0,0.014087252980937779,0.011537252980937778,0.03852359244306044,0.8500000000000001
84,2022-02,48,0.05288138205352481,0.18345636126791143,70.0,0.046816582482516446,0.044416582482516447,0.026662064882786086,0.8,0.15479808944854537,90.0,0.07230930712151307,0.07035930712151307,0.034844202038999045,0.6499999999999999,0.30405992184107683,90.0,0.10155234558635469,0.0997523455863547,0.08039879649238613,0.6,0.21330872774641768,80.0,0.07413300851011648,0.07203300851011647,0.05134491021664997,0.7
85,2022-03,48,-0.04512082195828996,-0.006296135475466783,30.0,-0.04954048905131698,-0.05194048905131698,-0.003047323393459235,0.8,-0.050694745983499774,40.0,-0.033235280786806584,-0.035485280786806586,-0.005427900658171052,0.75,-0.041467650890143294,30.0,-0.045284402580505576,-0.047684402580505575,0.007002103067312422,0.8,-0.010095527572731218,40.0,-0.03898373166904595,-0.04153373166904595,0.010625478912730316,0.8500000000000001
86,2022-04,48,-0.08197144077324757,-0.22752930959617887,10.0,-0.10831227199283786,-0.11101227199283785,-0.06989648941505977,0.9,-0.0449413808076422,20.0,-0.07395482967419266,-0.07665482967419265,0.010352940234286595,0.9,-0.2567303517151541,10.0,-0.12902830616020886,-0.13142830616020887,-0.07153250891907206,0.8,-0.1580547112462006,10.0,-0.09825687099519745,-0.10095687099519744,-0.036666871233544784,0.9
87,2022-05,48,-0.0302223699998822,-0.4053408597481546,30.0,-0.05619229452815614,-0.05889229452815614,-0.07430631670819834,0.9,-0.4463742943986105,30.0,-0.06797456663987031,-0.0705245666398703,-0.08520124734080045,0.8500000000000001,-0.41424229266174556,30.0,-0.04619412867706442,-0.04859412867706442,-0.07349343313139006,0.8,-0.45082501085540594,20.0,-0.06540001761960235,-0.06810001761960234,-0.0945176188612332,0.9
88,2022-06,48,0.13481982518962354,0.40838037342596617,100.0,0.18281097558311227,0.18071097558311228,0.09743671674172617,0.7,0.3764654798089449,100.0,0.1829413796144827,0.1806913796144827,0.09963409377422407,0.75,0.38699522362136346,100.0,0.19857552701617026,0.19647552701617027,0.08139650096176373,0.7,0.4306339557099435,100.0,0.1829413796144827,0.1806913796144827,0.09963409377422407,0.75
89,2022-07,48,0.0617408165014652,0.22926617455492834,80.0,0.057341119278560684,0.055391119278560684,0.028054181813427247,0.6499999999999999,0.07598784194528875,70.0,0.04214363990689145,0.04004363990689145,-0.000110703536937172,0.7,0.2989578810247503,80.0,0.08157691065666316,0.07947691065666315,0.052318439700538066,0.7,0.17770299609205384,80.0,0.050714944439836075,0.04861494443983608,0.00398783448859414,0.7
90,2022-08,48,-0.03316475999166083,0.05905340859748154,20.0,-0.028404492517344178,-0.030354492517344178,0.005471493723520286,0.6499999999999999,0.17086409031697786,10.0,-0.04659526001260518,-0.04884526001260518,-0.004173375179404928,0.75,-0.022036474164133738,20.0,-0.04096496011230513,-0.04261496011230513,-0.00546595367454053,0.55,0.09379070777247069,20.0,-0.03536540094624291,-0.037465400946242906,0.006322796781866778,0.7
91,2022-09,48,0.05519316447253527,0.44941380807642206,100.0,0.0956724453393767,0.09372244533937671,0.05625164390790425,0.6499999999999999,0.33923143725575333,100.0,0.08762295760569452,0.08522295760569452,0.0861798483894089,0.8,0.4560356057316543,100.0,0.1070308560218283,0.1050808560218283,0.07899544423058326,0.6499999999999999,0.42433782023447675,100.0,0.09731594460918407,0.09506594460918406,0.0747267288034113,0.75
92,2022-10,48,0.02595451794312825,-0.014654798089448546,70.0,0.03488363028497731,0.03263363028497731,0.00192421379689027,0.75,0.0900998697351281,70.0,0.038832940196712684,0.036432940196712685,-0.0028687308270132356,0.8,0.15664350846721667,70.0,0.0396532800622291,0.0374032800622291,0.002188312416144582,0.75,0.06741207121146331,70.0,0.03883294019671268,0.03643294019671268,0.0008574754611605229,0.8
93,2022-11,48,-0.03605982917296386,0.04374728614850194,20.0,-0.02843830882350611,-0.03083830882350611,-0.002311676064029551,0.8,0.013026487190620929,30.0,-0.017211570870856587,-0.019461570870856586,0.007020970328575564,0.75,-0.0039079461571862786,30.0,-0.01946000056470657,-0.021560000564706572,0.007188596033714845,0.7,0.037125488493269646,20.0,-0.0299118222366491,-0.0321618222366491,-0.005679281037216953,0.75
94,2022-12,48,-0.01642910403922165,-0.17260095527572733,40.0,-0.0407356994893341,-0.0428356994893341,-0.06211970226941428,0.7,-0.07121146330872774,50.0,-0.02117245221346326,-0.02372245221346326,-0.00688534055936137,0.8500000000000001,-0.07620495006513242,50.0,-0.029305128528948465,-0.031405128528948466,-0.028229339368249815,0.7,-0.1607685627442466,50.0,-0.029579394536666463,-0.03167939453666646,-0.05549519030092874,0.7
95,2023-01,48,-0.033516695224209365,0.25271385149804604,40.0,-0.015894711031141963,-0.018144711031141965,0.03174944657502965,0.75,0.34433347807207987,30.0,-0.02524968103609616,-0.02764968103609616,0.04198708309733014,0.8,0.21526270082501084,50.0,-0.01135022467980571,-0.01345022467980571,0.0286428942009326,0.7,0.29461571862787667,40.0,-0.01783126708969644,-0.01993126708969644,0.030231042041043946,0.7
96,2023-02,48,0.03284191139883252,0.12668258792878853,100.0,0.04969920843775206,0.047449208437752056,0.014352744958870359,0.75,0.1924663482414242,90.0,0.04897776979784331,0.04657776979784331,0.01550018899393638,0.8,0.3084020842379505,100.0,0.0599884811109477,0.0575884811109477,0.016739433956823264,0.8,0.20201910551454622,100.0,0.058498569425607425,0.05624856942560742,0.027594864125088936,0.75
97,2023-03,48,0.056353547300190855,0.023664785062961352,70.0,0.061428958894971,0.059028958894971,-0.0044378137592248415,0.8,-0.05905340859748154,70.0,0.06048410910612142,0.057934109106121415,-0.004571741547767599,0.8500000000000001,0.15175857577073382,70.0,0.07002192045476685,0.06747192045476685,0.021781813843973624,0.8500000000000001,0.04537559704732957,70.0,0.05460764947312728,0.052507649473127284,-0.0011389071086944577,0.7
98,2023-04,48,0.04910511340458915,0.12993920972644377,80.0,0.06789391744219293,0.06609391744219294,0.043056105121889225,0.6,0.07696482848458532,70.0,0.05976468417246957,0.05781468417246957,0.028755338483752294,0.6499999999999999,0.021710811984368215,70.0,0.04454838256066283,0.04274838256066283,0.013628942525173143,0.6,0.07653061224489796,80.0,0.06578397043538253,0.06383397043538254,0.04471284891266186,0.6499999999999999
99,2023-05,48,0.053312810638751845,0.018454190186712984,90.0,0.05132458563583957,0.048624585635839566,-0.01849984622391803,0.9,0.08108988276161529,90.0,0.06877424352274439,0.06652424352274439,0.009836498483233376,0.75,0.07967867998263135,90.0,0.06651067291533695,0.06411067291533695,-0.00016100142870914547,0.8,0.07392531480677378,90.0,0.0655385766229554,0.0631385766229554,-0.0013714964543575237,0.8
100,2023-06,48,0.018794988787675663,0.2027789839339991,60.0,0.04211858796960187,0.03941858796960187,0.03368056109563814,0.9,0.17325227963525838,50.0,0.028827322551833335,0.026577322551833336,0.0016995427914290318,0.75,0.20256187581415544,80.0,0.06161017211176748,0.05891017211176748,0.041570583050316384,0.9,0.18171949630916195,60.0,0.038288828195748734,0.03573882819574874,0.017563033782658957,0.8500000000000001
101,2023-07,48,0.024714410292252558,0.41239687364307426,90.0,0.07555683331425633,0.07330683331425633,0.07588802964376538,0.75,0.385909683022145,90.0,0.07704674875573017,0.07509674875573018,0.07507307017635526,0.6499999999999999,0.3378202344767694,80.0,0.062393758374686935,0.060443758374686934,0.05061165641360657,0.65,0.3897090751194094,80.0,0.06218029501214434,0.060380295012144335,0.05630449869300125,0.6
102,2023-08,48,0.04416201251382967,0.062418584455058615,80.0,0.060958388821053,0.058708388821053,0.03803043281161726,0.75,0.07761615284411637,80.0,0.0611498897108677,0.0590498897108677,0.022691399667797443,0.7,0.1252713851498046,80.0,0.045724875790127725,0.04362487579012773,0.021180167291168093,0.7,0.09748154580981327,80.0,0.06095838882105299,0.05870838882105299,0.038765696912233985,0.75
103,2023-09,48,0.01744789502645411,0.056556665219279205,50.0,0.01904704712032857,0.01709704712032857,0.0065960337614021786,0.6499999999999999,0.09129396439426833,50.0,0.016579352663217133,0.014629352663217132,0.014091511226928043,0.6499999999999999,0.13341293964394269,60.0,0.02341058491316505,0.021310584913165048,0.008296211658205179,0.7,0.09172818063395571,50.0,0.01657935266321713,0.01447935266321713,0.0038283393042907385,0.7
104,2023-10,48,0.11985943545175476,0.3739687364307425,100.0,0.1268092092822987,0.1248592092822987,0.05405485204108122,0.6499999999999999,0.15762049500651323,100.0,0.1181371684874751,0.11618716848747511,-0.0009070946381403155,0.6499999999999999,0.27431610942249235,100.0,0.1324967026125306,0.1308467026125306,0.04937480442018187,0.55,0.31111593573599655,100.0,0.12762898705307396,0.12567898705307395,0.02590796686953034,0.6499999999999999
105,2023-11,48,0.07783578275759163,-0.1271168041684759,80.0,0.045084341645025575,0.04283434164502557,-0.03184159759270805,0.75,-0.093573599652627,90.0,0.07269266357986962,0.07044266357986961,-0.011529773382086397,0.75,-0.12570560138949197,100.0,0.08123675238161526,0.07928675238161527,-0.001408188935551516,0.65,-0.11745549283543204,80.0,0.04624685032845323,0.04414685032845323,-0.038441888448913684,0.7
106,2023-12,48,0.023821196647081395,0.3318497611810681,50.0,0.04618652117083893,0.043936521170838926,0.09314009928566822,0.75,0.18095961788970907,50.0,0.0551878109417409,0.0526378109417409,0.08844629266433437,0.8500000000000001,0.1525184541901867,30.0,-0.005433673805621162,-0.007533673805621161,-0.0028980789207297443,0.7,0.2767042987407729,50.0,0.04949310729525912,0.04709310729525912,0.09614668541008842,0.8
107,2024-01,48,0.020231361037889688,0.10844550586191924,50.0,0.020772203897049788,0.019422203897049788,0.035244373411647996,0.45,0.10725141120277899,40.0,0.007945671659647383,0.006595671659647383,0.018275450843010743,0.45,0.0679548415110725,50.0,0.02785486103204553,0.026204861032045532,0.03492420816229042,0.55,0.09900130264871905,40.0,0.010828569871605843,0.009628569871605843,0.03732676124686518,0.4
108,2024-02,48,0.002519793616983051,0.18823273990447245,70.0,0.04139462109213752,0.03974462109213752,0.06506885845612928,0.55,0.10573165436387322,60.0,0.007475907857726702,0.005675907857726701,0.00905417272169591,0.6,0.2454407294832827,70.0,0.048162906182637646,0.04636290618263764,0.06741346940528176,0.6,0.2026704298740773,80.0,0.049925349611298464,0.04812534961129846,0.06326012735137261,0.6
109,2024-03,48,0.0077346349242125535,0.0023881893182805037,40.0,-0.012351097986570834,-0.014301097986570834,0.004517189671203025,0.65,0.14415979157620495,80.0,0.0563061107617426,0.0546561107617426,0.026274851787035435,0.55,0.22275293095961787,80.0,0.049940744472047494,0.04844074447204749,0.04859432425873901,0.5,0.14926183239253146,80.0,0.03860389148120171,0.03710389148120171,0.03888335086623939,0.5
110,2024-04,48,0.05431589543955362,0.2307859313938341,90.0,0.061987036452557334,0.05973703645255733,0.030214330586896716,0.75,0.09281372123317412,100.0,0.08483258772552069,0.08273258772552068,0.04924028706934764,0.7,0.18931828050369082,100.0,0.07969386988778374,0.07729386988778374,0.04201738791112194,0.8,0.1818280503690838,100.0,0.08260245960445126,0.08065245960445126,0.03475427800569276,0.6499999999999999
111,2024-05,48,0.0964825032611268,-0.14155449413808077,80.0,0.09357474724674171,0.09117474724674171,-0.008278298355320068,0.8,-0.04906643508467217,100.0,0.1088849386086278,0.1063349386086278,-0.0006677021890727913,0.8500000000000001,-0.17379504993486755,90.0,0.0713306442428776,0.0692306442428776,-0.04104217547229333,0.7,-0.14947894051237515,80.0,0.07800535200446898,0.07575535200446898,-0.03547277201867413,0.75
112,2024-06,48,0.02699031539728439,0.27192792010421185,100.0,0.10914941712980242,0.10719941712980242,0.08805643955132092,0.6499999999999999,0.18986105080330004,80.0,0.059930626774460635,0.057980626774460635,0.024786378187295142,0.6499999999999999,0.10095527572731221,90.0,0.07893835091969535,0.07713835091969536,0.05764797141739972,0.6,0.21135475466782458,90.0,0.09032805445346395,0.08837805445346396,0.060287656254429584,0.6499999999999999
113,2024-07,48,0.02687695288651189,-0.3744029526704299,40.0,0.002585799076995638,0.0009357990769956377,-0.06713588458098582,0.55,-0.3871037776812853,30.0,-0.006976338324906038,-0.008626338324906039,-0.07578253478516075,0.55,-0.46808510638297873,50.0,0.0058874324727691005,0.0043874324727691,-0.06401431151756666,0.5,-0.4101172383847156,40.0,0.001380349259889109,-0.0004196507401108909,-0.06656755554484463,0.6
114,2024-08,48,0.0025645658470157024,-0.08749457229700389,40.0,-0.008761733742979578,-0.010261733742979577,-0.020325307732087468,0.5,-0.018128528006947458,60.0,0.0018061315370874822,-0.00014386846291251747,-0.023736905872314487,0.6499999999999999,0.015631784628745114,50.0,-0.007954674127327291,-0.009604674127327292,-0.020443342622319713,0.55,-0.02811550151975684,60.0,0.0018061315370874816,6.1315370874816255e-06,-0.018047266059251926,0.6
115,2024-09,48,-0.08724815708920575,-0.2511940946591402,10.0,-0.10719094216917338,-0.10914094216917337,-0.052351852418267085,0.6499999999999999,-0.067629179331307,10.0,-0.10320306962768462,-0.10530306962768463,0.0038205174706261585,0.7,-0.0322405557967868,10.0,-0.10887810321073284,-0.11112810321073284,-0.031180325018176788,0.75,-0.1488276161528441,10.0,-0.10320306962768462,-0.10545306962768462,-0.033245727085245855,0.75
116,2024-10,48,-0.0043592504346599975,-0.135258358662614,20.0,-0.047963685855401755,-0.05051368585540175,-0.05342966516903725,0.8500000000000001,-0.14926183239253146,20.0,-0.057603645326023266,-0.059703645326023264,-0.07530914513220875,0.7,-0.10030395136778116,10.0,-0.0655653494835122,-0.0678153494835122,-0.06483167439376951,0.75,-0.14394268345636127,10.0,-0.05973954214875314,-0.06228954214875314,-0.0592567929248252,0.8500000000000001
117,2024-11,48,-0.03918679547136333,-0.40425531914893614,0.0,-0.10450444574887492,-0.10615444574887492,-0.085042269818518,0.55,-0.3369518019973947,0.0,-0.10288458255482605,-0.10468458255482604,-0.0832849687517884,0.6000000000000001,-0.21352583586626142,10.0,-0.09205830919320357,-0.09340830919320357,-0.04200317131615261,0.45,-0.3539947894051237,10.0,-0.08603224024413136,-0.08783224024413136,-0.055759741066030544,0.6000000000000001
118,2024-12,48,0.014641457734891054,0.11821537125488493,60.0,-0.0023023614345108563,-0.0047023614345108565,0.009600956089498635,0.8,0.12679114198871036,80.0,0.035238123012880464,0.033138123012880466,0.03812427314470153,0.7,0.04135909683022145,50.0,-0.025827392611096865,-0.027777392611096866,-0.026173486029785687,0.65,0.08847155883630047,70.0,0.01995062755430449,0.017700627554304488,0.019411128686086566,0.75
119,2025-01,48,-0.03885119123206205,0.03419452887537994,40.0,-0.02536436686383133,-0.027614366863831327,0.021405730608343707,0.75,0.09379070777247069,50.0,-0.02278472968970884,-0.025034729689708837,0.01712325615222457,0.75,0.027247069040382106,50.0,-0.023197675870394917,-0.025297675870394918,0.004975099645969254,0.7,0.04982631350412505,40.0,-0.028414753843768105,-0.030664753843768107,0.02856804900365284,0.75
120,2025-02,47,0.08505460280935172,-0.05180388529139686,100.0,0.0905864725406024,0.0881864725406024,-0.004475492811543136,0.8,0.12985661424606845,100.0,0.11590677296163762,0.11410677296163763,0.10599976761184725,0.6,-0.02127659574468085,100.0,0.10655434247201741,0.10415434247201741,0.028059840531203348,0.8,0.04463459759481961,90.0,0.10547432197355103,0.10322432197355103,0.037843212580412774,0.75
121,2025-03,48,0.06404038525083271,0.29559270516717323,90.0,0.10711890812873286,0.10471890812873286,0.06530232485460336,0.8,0.1762917933130699,90.0,0.0906514120749525,0.0884014120749525,0.04639134462948312,0.75,0.272579244463743,90.0,0.11019095754969029,0.10779095754969029,0.06563089010422091,0.8,0.2912505427702996,90.0,0.11441933275343397,0.11201933275343397,0.06985926530796459,0.8
122,2025-04,48,0.021624686368803936,0.1801997394702562,80.0,0.060038206211751835,0.058388206211751836,0.05398057090588443,0.55,0.2930959617889709,90.0,0.07381023386218918,0.07201023386218919,0.07010946085123616,0.6,0.5064046895353885,90.0,0.06601002890587476,0.06421002890587477,0.06959475929650194,0.6,0.3183890577507599,80.0,0.0690130491365608,0.0673630491365608,0.07041720405153178,0.55
123,2025-05,48,0.022484210558227788,0.12375162831089882,70.0,0.01734426730927077,0.015844267309270767,0.008802393474823068,0.5,0.14079461571862786,80.0,0.019725778001688288,0.018225778001688286,0.005510062914877557,0.5,0.09563612679114199,70.0,0.01659811914652444,0.01509811914652444,0.01018849841281106,0.5,0.15306122448979592,70.0,0.01659811914652444,0.01509811914652444,0.00854438112570878,0.5
124,2025-06,48,-0.030446239912812048,0.06567520625271385,40.0,-0.01377543042677495,-0.01542543042677495,0.0256516897402398,0.55,0.3383630047763786,40.0,0.0075401309486252096,0.00559013094862521,0.03676045451923276,0.6499999999999999,0.060247503256621794,30.0,-0.00806101823822272,-0.00956101823822272,0.022817805829062388,0.5,0.2077724706904038,40.0,-0.00810669477112307,-0.009606694771123069,0.03162042539589169,0.5
125,2025-07,48,0.03407045536732469,0.17824576639166304,80.0,0.08158704029025435,0.07963704029025435,0.05544168294533461,0.6499999999999999,0.17379504993486755,90.0,0.07217600467021781,0.07007600467021781,0.05065103999789321,0.7,0.061767260095527576,70.0,0.0499026113296027,0.0482526113296027,0.01866956721003661,0.55,0.1754233608336952,80.0,0.0911104235788621,0.0894604235788621,0.05741629392546097,0.55
126,2025-08,48,0.03650672029699708,0.2337168910117238,90.0,0.03781821190308858,0.03541821190308858,0.03341544240477213,0.8,0.23046026921406862,80.0,0.051533657470041364,0.04928365747004136,0.02367698181191384,0.75,0.31328701693443334,100.0,0.060836823756474825,0.05828682375647483,0.05269422124603731,0.8500000000000001,0.27105948762483717,90.0,0.04639302157816378,0.04399302157816378,0.026573553759484926,0.8
127,2025-09,48,0.052442586947169106,-0.025401650021710815,90.0,0.05391888404593605,0.05181888404593605,-0.00991824836596733,0.7,-0.13243595310464612,80.0,0.02273640058758647,0.02018640058758647,-0.03681010514387255,0.8500000000000001,0.09476769431176725,90.0,0.052777301162308485,0.05052730116230848,0.018529909871031654,0.75,-0.0687147199305254,90.0,0.048509525341903274,0.04625952534190327,-0.025681249825697312,0.75
128,2025-10,48,0.01521672554795502,0.46765089014329136,80.0,0.05202212152995892,0.04977212152995892,0.05442714701977918,0.75,0.2784411636995224,80.0,0.04698731802351664,0.04488731802351664,0.05511154214184499,0.7,0.24066435084672166,80.0,0.03921844303820173,0.03726844303820173,0.033225256879026145,0.6499999999999999,0.34791576204950064,80.0,0.04698731802351665,0.044737318023516645,0.04876017486388494,0.75
129,2025-11,48,0.007699758587839166,-0.08250108554059922,60.0,0.010144608503514941,0.00789460850351494,-0.021726509734768543,0.75,-0.07229700390794615,60.0,0.012427150265542319,0.010777150265542318,-0.019888897919532793,0.55,0.0734910985670864,70.0,0.014752148150208718,0.013102148150208718,0.00032401018927584804,0.55,-0.046678245766391666,70.0,0.01949616899083908,0.01769616899083908,-0.0037987234575932796,0.6
130,2025-12,48,0.004880040825333617,0.15783760312635692,90.0,0.03811962076990485,0.03661962076990485,0.032211106798667996,0.5,0.11018237082066869,60.0,-0.0029880912837763306,-0.00448809128377633,0.002952995753437552,0.5,0.1107251411202779,60.0,-0.011903352086235722,-0.013553352086235723,0.0026518680241749398,0.55,0.1223404255319149,70.0,0.00541243586554096,0.00376243586554096,0.01109680270581337,0.55
131,2026-01,48,-0.06014482839269242,0.07262266608771169,20.0,-0.01954708299526682,-0.02209708299526682,0.01731531695639307,0.8500000000000001,-0.12277464177160226,20.0,-0.04672814007394503,-0.04927814007394503,-0.012857685716196665,0.8500000000000001,0.09878419452887537,20.0,-0.0424490268443574,-0.0449990268443574,0.042970645662751564,0.8500000000000001,0.009769865392965696,20.0,-0.04061817850064547,-0.04316817850064547,-0.006747724142897107,0.8500000000000001
132,2026-02,48,-0.09519509253318438,0.0224706904038211,0.0,-0.09166649364713371,-0.09406649364713371,-0.014511413905138396,0.8,0.11213634389926183,0.0,-0.10304812003899674,-0.10529812003899675,0.011030102418105175,0.75,0.01910551454624403,0.0,-0.10017642181654866,-0.10242642181654867,-0.00908643454691023,0.75,0.05340859748154581,0.0,-0.0927608706973754,-0.0950108706973754,0.0033136216599787965,0.75
