fold,test_month,n_stocks,nifty_return,regime,avg_pairwise_corr,position_scale,LightGBM_rank_ic,LightGBM_hit_rate_pct,LightGBM_top10_return_gross,LightGBM_top10_return_net,LightGBM_bot10_return_gross,LightGBM_bot10_return_net,LightGBM_ls_spread_gross,LightGBM_ls_spread_net,LightGBM_turnover,LightGBM_cost_drag,LightGBM_position_scale,LightGBM_n_stocks,XGBoost_rank_ic,XGBoost_hit_rate_pct,XGBoost_top10_return_gross,XGBoost_top10_return_net,XGBoost_bot10_return_gross,XGBoost_bot10_return_net,XGBoost_ls_spread_gross,XGBoost_ls_spread_net,XGBoost_turnover,XGBoost_cost_drag,XGBoost_position_scale,XGBoost_n_stocks,RandomForest_rank_ic,RandomForest_hit_rate_pct,RandomForest_top10_return_gross,RandomForest_top10_return_net,RandomForest_bot10_return_gross,RandomForest_bot10_return_net,RandomForest_ls_spread_gross,RandomForest_ls_spread_net,RandomForest_turnover,RandomForest_cost_drag,RandomForest_position_scale,RandomForest_n_stocks,Ensemble_rank_ic,Ensemble_hit_rate_pct,Ensemble_top10_return_gross,Ensemble_top10_return_net,Ensemble_bot10_return_gross,Ensemble_bot10_return_net,Ensemble_ls_spread_gross,Ensemble_ls_spread_net,Ensemble_turnover,Ensemble_cost_drag,Ensemble_position_scale,Ensemble_n_stocks
1,2016-03,46,0.027751114084171892,normal,-0.0272,1.0,0.09947579401788467,70.0,0.046256248513371914,0.04325624851337191,0.03383368022100953,0.03683368022100953,0.012422568292362386,0.006422568292362381,1.0,0.003,1.0,46,0.08171446191797718,70.0,0.049323969798227243,0.04632396979822724,0.047874906220971285,0.05087490622097129,0.0014490635772559587,-0.004550936422744047,1.0,0.003,1.0,46,0.0068455134135060125,60.0,0.004617961561547719,0.0016179615615477191,0.024481069560702635,0.027481069560702634,-0.019863107999154916,-0.025863107999154915,1.0,0.003,1.0,46,0.10268270120259018,70.0,0.04867096777424536,0.045670967774245355,0.02703504897169095,0.030035048971690948,0.02163591880255441,0.015635918802554407,1.0,0.003,1.0,46
2,2016-04,46,0.03881352735889965,normal,-0.0165,1.0,-0.08849830403946961,50.0,-0.004534272489751641,-0.0060342724897516405,0.012748337004013729,0.015148337004013728,-0.01728260949376537,-0.021182609493765367,0.65,0.0015,1.0,46,-0.10995991366019119,70.0,0.024986889290196913,0.023786889290196914,0.05749765172959438,0.05959765172959438,-0.03251076243939747,-0.035810762439397466,0.55,0.0012000000000000001,1.0,46,-0.007338883749614554,70.0,0.03108670242973014,0.02928670242973014,0.05066312173526612,0.05186312173526612,-0.019576419305535976,-0.022576419305535975,0.5,0.0018,1.0,46,-0.054209065679926,50.0,0.014337734593315688,0.013437734593315688,0.04219966141322746,0.04399966141322746,-0.027861926819911773,-0.030561926819911774,0.44999999999999996,0.0009,1.0,46
3,2016-05,46,0.0739034093557742,normal,-0.0134,1.0,-0.21973481344434165,90.0,0.06292297577096191,0.060822975770961914,0.07393198281024024,0.07663198281024024,-0.011009007039278332,-0.015809007039278324,0.8,0.0021,1.0,46,-0.1560900400863398,80.0,0.06821839310817307,0.06551839310817308,0.08835997344004047,0.09105997344004046,-0.0201415803318674,-0.02554158033186739,0.9,0.0027,1.0,46,0.09762565525747763,80.0,0.08483346981137939,0.08243346981137939,0.08256040061327237,0.08496040061327237,0.0022730691981070195,-0.0025269308018929793,0.8,0.0024000000000000002,1.0,46,-0.19222941720629044,90.0,0.08967166331546508,0.08727166331546508,0.08885864006043591,0.0915586400604359,0.0008130232550291744,-0.004286976744970819,0.8500000000000001,0.0024000000000000002,1.0,46
4,2016-06,46,0.07806144247902785,normal,-0.0152,1.0,0.20222016651248842,80.0,0.10867123461179791,0.10597123461179792,0.046638713572861375,0.049338713572861376,0.062032521038936535,0.05663252103893654,0.9,0.0027,1.0,46,0.3927844588344126,100.0,0.1553238672175088,0.15262386721750879,0.0393538499101946,0.041753849910194596,0.1159700173073142,0.11087001730731419,0.8500000000000001,0.0027,1.0,46,0.5495528831329016,100.0,0.1623221062669452,0.1596221062669452,0.0362830454933208,0.0386830454933208,0.12603906077362442,0.1209390607736244,0.8500000000000001,0.0027,1.0,46,0.42460684551341343,90.0,0.14397854909312652,0.1412785490931265,0.0482554273419707,0.0512554273419707,0.09572312175115583,0.09002312175115582,0.95,0.0027,1.0,46
5,2016-07,46,0.027829868968168636,normal,-0.0236,1.0,0.2974406413814369,90.0,0.050755226125747566,0.049555226125747566,0.01097450359187711,0.01277450359187711,0.03978072253387045,0.03678072253387046,0.5,0.0012000000000000001,1.0,46,0.31754548257785997,80.0,0.06483597088884514,0.06333597088884514,-0.013275728658396529,-0.01147572865839653,0.07811169954724168,0.07481169954724168,0.55,0.0015,1.0,46,0.3903176071538698,90.0,0.06432830832070106,0.06282830832070106,-0.023383742034476813,-0.021583742034476813,0.08771205035517787,0.08441205035517788,0.55,0.0015,1.0,46,0.3255627505396238,100.0,0.0646445289461463,0.0631445289461463,-0.02755543536869055,-0.02635543536869055,0.09219996431483686,0.08949996431483685,0.45,0.0015,1.0,46
6,2016-08,46,0.0048497252552174444,normal,-0.0094,1.0,0.17471477027443724,70.0,0.03424244765716009,0.03274244765716009,-0.012821433627371162,-0.011021433627371163,0.047063881284531255,0.04376388128453125,0.55,0.0015,1.0,46,0.11970397779833486,70.0,0.03084318884823271,0.02964318884823271,0.0007467011101435106,0.002546701110143511,0.0300964877380892,0.0270964877380892,0.5,0.0012000000000000001,1.0,46,0.3004008633980882,70.0,0.02898339976779733,0.02778339976779733,0.007402514668346613,0.009502514668346613,0.021580885099450716,0.018280885099450715,0.55,0.0012000000000000001,1.0,46,0.19592969472710453,70.0,0.016161168900189142,0.014661168900189142,-0.016244595676690336,-0.014444595676690337,0.03240576457687948,0.02910576457687948,0.55,0.0015,1.0,46
7,2016-09,46,-0.06212920469914317,normal,-0.0207,1.0,-0.18236201048411962,20.0,-0.08066328078239579,-0.08216328078239579,-0.02427528501015474,-0.022775285010154737,-0.05638799577224105,-0.059387995772241055,0.5,0.0015,1.0,46,-0.07369719395621338,20.0,-0.08050508609443864,-0.08170508609443865,-0.020157136795711288,-0.018357136795711288,-0.06034794929872735,-0.06334794929872736,0.5,0.0012000000000000001,1.0,46,-0.22281837804502003,30.0,-0.06986005647570889,-0.07166005647570889,-0.02667724092244585,-0.02517724092244585,-0.043182815553263046,-0.04648281555326304,0.55,0.0018,1.0,46,-0.15522664199814987,20.0,-0.08050508609443864,-0.08170508609443865,-0.03738810314815831,-0.03618810314815831,-0.04311698294628033,-0.045516982946280336,0.4,0.0012000000000000001,1.0,46
8,2016-10,46,-0.04738134087789096,normal,-0.007,1.0,-0.14449583718778908,20.0,-0.06261233977837957,-0.06411233977837957,-0.021083190084618265,-0.018683190084618266,-0.04152914969376131,-0.04542914969376131,0.65,0.0015,1.0,46,-0.0465618254702436,30.0,-0.028713767314227,-0.030813767314227,-0.04474841077086956,-0.04354841077086956,0.01603464345664256,0.012734643456642557,0.55,0.0021,1.0,46,-0.21036077705827932,20.0,-0.05987000392470598,-0.06107000392470598,-0.03312624491399966,-0.03162624491399966,-0.026743759010706324,-0.029443759010706325,0.45,0.0012000000000000001,1.0,46,-0.1169904409497379,20.0,-0.06261233977837957,-0.06411233977837957,-0.019903070868074423,-0.018403070868074422,-0.042709268910305145,-0.04570926891030515,0.5,0.0015,1.0,46
9,2016-11,46,0.011307394585830128,normal,-0.0182,1.0,-0.02695035460992908,60.0,-0.003614413792077072,-0.006014413792077072,0.003758331221010881,0.006158331221010881,-0.007372745013087953,-0.012172745013087953,0.8,0.0024000000000000002,1.0,46,0.004625346901017576,50.0,0.01311008318964319,0.010710083189643189,0.005484737076926949,0.00788473707692695,0.007625346112716241,0.0028253461127162385,0.8,0.0024000000000000002,1.0,46,0.2080172679617638,50.0,0.02470247556275732,0.022902475562757322,-0.0012123086018048592,0.001487691398195141,0.02591478416456218,0.021414784164562183,0.75,0.0018,1.0,46,0.0010484119642306506,50.0,0.00910045113902586,0.006700451139025859,0.003958817716252631,0.006658817716252631,0.005141633422773228,4.1633422773228006e-05,0.8500000000000001,0.0024000000000000002,1.0,46
10,2016-12,46,0.09639725514595693,normal,-0.0185,1.0,0.289300030835646,90.0,0.15001500454440414,0.14821500454440414,0.07008579477749952,0.07218579477749952,0.07992920976690462,0.07602920976690462,0.6499999999999999,0.0018,1.0,46,0.3802035152636447,90.0,0.12969904227285134,0.12759904227285135,0.06275975661163098,0.06425975661163098,0.06693928566122036,0.06333928566122037,0.6,0.0021,1.0,46,0.5094665433240826,90.0,0.16917530550496682,0.16737530550496682,0.03491702501696714,0.03641702501696714,0.13425828048799968,0.13095828048799968,0.55,0.0018,1.0,46,0.3708294788775825,90.0,0.13979387604088234,0.13799387604088234,0.06492211183340836,0.06672211183340836,0.07487176420747398,0.07127176420747398,0.6,0.0018,1.0,46
11,2017-01,46,0.07058185897362441,normal,-0.0233,1.0,0.35047795251310515,80.0,0.10593768678544253,0.10383768678544253,0.055821991600998634,0.05762199160099864,0.0501156951844439,0.04621569518444389,0.6499999999999999,0.0021,1.0,46,0.26734505087881594,70.0,0.09075534697204965,0.08835534697204965,0.029422778235688073,0.031822778235688076,0.06133256873636157,0.056532568736361574,0.8,0.0024000000000000002,1.0,46,0.31569534381745296,80.0,0.09007683405375627,0.08797683405375627,0.022384622006439845,0.024784622006439844,0.06769221204731643,0.06319221204731643,0.75,0.0021,1.0,46,0.3381436941103916,80.0,0.10587648959057176,0.10377648959057176,0.04278025446535784,0.04488025446535784,0.06309623512521392,0.05889623512521392,0.7,0.0021,1.0,46
12,2017-02,46,0.026559231565686233,normal,-0.0068,1.0,-0.05001541782300339,80.0,0.0451065508983152,0.0427065508983152,0.03412119651827835,0.03652119651827835,0.010985354380036852,0.006185354380036853,0.8,0.0024000000000000002,1.0,46,0.06629663891458526,80.0,0.04291804531375635,0.04081804531375635,0.021264990209900043,0.023664990209900042,0.021653055103856306,0.01715305510385631,0.75,0.0021,1.0,46,0.2746222633364169,70.0,0.038146052091280955,0.03634605209128095,-0.013943714661619689,-0.01214371466161969,0.05208976675290064,0.04848976675290064,0.6,0.0018,1.0,46,0.06567992599444958,80.0,0.04133182851061446,0.039231828510614464,0.01685183091549544,0.01925183091549544,0.02447999759511902,0.019979997595119023,0.75,0.0021,1.0,46
13,2017-03,46,0.04991115938728706,normal,-0.0106,1.0,0.2788159111933395,90.0,0.0785115116859073,0.0761115116859073,0.014128016163360933,0.016528016163360932,0.06438349552254637,0.05958349552254637,0.8,0.0024000000000000002,1.0,46,0.3152019734813444,80.0,0.06472402381807472,0.062024023818074724,0.016257799536561635,0.018657799536561635,0.04846622428151309,0.043366224281513086,0.8500000000000001,0.0027,1.0,46,0.5119333950046253,100.0,0.08666454435642698,0.08366454435642698,0.0022848263228707104,0.004384826322870711,0.08437971803355628,0.07927971803355627,0.85,0.003,1.0,46,0.3296330558125193,90.0,0.06560711485462334,0.06290711485462334,0.006113272295649423,0.008513272295649424,0.059493842558973914,0.05439384255897392,0.8500000000000001,0.0027,1.0,46
14,2017-04,46,0.026908187392228798,normal,0.0037,1.0,0.12488436632747454,60.0,0.021778103185254173,0.020278103185254172,-0.013702756457772853,-0.011602756457772853,0.035480859643027024,0.031880859643027025,0.6,0.0015,1.0,46,0.24279987665741595,70.0,0.04395729695936409,0.042157296959364085,0.006929754527531029,0.009029754527531028,0.03702754243183306,0.03312754243183306,0.6499999999999999,0.0018,1.0,46,0.017699660807893924,70.0,0.033493872441291914,0.03199387244129191,0.026449471017156927,0.02854947101715693,0.007044401424134986,0.003444401424134984,0.6,0.0015,1.0,46,0.1623805118717237,50.0,0.02552599752759992,0.02402599752759992,1.4180116169928286e-05,0.002114180116169928,0.025511817411429993,0.02191181741142999,0.6,0.0015,1.0,46
15,2017-05,46,0.043131907757117775,normal,-0.007,1.0,0.1411655874190564,80.0,0.07175887251654034,0.06905887251654035,0.0430178485548824,0.0451178485548824,0.02874102396165794,0.023941023961657946,0.8,0.0027,1.0,46,0.16817761332099906,90.0,0.06890059006355143,0.06650059006355143,0.04539083581915486,0.04749083581915486,0.023509754244396566,0.01900975424439657,0.75,0.0024000000000000002,1.0,46,0.2387295713845205,100.0,0.07511439074469813,0.07301439074469812,0.031051072938035672,0.033151072938035674,0.04406331780666245,0.03986331780666245,0.7,0.0021,1.0,46,0.1738513721862473,90.0,0.07572772236808215,0.07302772236808215,0.0435470337011085,0.0456470337011085,0.03218068866697364,0.02738068866697365,0.8,0.0027,1.0,46
16,2017-06,46,0.04319178266430648,normal,-0.009,1.0,0.003638606228800493,80.0,0.03661062969105462,0.03391062969105462,0.014384651627981786,0.015884651627981788,0.022225978063072836,0.018025978063072833,0.7,0.0027,1.0,46,0.19876657415972862,80.0,0.06928168143795478,0.06658168143795479,-0.006086918313942679,-0.00398691831394268,0.07536859975189746,0.07056859975189747,0.8,0.0027,1.0,46,0.3766265803268578,90.0,0.10350539197904625,0.10110539197904625,-0.01656281307983599,-0.014462813079835992,0.12006820505888224,0.11556820505888224,0.75,0.0024000000000000002,1.0,46,0.18482886216466235,80.0,0.055360042724634476,0.052660042724634475,-0.009117419113033898,-0.007317419113033899,0.06447746183766838,0.059977461837668375,0.75,0.0027,1.0,46
17,2017-07,46,0.03760352896014248,normal,-0.0389,1.0,0.2775824853530681,90.0,0.09137540116132944,0.08927540116132944,0.0211198703545216,0.023519870354521598,0.07025553080680785,0.06575553080680785,0.75,0.0021,1.0,46,0.31396854764107307,90.0,0.09955664617436875,0.09745664617436875,0.042569631332407404,0.0449696313324074,0.05698701484196135,0.052487014841961346,0.75,0.0021,1.0,46,0.5512796793092815,90.0,0.11214782642106735,0.11004782642106735,-0.02122767317653449,-0.01882767317653449,0.13337549959760184,0.12887549959760183,0.75,0.0021,1.0,46,0.3563983965464076,90.0,0.10284186941207349,0.10074186941207348,0.012780516241775008,0.015180516241775008,0.09006135317029848,0.08556135317029848,0.75,0.0021,1.0,46
18,2017-08,46,0.03890919417358605,normal,-0.0301,1.0,-0.11403021893308664,50.0,0.026733051160467657,0.024933051160467658,0.04977828823518822,0.05217828823518822,-0.023045237074720563,-0.02724523707472056,0.7,0.0018,1.0,46,0.20752389762565526,70.0,0.06046241301260937,0.05806241301260937,0.0067984983107235,0.0091984983107235,0.05366391470188587,0.04886391470188587,0.8,0.0024000000000000002,1.0,46,-0.020659882824545173,60.0,0.03896610052770868,0.03626610052770868,0.0496222153037303,0.0517222153037303,-0.010656114776021623,-0.015456114776021622,0.8,0.0027,1.0,46,0.048165279062596364,70.0,0.04407577847776743,0.041975778477767435,0.04946731643826152,0.05186731643826152,-0.005391537960494089,-0.009891537960494086,0.75,0.0021,1.0,46
19,2017-09,46,0.06272486628166032,normal,0.006,1.0,-0.13142152328091272,70.0,0.0353108293576051,0.0335108293576051,0.07049680810668321,0.07229680810668321,-0.03518597874907811,-0.03878597874907811,0.6,0.0018,1.0,46,-0.11020659882824546,80.0,0.07221120898868819,0.07041120898868819,0.08321407085832798,0.08531407085832798,-0.011002861869639793,-0.014902861869639794,0.6499999999999999,0.0018,1.0,46,-0.07443724946037619,70.0,0.08072181455332546,0.07892181455332546,0.087293958553635,0.089693958553635,-0.006572144000309546,-0.010772144000309541,0.7,0.0018,1.0,46,-0.12303422756706751,80.0,0.08853114748305305,0.08673114748305305,0.10596318409677301,0.10836318409677301,-0.01743203661371996,-0.021632036613719957,0.7,0.0018,1.0,46
20,2017-10,46,0.004518534577474025,normal,-0.0165,1.0,-0.15769349367869254,40.0,-0.004398938807234841,-0.006498938807234841,0.0475865435903571,0.0502865435903571,-0.05198548239759194,-0.056785482397591944,0.8,0.0021,1.0,46,-0.15596669750231265,40.0,-0.0086696908266833,-0.0107696908266833,0.0003387837970307207,0.0024387837970307204,-0.009008474623714022,-0.013208474623714021,0.7,0.0021,1.0,46,0.10329941412272586,50.0,0.04588800684294072,0.04378800684294072,-0.008569227357122122,-0.006169227357122122,0.05445723420006284,0.049957234200062844,0.75,0.0021,1.0,46,-0.1345050878815911,40.0,-0.008669690826683302,-0.010769690826683302,0.014195273081250171,0.01659527308125017,-0.022864963907933473,-0.02736496390793347,0.75,0.0021,1.0,46
21,2017-11,46,0.049190279067096464,normal,-0.0159,1.0,-0.039901325932778293,70.0,0.04081237943121518,0.03871237943121518,0.04921947291493978,0.051619472914939776,-0.0084070934837246,-0.012907093483724597,0.75,0.0021,1.0,46,0.07838421214924453,90.0,0.07165682111656532,0.06985682111656533,0.0465550768922099,0.048955076892209896,0.025101744224355425,0.02090174422435543,0.7,0.0018,1.0,46,0.07912426765340734,90.0,0.06376440331766668,0.061664403317666684,0.049332204065346955,0.051732204065346954,0.014432199252319727,0.00993219925231973,0.75,0.0021,1.0,46,0.009682392846130126,70.0,0.04809592336774919,0.04629592336774919,0.05121369530841806,0.05361369530841806,-0.0031177719406688675,-0.00731777194066887,0.7,0.0018,1.0,46
22,2017-12,46,-0.013171674882177133,normal,-0.0165,1.0,-0.12846130126426147,20.0,-0.03708829376993132,-0.03858829376993132,0.00937966353484272,0.011779663534842721,-0.046467957304774044,-0.050367957304774044,0.65,0.0015,1.0,46,-0.14992291088498305,30.0,-0.032109035314497006,-0.033309035314497006,0.013170459759806238,0.015270459759806237,-0.04527949507430325,-0.048579495074303244,0.55,0.0012000000000000001,1.0,46,-0.36293555349984574,30.0,-0.049361609050296976,-0.05086160905029698,0.03878776594584981,0.04058776594584981,-0.08814937499614678,-0.09144937499614679,0.55,0.0015,1.0,46,-0.19420289855072462,20.0,-0.03708829376993132,-0.03858829376993132,-0.002284974936192172,0.00011502506380782831,-0.03480331883373915,-0.03870331883373915,0.65,0.0015,1.0,46
23,2018-01,46,-0.049574301770367785,normal,-0.015,1.0,0.09898242368177614,40.0,-0.03800689583718794,-0.04010689583718794,-0.04177526949704592,-0.03937526949704592,0.0037683736598579792,-0.0007316263401420178,0.75,0.0021,1.0,46,0.009065679925994448,40.0,-0.036489838486956465,-0.03828983848695647,-0.03933042729250305,-0.03753042729250305,0.002840588805546586,-0.0007594111944534201,0.6,0.0018,1.0,46,0.0011717545482577859,30.0,-0.050398147321074636,-0.05219814732107464,-0.05310175664571365,-0.05100175664571365,0.0027036093246390128,-0.001196390675360988,0.6499999999999999,0.0018,1.0,46,0.02189330866481653,30.0,-0.04879714086610504,-0.05059714086610504,-0.0491592061322413,-0.0467592061322413,0.00036206526613626056,-0.003837934733863742,0.7,0.0018,1.0,46
24,2018-02,46,0.01970048087999154,normal,-0.0073,1.0,0.25587419056429234,90.0,0.052215030900124096,0.05041503090012409,0.02313232202115733,0.02463232202115733,0.029082708878966766,0.025782708878966762,0.55,0.0018,1.0,46,0.22220166512488432,80.0,0.07269425720305063,0.07089425720305063,0.02664216218202837,0.028442162182028368,0.04605209502102226,0.04245209502102226,0.6,0.0018,1.0,46,0.03188405797101449,60.0,0.035202639616970524,0.034002639616970524,0.033881923938661004,0.035381923938661006,0.0013207156783095197,-0.0013792843216904813,0.45,0.0012000000000000001,1.0,46,0.23823620104841195,90.0,0.07511079981148469,0.0733107998114847,0.03379995635439848,0.03529995635439848,0.04131084345708621,0.03801084345708621,0.55,0.0018,1.0,46
25,2018-03,46,0.05595792635071558,normal,-0.0222,1.0,-0.13684859697810667,70.0,0.040070833582931356,0.03767083358293136,0.06458345773943894,0.06698345773943894,-0.02451262415650758,-0.02931262415650758,0.8,0.0024000000000000002,1.0,46,-0.10181930311440024,80.0,0.04425590375513864,0.04185590375513864,0.056849845726765026,0.058949845726765024,-0.012593941971626388,-0.017093941971626385,0.75,0.0024000000000000002,1.0,46,-0.1288313290163429,70.0,0.0431843112697945,0.0404843112697945,0.050987393021431016,0.053387393021431015,-0.007803081751636513,-0.012903081751636514,0.8500000000000001,0.0027,1.0,46,-0.09355534998458218,70.0,0.04420387429139407,0.04180387429139407,0.05823114893533686,0.06063114893533686,-0.014027274643942787,-0.018827274643942786,0.8,0.0024000000000000002,1.0,46
26,2018-04,46,0.001660216552271592,normal,-0.0203,1.0,-0.009065679925994448,50.0,0.006086524528947291,0.0036865245289472905,0.01968910829619094,0.02178910829619094,-0.013602583767243649,-0.01810258376724365,0.75,0.0024000000000000002,1.0,46,0.04841196423065063,70.0,0.029531537388627564,0.026831537388627563,-0.0027797571481375295,-0.0006797571481375296,0.032311294536765095,0.027511294536765093,0.8,0.0027,1.0,46,0.0856614246068455,70.0,0.031318471748575084,0.028918471748575085,0.00039044445252771066,0.003090444452527711,0.030928027296047374,0.025828027296047374,0.8500000000000001,0.0024000000000000002,1.0,46,-0.004748689485044712,50.0,0.006086524528947291,0.0036865245289472905,0.008000141369733848,0.010100141369733848,-0.0019136168407865575,-0.006413616840786557,0.75,0.0024000000000000002,1.0,46
27,2018-05,46,0.015806357251170338,normal,-0.0102,1.0,-0.03089731729879741,50.0,0.037554645043567855,0.035154645043567856,0.030539241241089067,0.032639241241089065,0.007015403802478788,0.002515403802478791,0.75,0.0024000000000000002,1.0,46,-0.0004316990440949738,40.0,0.03277341704433166,0.03067341704433166,-0.006679680812693769,-0.004279680812693769,0.03945309785702543,0.03495309785702543,0.75,0.0021,1.0,46,-0.20789392537773665,40.0,0.017491206028323037,0.015691206028323038,0.025691645182233068,0.02839164518223307,-0.008200439153910031,-0.012700439153910031,0.75,0.0018,1.0,46,-0.051618871415356156,30.0,0.008680383808980344,0.006580383808980345,0.02283363087076128,0.02493363087076128,-0.014153247061780935,-0.018353247061780938,0.7,0.0021,1.0,46
28,2018-06,46,0.05144235066671429,normal,-0.0237,1.0,0.0065988282454517416,80.0,0.04860604245279911,0.04620604245279911,0.024719425843997604,0.027119425843997604,0.02388661660880151,0.01908661660880151,0.8,0.0024000000000000002,1.0,46,0.13117483811285846,80.0,0.06319180830766516,0.06079180830766516,0.044404840794787986,0.04710484079478799,0.018786967512877173,0.013686967512877173,0.8500000000000001,0.0024000000000000002,1.0,46,0.04224483502929386,70.0,0.04911503816968944,0.047015038169689445,0.03620074325201526,0.03860074325201526,0.01291429491767418,0.008414294917674182,0.75,0.0021,1.0,46,0.0831945729263028,80.0,0.07065778065472769,0.06825778065472769,0.03486049936828363,0.03696049936828363,0.03579728128644406,0.031297281286444066,0.75,0.0024000000000000002,1.0,46
29,2018-07,46,0.045823698344993016,normal,-0.0115,1.0,-0.034227567067530065,50.0,0.048626824361476625,0.047426824361476626,0.059252000726598995,0.061952000726598996,-0.01062517636512237,-0.01452517636512237,0.65,0.0012000000000000001,1.0,46,-0.08541473943879124,50.0,0.04476569958883968,0.043265699588839676,0.057517446649953785,0.060217446649953786,-0.012751747061114108,-0.01695174706111411,0.7,0.0015,1.0,46,-0.21208757323465927,40.0,0.03211896035568972,0.03121896035568972,0.0595567599931527,0.0613567599931527,-0.027437799637462977,-0.03013779963746298,0.44999999999999996,0.0009,1.0,46,-0.05408572309589886,40.0,0.03131821082632893,0.030418210826328927,0.0658452467731316,0.0679452467731316,-0.03452703594680267,-0.03752703594680268,0.5,0.0009,1.0,46
30,2018-08,46,-0.10197246995370846,normal,-0.0057,1.0,-0.44890533456675913,0.0,-0.136344916876691,-0.13874491687669102,-0.06060132340611254,-0.05850132340611254,-0.07574359347057846,-0.08024359347057848,0.75,0.0024000000000000002,1.0,46,-0.43077397471477025,0.0,-0.15739140422579018,-0.1597914042257902,-0.06808349626297687,-0.06628349626297687,-0.08930790796281331,-0.09350790796281332,0.7,0.0024000000000000002,1.0,46,-0.4320074005550416,0.0,-0.1347082525297108,-0.1374082525297108,-0.07205530975673051,-0.0699553097567305,-0.0626529427729803,-0.0674529427729803,0.8,0.0027,1.0,46,-0.48862164662349666,0.0,-0.1450424352670186,-0.1477424352670186,-0.045194999523716334,-0.043094999523716336,-0.09984743574330227,-0.10464743574330226,0.8,0.0027,1.0,46
31,2018-09,46,-0.02434058374820182,normal,0.0005,1.0,0.3186555658341042,60.0,0.013846524267524968,0.011746524267524969,-0.062480389847074304,-0.060080389847074304,0.07632691411459927,0.07182691411459927,0.75,0.0021,1.0,46,0.43472093740363854,50.0,0.00907675073223789,0.00667675073223789,-0.06499432756449915,-0.06259432756449915,0.07407107829673704,0.06927107829673704,0.8,0.0024000000000000002,1.0,46,0.3584952204748689,60.0,0.0011553901902453395,-0.0009446098097546604,-0.08999615907945409,-0.08819615907945409,0.09115154926969943,0.08725154926969943,0.6499999999999999,0.0021,1.0,46,0.41991982732038236,60.0,0.01945344232868843,0.016753442328688428,-0.07753935668393083,-0.07513935668393083,0.09699279901261926,0.09189279901261926,0.8500000000000001,0.0027,1.0,46
32,2018-10,46,0.04470207677727112,normal,-0.0147,1.0,0.11341350601295097,60.0,0.03391565713838611,0.03181565713838611,0.012625078237724418,0.015325078237724419,0.021290578900661692,0.016490578900661693,0.8,0.0021,1.0,46,0.13253160653715695,60.0,0.028727897076916375,0.026627897076916374,-0.00811985955219292,-0.00541985955219292,0.036847756629109295,0.032047756629109296,0.8,0.0021,1.0,46,0.32346592661116247,70.0,0.06204531089093053,0.05994531089093053,-0.03676213351093014,-0.03406213351093014,0.09880744440186068,0.09400744440186068,0.8,0.0021,1.0,46,0.21159420289855074,60.0,0.013037664350380871,0.010937664350380872,-0.03592736989118781,-0.03322736989118781,0.048965034241568686,0.04416503424156868,0.8,0.0021,1.0,46
33,2018-11,46,-0.01676187361277861,normal,-0.0241,1.0,0.00018501387604070305,40.0,-0.02353483071122186,-0.025934830711221858,-0.019004442682718815,-0.016604442682718816,-0.0045303880285030435,-0.009330388028503042,0.8,0.0024000000000000002,1.0,46,-0.08973172987974098,40.0,-0.03245614985726734,-0.034856149857267336,-0.0160180266929696,-0.0142180266929696,-0.016438123164297738,-0.020638123164297736,0.7,0.0024000000000000002,1.0,46,0.031514030218933085,60.0,-0.022015860665005976,-0.024415860665005975,-0.01482045168682013,-0.013020451686820131,-0.007195408978185845,-0.011395408978185844,0.7,0.0024000000000000002,1.0,46,-0.03595436324390996,40.0,-0.031395371075991295,-0.033795371075991294,-0.019993021355074397,-0.017893021355074396,-0.011402349720916898,-0.0159023497209169,0.75,0.0024000000000000002,1.0,46
34,2018-12,46,-0.020511882559838365,normal,-0.0263,1.0,0.08504471168670984,30.0,-0.01786474404096202,-0.01966474404096202,-0.015357655011240978,-0.012957655011240979,-0.002507089029721042,-0.006707089029721041,0.7,0.0018,1.0,46,0.08048103607770582,30.0,-0.016094444178356905,-0.017594444178356906,-0.037143620773806854,-0.03444362077380685,0.02104917659544995,0.016849176595449947,0.7,0.0015,1.0,46,0.11526364477335797,50.0,-0.0011269142253836502,-0.0026269142253836503,-0.023471258269148632,-0.02137125826914863,0.022344344043764983,0.01874434404376498,0.6,0.0015,1.0,46,0.1396854764107308,40.0,0.014358386824605959,0.01255838682460596,-0.0494058590070108,-0.0470058590070108,0.06376424583161676,0.059564245831616756,0.7,0.0018,1.0,46
35,2019-01,46,0.06316405460995868,normal,-0.0137,1.0,-0.05346901017576317,80.0,0.06782438109170016,0.06602438109170017,0.08234426657749135,0.08444426657749135,-0.014519885485791181,-0.018419885485791182,0.6499999999999999,0.0018,1.0,46,0.15806352143077398,90.0,0.06778505519986491,0.06598505519986492,0.06471115765302557,0.06651115765302557,0.0030738975468393437,-0.0005261024531606484,0.6,0.0018,1.0,46,0.21554116558741904,90.0,0.10316365228806708,0.10136365228806708,0.0755776300710165,0.07767763007101651,0.027586022217050574,0.023686022217050573,0.6499999999999999,0.0018,1.0,46,0.044711686709836565,90.0,0.07604185010749612,0.07424185010749612,0.05736509295184398,0.05916509295184398,0.01867675715565214,0.01507675715565214,0.6,0.0018,1.0,46
36,2019-02,46,0.0885019672340586,normal,-0.0247,1.0,-0.03558433549182855,100.0,0.09588868989956825,0.09378868989956825,0.10147679763449732,0.10387679763449732,-0.005588107734929071,-0.010088107734929075,0.75,0.0021,1.0,46,-0.06173296330558124,100.0,0.08041164946191381,0.07891164946191381,0.0974545861253647,0.0992545861253647,-0.017042936663450886,-0.020342936663450883,0.55,0.0015,1.0,46,0.0667900092506938,100.0,0.0995528307216449,0.0974528307216449,0.08588577552339724,0.08738577552339724,0.013667055198247666,0.01006705519824766,0.6,0.0021,1.0,46,-0.009065679925994448,100.0,0.09326742498238372,0.09146742498238372,0.0906884097372254,0.0930884097372254,0.0025790152451583143,-0.0016209847548416811,0.7,0.0018,1.0,46
37,2019-03,46,-0.00919286707045328,normal,-0.021,1.0,-0.07949429540548875,20.0,-0.0350265739126205,-0.0374265739126205,-0.00041258629341780833,0.001987413706582192,-0.03461398761920269,-0.03941398761920269,0.8,0.0024000000000000002,1.0,46,-0.036201048411964226,40.0,-0.008083489180102604,-0.010483489180102605,0.00858067296496703,0.011280672964967028,-0.016664162145069633,-0.021764162145069633,0.8500000000000001,0.0024000000000000002,1.0,46,0.12266419981498612,50.0,0.01618594807060881,0.013485948070608808,-0.0309628002953277,-0.028262800295327697,0.04714874836593651,0.041748748365936506,0.9,0.0027,1.0,46,-0.02362010484119642,40.0,-0.0001544692448696622,-0.0025544692448696625,-0.008767599152485688,-0.006667599152485689,0.008613129907616026,0.004113129907616026,0.75,0.0024000000000000002,1.0,46
38,2019-04,46,0.017745677792411162,normal,-0.0208,1.0,0.20752389762565526,70.0,0.04771959250646971,0.04531959250646971,0.017033253640102768,0.01973325364010277,0.030686338866366944,0.025586338866366944,0.8500000000000001,0.0024000000000000002,1.0,46,0.07542399013259327,60.0,0.019251708948347396,0.017151708948347395,-0.004635398810988269,-0.002235398810988269,0.023887107759335665,0.019387107759335664,0.75,0.0021,1.0,46,0.26105457909343205,60.0,0.036824435806454905,0.034424435806454906,-0.023522102051680004,-0.021422102051680002,0.06034653785813491,0.05584653785813491,0.75,0.0024000000000000002,1.0,46,0.15942028985507248,70.0,0.044389854528658665,0.04228985452865867,0.001242222973401957,0.003642222973401957,0.04314763155525671,0.03864763155525671,0.75,0.0021,1.0,46
39,2019-05,46,-0.027603759912222477,normal,-0.0269,1.0,-0.00030835646006783845,40.0,-0.026202398021486717,-0.028002398021486716,-0.044600790875376606,-0.04250079087537661,0.01839839285388989,0.014498392853889892,0.6499999999999999,0.0018,1.0,46,-0.032377428307123035,10.0,-0.05309272793870405,-0.05459272793870405,-0.03316734270023401,-0.03106734270023401,-0.01992538523847004,-0.02352538523847004,0.6,0.0015,1.0,46,-0.08442799876657416,30.0,-0.039834799160103636,-0.041034799160103635,-0.00932356936139666,-0.00722356936139666,-0.030511229798706976,-0.033811229798706974,0.55,0.0012000000000000001,1.0,46,0.02189330866481653,20.0,-0.04256414344928854,-0.044064143449288544,-0.049670426769192685,-0.04757042676919269,0.007106283319904143,0.0035062833199041438,0.6,0.0015,1.0,46
40,2019-06,46,-0.06157960713687418,normal,-0.0205,1.0,0.22244835029293863,30.0,-0.04070741105038694,-0.042807411050386934,-0.09819052081812114,-0.09549052081812115,0.05748310976773421,0.052683109767734215,0.8,0.0021,1.0,46,0.044711686709836565,30.0,-0.05497327566270197,-0.05767327566270197,-0.08205548092663673,-0.07965548092663673,0.027082205263934754,0.021982205263934754,0.8500000000000001,0.0027,1.0,46,0.040024668516805424,20.0,-0.07248845086201,-0.07518845086201,-0.09033667082868743,-0.08793667082868743,0.01784821996667743,0.012748219966677438,0.8500000000000001,0.0027,1.0,46,0.13265494912118408,20.0,-0.07601696649686515,-0.07841696649686515,-0.08136969397025107,-0.07896969397025107,0.005352727473385915,0.0005527274733859167,0.8,0.0024000000000000002,1.0,46
41,2019-07,46,-0.011131901841812243,normal,-0.024,1.0,-0.14437249460376195,30.0,-0.02165681446816208,-0.02435681446816208,0.003361113261755289,0.006061113261755289,-0.02501792772991737,-0.030417927729917367,0.9,0.0027,1.0,46,0.03003391921060746,40.0,-0.011405943069172053,-0.014105943069172053,0.0048713335017994104,0.00787133350179941,-0.016277276570971465,-0.02197727657097146,0.95,0.0027,1.0,46,-0.05642923219241443,30.0,-0.02384668534384323,-0.02624668534384323,-0.003971649534737249,-0.001271649534737249,-0.019875035809105983,-0.024975035809105983,0.8500000000000001,0.0024000000000000002,1.0,46,-0.08689485044711685,30.0,-0.01626873017550284,-0.01896873017550284,0.006524843325348359,0.00922484332534836,-0.0227935735008512,-0.0281935735008512,0.9,0.0027,1.0,46
42,2019-08,47,0.06469276928177602,normal,-0.0154,1.0,0.41234967622571694,100.0,0.12469632858062867,0.12229632858062867,0.02655409867935512,0.02865409867935512,0.09814222990127355,0.09364222990127355,0.75,0.0024000000000000002,1.0,47,0.2595975948196115,90.0,0.09637739098501295,0.09427739098501295,0.049879940609184395,0.0516799406091844,0.04649745037582856,0.04259745037582855,0.6499999999999999,0.0021,1.0,47,0.2320767807585569,90.0,0.10041610701057457,0.09801610701057457,0.039298720431307554,0.041698720431307554,0.06111738657926702,0.05631738657926702,0.8,0.0024000000000000002,1.0,47,0.32469935245143383,90.0,0.10277548291097016,0.10067548291097016,0.02277446857728791,0.024874468577287912,0.08000101433368226,0.07580101433368225,0.7,0.0021,1.0,47
43,2019-09,48,0.03158661489390182,normal,-0.0214,1.0,-0.10366912722535823,60.0,-0.01574705275938989,-0.01784705275938989,0.052275472602293205,0.054675472602293204,-0.0680225253616831,-0.07252252536168309,0.75,0.0021,1.0,48,-0.12787668258792878,60.0,0.010653700726838041,0.008553700726838042,0.03946572968850511,0.04216572968850511,-0.02881202896166707,-0.03361202896166707,0.8,0.0021,1.0,48,0.05753365175857577,80.0,0.042533611613743735,0.04043361161374374,0.005694318981976168,0.008694318981976168,0.036839292631767565,0.03173929263176757,0.85,0.0021,1.0,48,-0.051454624402952676,60.0,0.0047949688937944015,0.0029949688937944015,0.042291967635864215,0.044991967635864216,-0.03749699874206981,-0.041996998742069816,0.75,0.0018,1.0,48
44,2019-10,48,-0.003131533924763128,normal,-0.0226,1.0,0.17965696917064697,70.0,0.05690774380429473,0.05450774380429473,-0.00920456852531469,-0.007104568525314691,0.06611231232960943,0.061612312329609425,0.75,0.0024000000000000002,1.0,48,0.16760746851932265,70.0,0.04482306998494806,0.04242306998494806,-0.015540226887794056,-0.012840226887794057,0.06036329687274212,0.05526329687274212,0.8500000000000001,0.0024000000000000002,1.0,48,0.12049500651324359,60.0,0.02694771257062497,0.02484771257062497,0.010042923026155351,0.01244292302615535,0.01690478954446962,0.012404789544469618,0.75,0.0021,1.0,48,0.1895353886235345,70.0,0.052422676171303764,0.050022676171303765,-0.0019160785712931297,0.00048392142870687057,0.0543387547425969,0.04953875474259689,0.8,0.0024000000000000002,1.0,48
45,2019-11,48,0.024467716648444094,normal,-0.0229,1.0,0.16901867129830656,50.0,0.016270893969059612,0.013870893969059613,0.006419430965868269,0.009119430965868269,0.009851463003191343,0.004751463003191344,0.8500000000000001,0.0024000000000000002,1.0,48,0.07859313938341293,60.0,0.02807367265270777,0.02537367265270777,0.013606222158452214,0.016006222158452214,0.014467450494255556,0.009367450494255556,0.8500000000000001,0.0027,1.0,48,-0.0322405557967868,60.0,0.028960510233864183,0.025960510233864184,0.04770275623077509,0.049502756230775095,-0.01874224599691091,-0.02354224599691091,0.8,0.003,1.0,48,0.12537993920972643,50.0,0.029567453889786387,0.026567453889786388,0.00932435676068993,0.012024356760689931,0.020243097129096457,0.014543097129096457,0.95,0.003,1.0,48
46,2019-12,48,0.01365849363359084,normal,-0.0145,1.0,0.24891445940078155,50.0,0.014074020611977841,0.011974020611977842,-0.04982209123395454,-0.04802209123395454,0.06389611184593239,0.059996111845932384,0.6499999999999999,0.0021,1.0,48,0.0930308293530178,60.0,0.047858603989783005,0.046058603989783,-0.012920427821751828,-0.010820427821751829,0.06077903181153484,0.05687903181153483,0.6499999999999999,0.0018,1.0,48,0.37689969604863227,70.0,0.06252524226991144,0.060125242269911436,-0.042326375694471396,-0.0399263756944714,0.10485161796438283,0.10005161796438283,0.8,0.0024000000000000002,1.0,48,0.2323056882327399,50.0,0.030780157000884996,0.028680157000884995,-0.017841407294991098,-0.016041407294991098,0.048621564295876094,0.04472156429587609,0.6499999999999999,0.0021,1.0,48
47,2020-01,48,-0.16252939863756308,normal,-0.0251,1.0,0.12852800694745983,0.0,-0.17248329471643384,-0.17518329471643385,-0.16377998157653328,-0.1616799815765333,-0.008703313139900554,-0.013503313139900552,0.8,0.0027,1.0,48,0.2107034303082935,0.0,-0.13084692859061509,-0.1335469285906151,-0.17739803663295173,-0.17499803663295171,0.04655110804233664,0.04145110804233662,0.8500000000000001,0.0027,1.0,48,0.2747503256621798,0.0,-0.1464476056375391,-0.14884760563753913,-0.18206076273851463,-0.1796607627385146,0.03561315710097551,0.030813157100975486,0.8,0.0024000000000000002,1.0,48,0.23501953973078593,0.0,-0.1520340637423056,-0.1550340637423056,-0.16829360502816912,-0.1658936050281691,0.016259541285863516,0.0108595412858635,0.9,0.003,1.0,48
48,2020-02,37,-0.08041078776362878,normal,-0.0121,1.0,-0.07989568515884304,20.0,-0.0706568622937345,-0.0730568622937345,-0.07564673390048228,-0.07354673390048228,0.004989871606747784,0.0004898716067477799,0.75,0.0024000000000000002,1.0,37,-0.15339023233760074,20.0,-0.07783114930370907,-0.08023114930370907,-0.06990883921254445,-0.06750883921254446,-0.00792231009116462,-0.012722310091164618,0.8,0.0024000000000000002,1.0,37,-0.09435751541014697,20.0,-0.07393363934989758,-0.07633363934989758,-0.032145633066617156,-0.029745633066617157,-0.04178800628328042,-0.04658800628328042,0.8,0.0024000000000000002,1.0,37,-0.08084400189663347,20.0,-0.06474209903134312,-0.06714209903134312,-0.02342116055099481,-0.02102116055099481,-0.04132093848034831,-0.04612093848034831,0.8,0.0024000000000000002,1.0,37
49,2020-03,46,0.07903240386576653,normal,-0.0367,1.0,-0.1267345050878816,60.0,0.05262505531748367,0.05052505531748367,0.08371816885008607,0.08641816885008606,-0.0310931135326024,-0.03589311353260239,0.8,0.0021,1.0,46,-0.12550107924761023,50.0,0.025662243846611858,0.023562243846611857,0.11929806016508368,0.12139806016508368,-0.09363581631847182,-0.09783581631847182,0.7,0.0021,1.0,46,-0.12266419981498612,50.0,0.02430318768657267,0.02250318768657267,0.06269969240624342,0.06509969240624341,-0.038396504719670745,-0.04259650471967075,0.7,0.0018,1.0,46,-0.14449583718778908,50.0,0.02764258167891408,0.02554258167891408,0.09053619441924696,0.09293619441924696,-0.06289361274033288,-0.06739361274033287,0.75,0.0021,1.0,46
50,2020-04,48,0.02624483667229857,normal,0.2337,1.0,-0.09455058619192358,50.0,0.0020212004509647984,-0.0003787995490352018,0.03078666007621344,0.03348666007621344,-0.02876545962524864,-0.033865459625248645,0.8500000000000001,0.0024000000000000002,1.0,48,-0.09563612679114199,50.0,-0.010475901326981141,-0.01317590132698114,0.02435972166084826,0.02705972166084826,-0.0348356229878294,-0.0402356229878294,0.9,0.0027,1.0,48,-0.11463308727746417,60.0,-0.00352469926211675,-0.0059246992621167505,0.017623150985272028,0.02032315098527203,-0.02114785024738878,-0.02624785024738878,0.8500000000000001,0.0024000000000000002,1.0,48,-0.1265740338688667,60.0,0.024949629222080744,0.022249629222080743,0.03195473490254532,0.03465473490254532,-0.007005105680464578,-0.01240510568046458,0.9,0.0027,1.0,48
51,2020-05,48,0.08868301809929331,normal,0.0419,1.0,0.2609639600521059,80.0,0.11071265150873104,0.10831265150873104,0.03496749148538617,0.03706749148538617,0.07574516002334486,0.07124516002334487,0.75,0.0024000000000000002,1.0,48,0.21287451150673034,100.0,0.1170215409683402,0.11432154096834021,0.057339098279441024,0.060039098279441025,0.05968244268889918,0.05428244268889919,0.9,0.0027,1.0,48,0.32729049066435084,90.0,0.10569618119774078,0.10329618119774078,0.04699374814153281,0.04939374814153281,0.058702433056207974,0.053902433056207975,0.8,0.0024000000000000002,1.0,48,0.27073382544507163,100.0,0.11945764414966538,0.11675764414966538,0.03345103721750002,0.03555103721750002,0.08600660693216536,0.08120660693216536,0.8,0.0027,1.0,48
52,2020-06,48,0.11312846695387242,normal,-0.0196,1.0,0.06719496309161962,100.0,0.10267978280108607,0.09997978280108608,0.07457134963909237,0.07697134963909237,0.0281084331619937,0.023008433161993705,0.8500000000000001,0.0027,1.0,48,-0.06404689535388623,80.0,0.09135152827721472,0.08925152827721472,0.09220033254722967,0.09490033254722967,-0.0008488042700149495,-0.005648804270014948,0.8,0.0021,1.0,48,0.04982631350412505,80.0,0.07514040732077132,0.07334040732077132,0.09243353596887942,0.09543353596887942,-0.0172931286481081,-0.0220931286481081,0.8,0.0018,1.0,48,0.03126356925749023,90.0,0.08687184646770044,0.08477184646770043,0.07483407331759243,0.07723407331759242,0.012037773150108011,0.007537773150108007,0.75,0.0021,1.0,48
53,2020-07,47,0.04208917643195067,normal,-0.0068,1.0,0.08684088806660499,60.0,0.023775377489721836,0.021675377489721835,0.024019149894004034,0.026119149894004035,-0.00024377240428219774,-0.0044437724042822,0.7,0.0021,1.0,47,0.14789546716003701,60.0,0.05493822457164423,0.052838224571644235,0.024268398112924854,0.026368398112924855,0.03066982645871938,0.02646982645871938,0.7,0.0021,1.0,47,0.028561517113783533,60.0,0.04320484763755672,0.04110484763755672,0.05157469751729292,0.05427469751729292,-0.0083698498797362,-0.013169849879736198,0.8,0.0021,1.0,47,0.11470860314523591,60.0,0.03365623759430893,0.03155623759430893,0.03255916674476638,0.03465916674476638,0.001097070849542546,-0.0031029291504574494,0.7,0.0021,1.0,47
54,2020-08,48,0.021036632980354977,normal,0.0002,1.0,0.0486322188449848,30.0,-0.00866547116847632,-0.011365471168476322,-0.008386245834213763,-0.005386245834213763,-0.00027922533426255787,-0.005979225334262559,0.95,0.0027,1.0,48,0.07837603126356926,50.0,-0.006006493063622421,-0.00870649306362242,-0.01971938653318256,-0.017019386533182558,0.013712893469560138,0.008312893469560137,0.9,0.0027,1.0,48,0.049609205384281374,30.0,-0.02043738479420467,-0.02343738479420467,-0.028274417184880118,-0.02587441718488012,0.007837032390675448,0.002437032390675449,0.9,0.003,1.0,48,0.04646113764654798,40.0,0.0061145340086739604,0.0034145340086739603,-0.01971938653318256,-0.017019386533182558,0.02583392054185652,0.02043392054185652,0.9,0.0027,1.0,48
55,2020-09,48,0.09982544977810738,normal,-0.0414,1.0,0.14893617021276598,90.0,0.13461950304862258,0.13281950304862258,0.11298322188796248,0.11538322188796248,0.021636281160660104,0.017436281160660108,0.7,0.0018,1.0,48,0.08619192357794181,90.0,0.11531552042342134,0.11351552042342135,0.07310005283487672,0.07580005283487672,0.04221546758854462,0.03771546758854463,0.75,0.0018,1.0,48,0.10453755970473297,80.0,0.11132961162739388,0.10952961162739389,0.06997959489003616,0.07237959489003616,0.04135001673735772,0.037150016737357724,0.7,0.0018,1.0,48,0.1165870603560573,90.0,0.11815582216512768,0.11635582216512769,0.08991076043941529,0.09231076043941529,0.028245061725712395,0.0240450617257124,0.7,0.0018,1.0,48
56,2020-10,48,0.16130628800776356,normal,-0.0239,1.0,-0.215154146765089,100.0,0.18601579262018247,0.18331579262018247,0.20036723913185944,0.20246723913185943,-0.014351446511676968,-0.019151446511676967,0.8,0.0027,1.0,48,-0.13482414242292662,100.0,0.15403705873148552,0.1513370587314855,0.17119193613809153,0.17299193613809152,-0.01715487740660601,-0.021654877406606016,0.75,0.0027,1.0,48,-0.2915762049500651,90.0,0.135786235460978,0.133386235460978,0.22938486902245914,0.23178486902245915,-0.09359863356148113,-0.09839863356148115,0.8,0.0024000000000000002,1.0,48,-0.25564481111593573,100.0,0.14623784054897476,0.14323784054897476,0.1971260038219103,0.1992260038219103,-0.05088816327293555,-0.05598816327293554,0.85,0.003,1.0,48
57,2020-11,48,0.13635345320109798,normal,-0.018,1.0,0.060356057316543636,100.0,0.14147058143726884,0.13907058143726883,0.1331467609882952,0.1355467609882952,0.008323820448973646,0.003523820448973619,0.8,0.0024000000000000002,1.0,48,-0.12592270950933565,100.0,0.12185198706173095,0.11945198706173095,0.14973122302537428,0.1524312230253743,-0.027879235963643334,-0.03297923596364334,0.8500000000000001,0.0024000000000000002,1.0,48,-0.13699522362136343,100.0,0.10636552842382936,0.10396552842382936,0.14384593092359904,0.14594593092359903,-0.03748040249976968,-0.04198040249976967,0.75,0.0024000000000000002,1.0,48,-0.04613547546678245,100.0,0.1292719102847974,0.12687191028479738,0.13102084746276862,0.13342084746276864,-0.001748937177971227,-0.0065489371779712535,0.8,0.0024000000000000002,1.0,48
58,2020-12,48,0.08289934599043101,normal,0.0055,1.0,-0.13113330438558404,70.0,0.026842881623440958,0.024142881623440957,0.07901627341629007,0.08141627341629007,-0.05217339179284911,-0.05727339179284911,0.8500000000000001,0.0027,1.0,48,-0.08228397742075554,80.0,0.07902156911917144,0.07632156911917144,0.07308793701277294,0.07608793701277294,0.005933632106398495,0.00023363210639849863,0.95,0.0027,1.0,48,0.08260963960052106,70.0,0.09428419675384393,0.09188419675384393,0.08566554092407044,0.08836554092407044,0.008618655829773489,0.0035186558297734954,0.8500000000000001,0.0024000000000000002,1.0,48,-0.07881024750325662,70.0,0.053649304669561935,0.050949304669561934,0.07618327460414583,0.07918327460414583,-0.02253396993458389,-0.028233969934583894,0.95,0.0027,1.0,48
59,2021-01,48,0.10588456513481188,normal,-0.0055,1.0,-0.1900781589231437,100.0,0.11170312897130116,0.10870312897130116,0.19067932699273665,0.19307932699273667,-0.07897619802143549,-0.0843761980214355,0.9,0.003,1.0,48,-0.0877116804168476,100.0,0.13104647422530463,0.12834647422530462,0.16238334487337597,0.16478334487337598,-0.031336870648071335,-0.03643687064807136,0.8500000000000001,0.0027,1.0,48,-0.22166739036039948,60.0,0.07075699733971581,0.06805699733971582,0.16488949586301724,0.16728949586301725,-0.09413249852330142,-0.09923249852330143,0.8500000000000001,0.0027,1.0,48,-0.12700825010855404,100.0,0.12429697304350973,0.12129697304350973,0.19717717024125186,0.19927717024125186,-0.07288019719774214,-0.07798019719774213,0.85,0.003,1.0,48
60,2021-02,48,0.026544684760654552,normal,-0.0256,1.0,0.1508901432913591,80.0,0.058029305388849664,0.055629305388849665,0.01807990105388495,0.01987990105388495,0.03994940433496472,0.035749404334964714,0.7,0.0024000000000000002,1.0,48,0.10725141120277899,70.0,0.049527906737754486,0.04712790673775449,0.017728923566595577,0.019228923566595578,0.03179898317115891,0.02789898317115891,0.65,0.0024000000000000002,1.0,48,0.15013026487190623,60.0,0.028248999825877325,0.026148999825877324,0.0008279950558836999,0.0029279950558836997,0.027421004769993627,0.023221004769993624,0.7,0.0021,1.0,48,0.1403603994789405,80.0,0.05489868243090372,0.05279868243090372,0.02835453408091443,0.02985453408091443,0.02654414834998929,0.022944148349989292,0.6,0.0021,1.0,48
61,2021-03,47,0.05389105644381507,normal,-0.0299,1.0,0.3654024051803886,90.0,0.10119722711556993,0.09849722711556994,0.02712701222568518,0.029227012225685182,0.07407021488988474,0.06927021488988475,0.8,0.0027,1.0,47,0.2732423681776133,80.0,0.07430559072633569,0.0716055907263357,0.04417167019130604,0.046271670191306034,0.030133920535029654,0.025333920535029662,0.8,0.0027,1.0,47,0.20316836262719704,90.0,0.07779216945101015,0.07539216945101015,0.04049196928673458,0.043191969286734584,0.03730020016427557,0.03220020016427557,0.8500000000000001,0.0024000000000000002,1.0,47,0.35800185013876046,90.0,0.10119722711556993,0.09849722711556994,0.02488234039865015,0.02698234039865015,0.07631488671691977,0.07151488671691979,0.8,0.0027,1.0,47
62,2021-04,48,0.09320224705704565,normal,-0.0378,1.0,-0.149587494572297,100.0,0.07783262659674903,0.07513262659674903,0.126472843666757,0.12887284366675703,-0.048640217070007985,-0.05374021707000799,0.8500000000000001,0.0027,1.0,48,-0.0991098567086409,100.0,0.07940478431101959,0.07730478431101959,0.09283382772408018,0.09523382772408018,-0.013429043413060587,-0.01792904341306059,0.75,0.0021,1.0,48,-0.12776812852800695,100.0,0.09181175460411149,0.0900117546041115,0.09349111948628343,0.09619111948628342,-0.0016793648821719354,-0.0061793648821719255,0.75,0.0018,1.0,48,-0.11561007381676074,100.0,0.07478768710076095,0.07238768710076095,0.11044488692695072,0.11284488692695072,-0.03565719982618977,-0.04045719982618977,0.8,0.0024000000000000002,1.0,48
63,2021-05,48,0.02383085623065369,normal,-0.018,1.0,0.24576639166304817,90.0,0.05704954905388894,0.05464954905388894,0.011305572896959729,0.013405572896959728,0.04574397615692921,0.041243976156929214,0.75,0.0024000000000000002,1.0,48,0.2783326096396005,70.0,0.048152052886355344,0.04545205288635534,-0.0078208503549972,-0.006020850354997201,0.055972903241352547,0.05147290324135254,0.75,0.0027,1.0,48,0.2573816760746852,70.0,0.04221976669071617,0.03951976669071617,-0.00199755644377799,0.00010244355622200966,0.04421732313449416,0.03941732313449416,0.8,0.0027,1.0,48,0.2858228397742075,70.0,0.0453044808577959,0.0429044808577959,-0.002604901225625091,-0.000504901225625091,0.047909382083420986,0.04340938208342099,0.75,0.0024000000000000002,1.0,48
64,2021-06,48,0.0448156786773491,normal,-0.03,1.0,0.07327399044724273,60.0,0.0281965794904561,0.0263965794904561,0.01787570627452559,0.019975706274525593,0.010320873215930507,0.006420873215930507,0.6499999999999999,0.0018,1.0,48,0.1768345636126791,60.0,0.04718953637660608,0.045389536376606074,0.01111767720281245,0.01321767720281245,0.03607185917379363,0.03217185917379362,0.6499999999999999,0.0018,1.0,48,0.23349978289188014,90.0,0.07128052989459646,0.07008052989459645,0.016983442851124145,0.019383442851124144,0.05429708704347232,0.05069708704347231,0.6000000000000001,0.0012000000000000001,1.0,48,0.1392748588797221,60.0,0.035076895172081214,0.03327689517208121,0.002613151447721311,0.005013151447721312,0.0324637437243599,0.0282637437243599,0.7,0.0018,1.0,48
65,2021-07,48,0.09334485065522007,normal,-0.0219,1.0,0.15686061658706035,100.0,0.10451721712008281,0.10271721712008282,0.06375428679853096,0.06585428679853096,0.04076293032155186,0.03686293032155186,0.6499999999999999,0.0018,1.0,48,0.22372991749891447,100.0,0.13115184639605565,0.12935184639605565,0.0796471349612378,0.0814471349612378,0.05150471143481784,0.04790471143481785,0.6,0.0018,1.0,48,0.02507598784194529,100.0,0.11530858902683341,0.11350858902683342,0.0974235440553287,0.0995235440553287,0.017885044971504713,0.013985044971504712,0.6499999999999999,0.0018,1.0,48,0.21428571428571427,100.0,0.12244347374496282,0.12094347374496282,0.0638360027886356,0.06593600278863561,0.05860747095632722,0.055007470956327215,0.6,0.0015,1.0,48
66,2021-08,48,0.06379722329183862,normal,-0.0217,1.0,0.08098132870169343,90.0,0.11303957253539373,0.11093957253539373,0.029363384194021236,0.031763384194021235,0.0836761883413725,0.0791761883413725,0.75,0.0021,1.0,48,0.06534954407294832,70.0,0.07719000472121434,0.07479000472121435,0.06594356219305568,0.06774356219305568,0.011246442528158665,0.0070464425281586696,0.7,0.0024000000000000002,1.0,48,0.25694745983499784,80.0,0.06208430307484687,0.05968430307484687,0.039950819085359725,0.04205081908535972,0.022133483989487147,0.01763348398948715,0.75,0.0024000000000000002,1.0,48,0.11246200607902736,80.0,0.0814233501677881,0.07932335016778809,0.05353192926046296,0.055331929260462966,0.027891420907325132,0.023991420907325124,0.6499999999999999,0.0021,1.0,48
67,2021-09,48,0.018337915529188575,normal,-0.0208,1.0,0.1070343030829353,60.0,0.022524142146938972,0.01982414214693897,-0.0044606445736910085,-0.0020606445736910083,0.02698478672062998,0.02188478672062998,0.8500000000000001,0.0027,1.0,48,0.17162396873643074,70.0,0.04022919310712929,0.03752919310712929,0.0026893495641991186,0.005089349564199119,0.03753984354293017,0.03243984354293017,0.8500000000000001,0.0027,1.0,48,0.24685193226226662,70.0,0.03548903750662138,0.03278903750662138,0.0031131699623823924,0.005513169962382393,0.03237586754423898,0.027275867544238983,0.8500000000000001,0.0027,1.0,48,0.1525184541901867,60.0,0.022524142146938965,0.019824142146938964,0.0012656117218993624,0.0036656117218993624,0.021258530425039602,0.0161585304250396,0.8500000000000001,0.0027,1.0,48
68,2021-10,48,-0.011144060013276514,normal,-0.0087,1.0,-0.10779418150238818,40.0,1.2460700135899506e-06,-0.00209875392998641,0.002807936015829549,0.0046079360158295495,-0.002806689945815959,-0.0067066899458159595,0.6499999999999999,0.0021,1.0,48,-0.0457012592270951,40.0,-0.01031259688076518,-0.01241259688076518,-0.01224863782488445,-0.01104863782488445,0.0019360409441192706,-0.0013639590558807285,0.55,0.0021,1.0,48,-0.00803300043421624,60.0,0.015918913840804707,0.013218913840804706,-0.0005585079108797304,0.0012414920891202696,0.016477421751684436,0.011977421751684435,0.75,0.0027,1.0,48,-0.05492835432045158,40.0,-0.0013885274173599694,-0.0034885274173599694,0.0009893951508454385,0.0024893951508454387,-0.002377922568205408,-0.005977922568205408,0.6,0.0021,1.0,48
69,2021-11,48,0.06367079001939607,normal,-0.0105,1.0,0.10605731654363873,90.0,0.06830233251650882,0.06620233251650881,0.036817359540385376,0.03861735954038538,0.03148497297612344,0.02758497297612343,0.6499999999999999,0.0021,1.0,48,0.0882544507164568,90.0,0.055506884934436174,0.053406884934436176,0.03575104998182192,0.037551049981821925,0.01975583495261425,0.01585583495261425,0.6499999999999999,0.0021,1.0,48,0.14871906209292227,90.0,0.054464624275043935,0.052964624275043934,0.015193642942941333,0.016993642942941332,0.039270981332102606,0.0359709813321026,0.55,0.0015,1.0,48,0.13178462874511507,90.0,0.07607923514385599,0.074279235143856,0.026255025591065816,0.028055025591065815,0.049824209552790176,0.04622420955279018,0.6,0.0018,1.0,48
70,2021-12,48,-0.020239106431845025,normal,-0.0207,1.0,0.1609856708640903,40.0,-0.015984573556713472,-0.018384573556713472,-0.041817528187007756,-0.038817528187007753,0.025832954630294284,0.020432954630294282,0.9,0.0024000000000000002,1.0,48,0.24913156752062524,20.0,-0.03050948790389015,-0.03290948790389015,-0.07927211721764311,-0.07657211721764312,0.04876262931375297,0.04366262931375297,0.8500000000000001,0.0024000000000000002,1.0,48,0.3493269648284846,30.0,-0.01641044582550649,-0.01911044582550649,-0.09841521639054415,-0.09571521639054416,0.08200477056503766,0.07660477056503767,0.9,0.0027,1.0,48,0.27073382544507163,40.0,-0.01639774994562032,-0.01879774994562032,-0.07927211721764311,-0.07657211721764312,0.0628743672720228,0.0577743672720228,0.8500000000000001,0.0024000000000000002,1.0,48
71,2022-01,48,-0.026983717453787876,normal,-0.0147,1.0,0.011398176291793311,30.0,-0.026801380243261654,-0.029501380243261655,-0.04747035530010625,-0.04477035530010625,0.020668975056844598,0.015268975056844596,0.9,0.0027,1.0,48,0.03484585323491098,60.0,0.0072412716031902535,0.004541271603190253,-0.04710524409301954,-0.04470524409301954,0.054346515696209796,0.049246515696209796,0.8500000000000001,0.0027,1.0,48,0.3089448545375597,60.0,0.014807469553961972,0.012107469553961973,-0.06635153644584417,-0.06365153644584418,0.08115900599980615,0.07575900599980614,0.9,0.0027,1.0,48,0.08836300477637862,40.0,-0.004302252867524801,-0.007002252867524801,-0.05352607238536646,-0.05082607238536646,0.04922381951784166,0.04382381951784166,0.9,0.0027,1.0,48
72,2022-02,48,0.05288138205352481,normal,-0.0069,1.0,-0.11246200607902736,70.0,0.025563887637644417,0.023463887637644416,0.02329220458394376,0.02539220458394376,0.0022716830537006585,-0.0019283169462993438,0.7,0.0021,1.0,48,-0.10399478940512374,80.0,0.04317781537904177,0.04137781537904177,0.03865671837243884,0.04105671837243884,0.004521097006602928,0.0003210970066029259,0.7,0.0018,1.0,48,-0.10974815458098132,70.0,0.0281083376984684,0.0263083376984684,0.05827418933517079,0.06037418933517079,-0.030165851636702393,-0.03406585163670239,0.6499999999999999,0.0018,1.0,48,-0.09759009986973512,70.0,0.02479251714830811,0.022692517148308108,0.03029003175736299,0.03239003175736299,-0.005497514609054881,-0.009697514609054884,0.7,0.0021,1.0,48
73,2022-03,48,-0.04512082195828996,normal,-0.0134,1.0,-0.025510204081632654,40.0,-0.04145879673499438,-0.043858796734994376,-0.027278780227945266,-0.025178780227945265,-0.014180016507049111,-0.01868001650704911,0.75,0.0024000000000000002,1.0,48,-0.1733608336951802,10.0,-0.09718451029469141,-0.09898451029469141,-0.03856168102272285,-0.03616168102272285,-0.05862282927196856,-0.06282282927196856,0.7,0.0018,1.0,48,-0.24044724272687798,20.0,-0.07970961897788034,-0.08180961897788035,-0.018378896769179566,-0.015978896769179567,-0.061330722208700776,-0.06583072220870079,0.75,0.0021,1.0,48,-0.11311333043855841,30.0,-0.05788026550832508,-0.059980265508325074,-0.034930627483911916,-0.03283062748391192,-0.02294963802441316,-0.027149638024413156,0.7,0.0021,1.0,48
74,2022-04,48,-0.08197144077324757,normal,-0.0124,1.0,0.1088797221016066,20.0,-0.10281454558388906,-0.10551454558388905,-0.11520267776259621,-0.11250267776259622,0.012388132178707156,0.006988132178707168,0.9,0.0027,1.0,48,-0.14448545375597047,20.0,-0.09450707537429942,-0.09600707537429942,-0.05498657813184765,-0.05228657813184765,-0.03952049724245177,-0.04372049724245177,0.7,0.0015,1.0,48,-0.24077290490664352,10.0,-0.10977344088167265,-0.11097344088167266,-0.07357412421877854,-0.07117412421877854,-0.03619931666289411,-0.039799316662894116,0.6000000000000001,0.0012000000000000001,1.0,48,-0.06013894919669995,20.0,-0.10299687176772472,-0.10479687176772472,-0.05487716792853322,-0.05217716792853322,-0.0481197038391915,-0.0526197038391915,0.75,0.0018,1.0,48
75,2022-05,48,-0.0302223699998822,normal,-0.0082,1.0,-0.35660008684324795,20.0,-0.07012439031869659,-0.0722243903186966,0.012365257983887807,0.014765257983887808,-0.0824896483025844,-0.0869896483025844,0.75,0.0021,1.0,48,-0.30297438124185844,20.0,-0.06316369273655628,-0.06526369273655629,-0.0038370698353323907,-0.0017370698353323909,-0.05932662290122389,-0.06352662290122389,0.7,0.0021,1.0,48,-0.451476335214937,20.0,-0.05573811754148165,-0.05813811754148165,0.03126118959862843,0.033961189598628434,-0.08699930714011009,-0.09209930714011008,0.8500000000000001,0.0024000000000000002,1.0,48,-0.4015414676508902,20.0,-0.06319244794235618,-0.06529244794235618,0.00912080001618421,0.01122080001618421,-0.07231324795854038,-0.07651324795854039,0.7,0.0021,1.0,48
76,2022-06,48,0.13481982518962354,normal,0.0079,1.0,0.2517368649587495,100.0,0.16784697333537613,0.16514697333537612,0.14291675132957662,0.14531675132957664,0.0249302220057995,0.01983022200579948,0.8500000000000001,0.0027,1.0,48,0.30492835432045157,100.0,0.18145335856425185,0.17905335856425184,0.09904464024227005,0.10144464024227005,0.0824087183219818,0.07760871832198178,0.8,0.0024000000000000002,1.0,48,0.27105948762483717,100.0,0.19340856128693798,0.191308561286938,0.10265292222522446,0.10475292222522446,0.09075563906171352,0.08655563906171353,0.7,0.0021,1.0,48,0.2865827181936604,100.0,0.18738950551322633,0.18468950551322633,0.11056684535377195,0.11266684535377196,0.07682266015945438,0.07202266015945437,0.8,0.0027,1.0,48
77,2022-07,48,0.0617408165014652,normal,0.0027,1.0,-0.12961354754667823,70.0,0.03352870006433059,0.03082870006433059,0.051881468254561615,0.05488146825456162,-0.018352768190231024,-0.024052768190231028,0.95,0.0027,1.0,48,-0.11061658706035606,80.0,0.03943069512268359,0.036730695122683586,0.09000399836405967,0.09240399836405967,-0.050573303241376086,-0.055673303241376086,0.8500000000000001,0.0027,1.0,48,-0.044398610508032996,60.0,0.022433409506679047,0.019733409506679046,0.031656788186319784,0.034356788186319785,-0.009223378679640737,-0.014623378679640739,0.9,0.0027,1.0,48,-0.0922709509335649,70.0,0.027054267062618497,0.024354267062618496,0.05894855890332984,0.06164855890332984,-0.03189429184071134,-0.03729429184071134,0.9,0.0027,1.0,48
78,2022-08,48,-0.03316475999166083,normal,-0.0253,1.0,-0.017694311767260096,20.0,-0.03147182813880565,-0.03387182813880565,-0.02552603222463733,-0.02252603222463733,-0.005945795914168318,-0.011345795914168316,0.9,0.0024000000000000002,1.0,48,0.01953973078593139,20.0,-0.033814424525070955,-0.03561442452507096,-0.03670601399623457,-0.03430601399623457,0.002891589471163615,-0.0013084105288363873,0.7,0.0018,1.0,48,-0.013243595310464611,10.0,-0.04141201972424771,-0.04291201972424771,-0.04056984230993099,-0.038469842309930995,-0.0008421774143167193,-0.004442177414316718,0.6,0.0015,1.0,48,-0.01128962223187147,10.0,-0.03648347963618802,-0.03798347963618802,-0.029116125624963473,-0.026716125624963474,-0.007367354011224545,-0.011267354011224546,0.65,0.0015,1.0,48
79,2022-09,48,0.05519316447253527,normal,-0.0189,1.0,-0.04646113764654798,90.0,0.04922492732701335,0.04682492732701335,0.06470832659877887,0.06680832659877887,-0.015483399271765522,-0.019983399271765526,0.75,0.0024000000000000002,1.0,48,0.047003907946157185,80.0,0.03055702655021545,0.02935702655021545,0.04280924811075714,0.04490924811075714,-0.01225222156054169,-0.015552221560541687,0.55,0.0012000000000000001,1.0,48,0.012917933130699088,90.0,0.041365162261046765,0.040165162261046765,0.060869129396348656,0.06296912939634866,-0.019503967135301892,-0.022803967135301896,0.55,0.0012000000000000001,1.0,48,-0.0039079461571862786,80.0,0.03644807825650459,0.03494807825650459,0.05665128369608311,0.058451283696083114,-0.02020320543957852,-0.023503205439578526,0.55,0.0015,1.0,48
80,2022-10,48,0.02595451794312825,normal,-0.0138,1.0,0.06404689535388623,70.0,0.04439751368109229,0.042297513681092296,0.03754625892115655,0.039346258921156556,0.00685125475993574,0.0029512547599357397,0.6499999999999999,0.0021,1.0,48,0.051780286582718195,70.0,0.03974992646647494,0.03764992646647494,0.031422276764302384,0.033822276764302384,0.008327649702172556,0.0038276497021725586,0.75,0.0021,1.0,48,0.10052105948762484,60.0,0.03207611535957198,0.029976115359571977,0.023313933294130534,0.025713933294130534,0.008762182065441444,0.004262182065441444,0.75,0.0021,1.0,48,0.06350412505427702,60.0,0.031688046683324075,0.029888046683324076,0.021634281713402002,0.024034281713402002,0.010053764969922073,0.005853764969922074,0.7,0.0018,1.0,48
81,2022-11,48,-0.03605982917296386,normal,-0.0098,1.0,-0.06252713851498046,20.0,-0.03996401232663231,-0.04206401232663231,-0.03444432461535132,-0.03234432461535132,-0.005519687711280995,-0.00971968771128099,0.7,0.0021,1.0,48,-0.13037342596613113,20.0,-0.0339238675176254,-0.036023867517625395,-0.025508997089544024,-0.023708997089544024,-0.008414870428081374,-0.012314870428081371,0.6499999999999999,0.0021,1.0,48,-0.010095527572731218,40.0,-0.018952791012997787,-0.021052791012997788,-0.03164810400023385,-0.02924810400023385,0.012695312987236064,0.008195312987236063,0.75,0.0021,1.0,48,-0.1017151541467651,20.0,-0.01909285402861644,-0.02119285402861644,-0.02977379628777574,-0.027673796287775738,0.0106809422591593,0.006480942259159298,0.7,0.0021,1.0,48
82,2022-12,48,-0.01642910403922165,normal,-0.0113,1.0,-0.2777898393399913,30.0,-0.052878673166384636,-0.054978673166384634,0.0023109242095845813,0.004110924209584581,-0.05518959737596922,-0.059089597375969215,0.6499999999999999,0.0021,1.0,48,-0.3038428137212332,20.0,-0.05427211850869289,-0.056372118508692885,0.00289014506839439,0.0049901450683943905,-0.05716226357708728,-0.061362263577087274,0.7,0.0021,1.0,48,-0.11723838471558837,20.0,-0.060087474697198516,-0.062487474697198515,-0.028038625367046273,-0.026238625367046273,-0.03204884933015224,-0.03624884933015224,0.7,0.0024000000000000002,1.0,48,-0.27268779852366476,20.0,-0.06221227704023145,-0.06431227704023146,0.00711441770730103,0.00921441770730103,-0.06932669474753249,-0.07352669474753248,0.7,0.0021,1.0,48
83,2023-01,48,-0.033516695224209365,normal,-0.017,1.0,0.2310030395136778,30.0,-0.015564205266618572,-0.01796420526661857,-0.043359074973954075,-0.040659074973954074,0.027794869707335502,0.022694869707335502,0.8500000000000001,0.0024000000000000002,1.0,48,0.3041684759009987,40.0,-0.006908673609416727,-0.008708673609416727,-0.07449025547255865,-0.07209025547255865,0.06758158186314192,0.06338158186314193,0.7,0.0018,1.0,48,0.1998480243161094,50.0,0.002386361299798019,-1.363870020198131e-05,-0.03129539811048506,-0.02859539811048506,0.03368175941028308,0.028581759410283077,0.8500000000000001,0.0024000000000000002,1.0,48,0.26172383847155883,30.0,-0.005833287005047249,-0.00823328700504725,-0.04083916130246647,-0.03843916130246647,0.03500587429741922,0.03020587429741922,0.8,0.0024000000000000002,1.0,48
84,2023-02,48,0.03284191139883252,normal,-0.0128,1.0,0.1504559270516717,100.0,0.0614585782211482,0.0590585782211482,0.03625200175693983,0.03835200175693983,0.025206576464208368,0.02070657646420837,0.75,0.0024000000000000002,1.0,48,0.12288319583152409,80.0,0.03664540808444984,0.03424540808444984,0.04916070895898576,0.05156070895898576,-0.012515300874535923,-0.01731530087453592,0.8,0.0024000000000000002,1.0,48,0.21081198436821533,90.0,0.05629123456864795,0.05449123456864795,0.03503216468100491,0.03683216468100491,0.02125906988764304,0.017659069887643035,0.6,0.0018,1.0,48,0.1717325227963526,100.0,0.0614585782211482,0.0590585782211482,0.05186290391871008,0.05396290391871008,0.009595674302438115,0.005095674302438118,0.75,0.0024000000000000002,1.0,48
85,2023-03,48,0.056353547300190855,normal,-0.0062,1.0,0.03994789405123751,90.0,0.07098222179601779,0.0691822217960178,0.039646280744160385,0.04174628074416038,0.031335941051857406,0.027435941051857413,0.6499999999999999,0.0018,1.0,48,0.07218844984802432,80.0,0.05798078923723884,0.05588078923723884,0.03998468053586532,0.04178468053586532,0.01799610870137352,0.014096108701373518,0.6499999999999999,0.0021,1.0,48,0.0644811115935736,90.0,0.07478346611153555,0.07238346611153555,0.05348083898843818,0.05558083898843818,0.02130262712309737,0.016802627123097373,0.75,0.0024000000000000002,1.0,48,0.04765523230568824,90.0,0.07125169516206152,0.06915169516206152,0.03964628074416038,0.041746280744160376,0.03160541441790114,0.02740541441790114,0.7,0.0021,1.0,48
86,2023-04,48,0.04910511340458915,normal,-0.0082,1.0,0.1569691706469822,90.0,0.051462016655377675,0.04936201665537768,0.02320721832958786,0.02530721832958786,0.028254798325789816,0.024054798325789817,0.7,0.0021,1.0,48,0.12190620929222752,90.0,0.05848584450354992,0.05638584450354992,0.029759377061989313,0.031559377061989316,0.028726467441560606,0.024826467441560605,0.6499999999999999,0.0021,1.0,48,0.015957446808510637,90.0,0.048954708290887675,0.04715470829088767,0.04300154965972971,0.04480154965972971,0.005953158631157966,0.0023531586311579603,0.6,0.0018,1.0,48,0.10616587060356056,90.0,0.04548962927352444,0.043089629273524443,0.02401099066568289,0.02581099066568289,0.021478638607841553,0.017278638607841554,0.7,0.0024000000000000002,1.0,48
87,2023-05,48,0.053312810638751845,normal,-0.0214,1.0,-0.12223187147199306,80.0,0.045881714554028494,0.04318171455402849,0.07948238674443112,0.08248238674443112,-0.03360067219040262,-0.039300672190402626,0.95,0.0027,1.0,48,0.06328701693443335,90.0,0.07557641745964534,0.07287641745964535,0.06764227519111185,0.07064227519111185,0.007934142268533492,0.0022341422685334955,0.95,0.0027,1.0,48,0.04830655666521928,80.0,0.039677926681327,0.036977926681326996,0.06407365482086737,0.06707365482086737,-0.02439572813954037,-0.030095728139540374,0.95,0.0027,1.0,48,0.001519756838905775,80.0,0.0565945864581497,0.0538945864581497,0.06581365048559511,0.06881365048559511,-0.009219064027445406,-0.01491906402744541,0.95,0.0027,1.0,48
88,2023-06,48,0.018794988787675663,normal,-0.0231,1.0,0.19865392965696918,60.0,0.04115775678244325,0.03845775678244325,0.022742756536636398,0.0254427565366364,0.018415000245806855,0.013015000245806853,0.9,0.0027,1.0,48,0.19257490230134605,60.0,0.03147235702050832,0.028472357020508317,0.016977555930053647,0.019677555930053648,0.01449480109045467,0.00879480109045467,0.95,0.003,1.0,48,0.2464177160225792,90.0,0.05239450577834424,0.049394505778344235,-0.0081150573686671,-0.0051150573686671,0.060509563147011336,0.05450956314701134,1.0,0.003,1.0,48,0.2232957012592271,90.0,0.06493749834744428,0.061937498347444275,0.02187134601431067,0.02457134601431067,0.04306615233313361,0.037366152333133604,0.95,0.003,1.0,48
89,2023-07,48,0.024714410292252558,normal,-0.011,1.0,0.20462440295267043,70.0,0.02786275668396098,0.02576275668396098,0.0014859638667139498,0.00358596386671395,0.02637679281724703,0.022176792817247028,0.7,0.0021,1.0,48,0.3036257056013895,90.0,0.049333856062129186,0.04723385606212919,0.02039844176327401,0.02279844176327401,0.028935414298855176,0.02443541429885518,0.75,0.0021,1.0,48,0.2494572297003908,90.0,0.06973766412766266,0.06793766412766267,0.016172432189761457,0.018272432189761458,0.053565231937901206,0.049665231937901205,0.6499999999999999,0.0018,1.0,48,0.2935301780286583,80.0,0.03340546419578434,0.031305464195784345,0.0005562771182600311,0.0032562771182600312,0.03284918707752431,0.028049187077524313,0.8,0.0021,1.0,48
90,2023-08,48,0.04416201251382967,normal,-0.0029,1.0,0.09389926183239251,80.0,0.041816988851431376,0.040316988851431375,0.03889695659432779,0.04129695659432779,0.0029200322571035844,-0.0009799677428964162,0.65,0.0015,1.0,48,0.1471993052540165,80.0,0.035118021152746245,0.03331802115274624,0.03836359951318949,0.04046359951318949,-0.0032455783604432437,-0.007145578360443244,0.6499999999999999,0.0018,1.0,48,0.1282023447676943,90.0,0.04394306633036858,0.041843066330368585,0.028755272537348164,0.031155272537348164,0.015187793793020418,0.010687793793020421,0.75,0.0021,1.0,48,0.1431828050369084,80.0,0.047660508127404085,0.046460508127404085,0.04682644191379694,0.048926441913796935,0.0008340662136071472,-0.00246593378639285,0.55,0.0012000000000000001,1.0,48
91,2023-09,48,0.01744789502645411,normal,-0.0146,1.0,-0.062418584455058615,50.0,0.00957377828480121,0.00717377828480121,0.01595928060938252,0.01835928060938252,-0.006385502324581309,-0.01118550232458131,0.8,0.0024000000000000002,1.0,48,-0.05080330004342163,60.0,0.02140778590066847,0.018707785900668468,0.015054650706422881,0.01745465070642288,0.006353135194245588,0.0012531351942455873,0.8500000000000001,0.0027,1.0,48,-0.19431176726009552,20.0,-0.00808908423408337,-0.01018908423408337,0.022102096703583783,0.024202096703583784,-0.030191180937667154,-0.03439118093766715,0.7,0.0021,1.0,48,-0.1064915327833261,40.0,0.004927354659746852,0.0025273546597468517,0.020292465019355558,0.022692465019355557,-0.015365110359608705,-0.020165110359608704,0.8,0.0024000000000000002,1.0,48
92,2023-10,48,0.11985943545175476,normal,-0.0178,1.0,0.17640034737299176,100.0,0.11451623371678261,0.11271623371678262,0.09072047297396271,0.09252047297396271,0.023795760742819902,0.02019576074281991,0.6,0.0018,1.0,48,0.3275075987841945,100.0,0.15031466524253517,0.14761466524253516,0.08203576042062517,0.08413576042062518,0.06827890482191,0.06347890482190999,0.8,0.0027,1.0,48,0.24565783760312634,100.0,0.14781390435671357,0.14601390435671358,0.10930450289959603,0.11110450289959603,0.03850940145711754,0.034909401457117545,0.6,0.0018,1.0,48,0.22448979591836735,100.0,0.1344387113408894,0.1326387113408894,0.10758398990607101,0.10968398990607102,0.026854721434818374,0.022954721434818373,0.6499999999999999,0.0018,1.0,48
93,2023-11,48,0.07783578275759163,normal,-0.0226,1.0,0.06111593573599653,80.0,0.07636958603122818,0.07456958603122818,0.06216811207667337,0.06516811207667336,0.01420147395455481,0.009401473954554818,0.8,0.0018,1.0,48,0.14546244029526706,80.0,0.09139436572582298,0.08929436572582297,0.05336939303678161,0.055769393036781606,0.03802497268904137,0.033524972689041366,0.75,0.0021,1.0,48,0.12429439861050803,90.0,0.09652775634033803,0.09532775634033802,0.06957692816182562,0.07167692816182562,0.02695082817851241,0.023650828178512398,0.55,0.0012000000000000001,1.0,48,0.08434650455927051,80.0,0.09139436572582298,0.08929436572582297,0.059909580280665384,0.06230958028066538,0.03148478544515759,0.02698478544515759,0.75,0.0021,1.0,48
94,2023-12,48,0.023821196647081395,normal,-0.0173,1.0,0.228831958315241,60.0,0.06473256493396576,0.06233256493396576,0.008576191694233778,0.010676191694233778,0.05615637323973198,0.05165637323973198,0.75,0.0024000000000000002,1.0,48,0.44072948328267475,60.0,0.04884359511055657,0.04644359511055657,-0.04413929689968506,-0.04203929689968506,0.09298289201024162,0.08848289201024162,0.75,0.0024000000000000002,1.0,48,0.36854103343465044,80.0,0.11761461847642576,0.11551461847642576,-0.03659149269074967,-0.03419149269074967,0.15420611116717542,0.14970611116717542,0.75,0.0021,1.0,48,0.379070777247069,60.0,0.045968811974268456,0.04356881197426846,-0.023856413410257397,-0.021756413410257396,0.06982522538452585,0.06532522538452586,0.75,0.0024000000000000002,1.0,48
95,2024-01,48,0.020231361037889688,normal,-0.0292,1.0,0.007815892314372557,50.0,0.026351697471161062,0.02485169747116106,0.028339531090583174,0.030739531090583173,-0.001987833619422112,-0.005887833619422113,0.65,0.0015,1.0,48,-0.003799392097264438,50.0,0.02131972355420075,0.01951972355420075,-0.01183743727930876,-0.00973743727930876,0.03315716083350951,0.02925716083350951,0.6499999999999999,0.0018,1.0,48,-0.011615284411636995,50.0,0.03823109997385074,0.03643109997385074,0.0169341935180468,0.0187341935180468,0.02129690645580394,0.017696906455803938,0.6,0.0018,1.0,48,0.013786365610073816,50.0,0.026351697471161062,0.02485169747116106,-0.01183743727930876,-0.00973743727930876,0.038189134750469825,0.03458913475046982,0.6,0.0015,1.0,48
96,2024-02,48,0.002519793616983051,normal,-0.0159,1.0,0.1313504125054277,70.0,0.03521661553484926,0.03341661553484926,-0.01607524464482126,-0.013675244644821262,0.05129186017967052,0.04709186017967052,0.7,0.0018,1.0,48,0.2273122014763352,60.0,0.03952177758240525,0.03742177758240525,0.004723251075346839,0.006823251075346839,0.03479852650705841,0.030598526507058414,0.7,0.0021,1.0,48,0.3000434216239687,70.0,0.04210535964373373,0.040305359643733725,-0.01711135088890804,-0.015611350888908039,0.05921671053264177,0.055916710532641765,0.55,0.0018,1.0,48,0.1797655232305688,70.0,0.042105359643733735,0.04030535964373373,-0.00015945336716009854,0.0025405466328399014,0.04226481301089383,0.03776481301089383,0.75,0.0018,1.0,48
97,2024-03,48,0.0077346349242125535,normal,-0.0203,1.0,-0.00911854103343465,60.0,0.010557994801398069,0.00905799480139807,0.03172476664639588,0.03412476664639588,-0.021166771844997816,-0.025066771844997813,0.65,0.0015,1.0,48,0.13797221016066,90.0,0.05318539212631919,0.05168539212631919,-0.00432201516215566,-0.00222201516215566,0.05750740728847485,0.053907407288474846,0.6,0.0015,1.0,48,0.22503256621797654,80.0,0.04562848536542265,0.04442848536542265,-0.015459328137111802,-0.013659328137111803,0.06108781350253445,0.05808781350253445,0.5,0.0012000000000000001,1.0,48,0.09650455927051672,80.0,0.03159046365092777,0.030090463650927768,0.00782218990132372,0.00962218990132372,0.02376827374960405,0.020468273749604048,0.55,0.0015,1.0,48
98,2024-04,48,0.05431589543955362,normal,-0.0199,1.0,-0.008358662613981762,100.0,0.0883207898365426,0.0865207898365426,0.06515215990304346,0.06695215990304346,0.023168629933499135,0.019568629933499143,0.6,0.0018,1.0,48,-0.03951367781155015,90.0,0.04553939975591773,0.043439399755917735,0.051769663919293454,0.05386966391929345,-0.006230264163375722,-0.010430264163375717,0.7,0.0021,1.0,48,0.06003039513677811,90.0,0.06796488930915941,0.06556488930915941,0.04184642385132138,0.04424642385132138,0.026118465457838025,0.021318465457838026,0.8,0.0024000000000000002,1.0,48,-0.009661311333043857,100.0,0.08398396638522786,0.08188396638522785,0.049356544660064325,0.05115654466006433,0.03462742172516353,0.030727421725163524,0.6499999999999999,0.0021,1.0,48
99,2024-05,48,0.0964825032611268,normal,-0.0205,1.0,-0.029309596178897092,100.0,0.0864843637856578,0.08438436378565779,0.0960496747018176,0.09904967470181761,-0.009565310916159808,-0.014665310916159816,0.85,0.0021,1.0,48,-0.10670864090316978,90.0,0.09034224912326998,0.08794224912326998,0.09798557300538764,0.10068557300538764,-0.007643323882117664,-0.012743323882117658,0.8500000000000001,0.0024000000000000002,1.0,48,-0.12092922275293096,80.0,0.06779999825805769,0.06539999825805769,0.08737395887474715,0.08917395887474715,-0.019573960616689465,-0.02377396061668946,0.7,0.0024000000000000002,1.0,48,-0.09921841076856275,90.0,0.08035974743641502,0.07795974743641503,0.09579758145338729,0.09849758145338729,-0.015437834016972268,-0.020537834016972262,0.8500000000000001,0.0024000000000000002,1.0,48
100,2024-06,48,0.02699031539728439,normal,-0.004,1.0,0.37722535822839776,80.0,0.08039444385557311,0.07889444385557311,0.003688220398254721,0.005488220398254721,0.07670622345731838,0.07340622345731838,0.55,0.0015,1.0,48,0.38287016934433343,70.0,0.05379936635459841,0.051999366354598404,-0.008706884725253558,-0.006906884725253559,0.06250625107985197,0.058906251079851965,0.6,0.0018,1.0,48,0.2573816760746852,90.0,0.09354424292086326,0.09204424292086326,0.006446234937797761,0.008546234937797761,0.0870980079830655,0.0834980079830655,0.6,0.0015,1.0,48,0.3888406426400347,80.0,0.07308209902589992,0.07158209902589992,-0.0028240596557301085,-0.0010240596557301086,0.07590615868163003,0.07260615868163002,0.55,0.0015,1.0,48
101,2024-07,48,0.02687695288651189,normal,-0.0126,1.0,-0.21233174120712112,40.0,0.007209641767796949,0.005409641767796949,0.030811383027909523,0.03351138302790952,-0.023601741260112573,-0.02810174126011257,0.75,0.0018,1.0,48,-0.33955709943551887,40.0,-9.305359884127922e-05,-0.001893053598841279,0.059956552717500146,0.062056552717500144,-0.060049606316341424,-0.06394960631634142,0.6499999999999999,0.0018,1.0,48,-0.2006079027355623,50.0,0.007403801141262658,0.005903801141262658,0.04242790785937015,0.044227907859370155,-0.035024106718107496,-0.0383241067181075,0.55,0.0015,1.0,48,-0.3033000434216239,30.0,-0.005294487928317113,-0.007094487928317112,0.031360594265045824,0.03346059426504582,-0.036655082193362935,-0.040555082193362936,0.6499999999999999,0.0018,1.0,48
102,2024-08,48,0.0025645658470157024,normal,-0.0211,1.0,0.1665219279201042,50.0,-0.0005368066803073765,-0.0026368066803073766,-0.025510161992352315,-0.023410161992352314,0.024973355312044938,0.02077335531204494,0.7,0.0021,1.0,48,0.0004342162396873643,40.0,-0.007256328545011567,-0.009356328545011568,0.008232509643216668,0.01063250964321667,-0.015488838188228236,-0.019988838188228237,0.75,0.0021,1.0,48,0.015848892748588795,50.0,0.004275650018188521,0.002175650018188521,0.0037869158016779086,0.0058869158016779085,0.0004887342165106122,-0.0037112657834893876,0.7,0.0021,1.0,48,0.06393834129396439,50.0,-0.0005368066803073783,-0.0026368066803073784,0.00038200555201222774,0.0024820055520122274,-0.000918812232319606,-0.005118812232319606,0.7,0.0021,1.0,48
103,2024-09,48,-0.08724815708920575,normal,-0.0165,1.0,0.04353017802865827,10.0,-0.0563997990336559,-0.0590997990336559,-0.07505474597209211,-0.0720547459720921,0.01865494693843621,0.012954946938436206,0.95,0.0027,1.0,48,-0.012266608771168043,10.0,-0.08815251361580671,-0.09085251361580671,-0.07839910428243463,-0.07569910428243463,-0.009753409333372084,-0.015153409333372073,0.9,0.0027,1.0,48,0.10377768128528006,10.0,-0.08294273960377382,-0.08534273960377382,-0.09577695232698293,-0.09337695232698293,0.012834212723209101,0.008034212723209103,0.8,0.0024000000000000002,1.0,48,0.022253582283977422,10.0,-0.08521829992857174,-0.08761829992857174,-0.08404090476264629,-0.08104090476264629,-0.0011773951659254517,-0.006577395165925454,0.9,0.0024000000000000002,1.0,48
104,2024-10,48,-0.0043592504346599975,normal,-0.0224,1.0,-0.2351280937907078,30.0,-0.038454662007266494,-0.04055466200726649,0.011066628047000811,0.013166628047000811,-0.04952129005426731,-0.053721290054267304,0.7,0.0021,1.0,48,-0.20451584889274857,40.0,-0.01301792639885059,-0.01481792639885059,0.016838788287558044,0.018938788287558045,-0.029856714686408634,-0.03375671468640863,0.6499999999999999,0.0018,1.0,48,-0.31089882761615284,30.0,-0.018637468886062974,-0.020137468886062975,0.006608117183192677,0.009008117183192678,-0.02524558606925565,-0.02914558606925565,0.65,0.0015,1.0,48,-0.24326964828484582,30.0,-0.022017896304625834,-0.023817896304625833,0.01106662804700081,0.01316662804700081,-0.03308452435162664,-0.03698452435162664,0.6499999999999999,0.0018,1.0,48
105,2024-11,48,-0.03918679547136333,normal,-0.0168,1.0,-0.3380373425966131,10.0,-0.07487089428270577,-0.07667089428270576,-0.022412381814284846,-0.020612381814284847,-0.052458512468420926,-0.05605851246842092,0.6,0.0018,1.0,48,-0.3122014763352149,20.0,-0.07076495853192476,-0.07256495853192475,-0.020335424027995482,-0.018535424027995483,-0.05042953450392927,-0.05402953450392927,0.6,0.0018,1.0,48,-0.3198002605297438,0.0,-0.06857355517238459,-0.07037355517238458,-0.026368190472519704,-0.024868190472519702,-0.042205364699864883,-0.04550536469986488,0.55,0.0018,1.0,48,-0.34422492401215804,20.0,-0.06771142477369796,-0.06921142477369796,-0.02863407989901472,-0.02653407989901472,-0.03907734487468324,-0.04267734487468324,0.6,0.0015,1.0,48
106,2024-12,48,0.014641457734891054,normal,-0.0109,1.0,0.04320451584889275,60.0,0.022523875575921788,0.020423875575921787,-0.01485039552711665,-0.012450395527116648,0.03737427110303844,0.032874271103038435,0.75,0.0021,1.0,48,0.1577290490664351,90.0,0.0638311992405596,0.06173119924055961,0.008807618351291908,0.011207618351291908,0.0550235808892677,0.0505235808892677,0.75,0.0021,1.0,48,0.0803300043421624,60.0,0.029202529707025377,0.027702529707025376,-0.02172043686953094,-0.01932043686953094,0.05092296657655632,0.047022966576556316,0.65,0.0015,1.0,48,0.10931393834129398,80.0,0.048054277981229,0.045954277981229,-0.003144258754602278,-0.0007442587546022776,0.05119853673583128,0.046698536735831284,0.75,0.0021,1.0,48
107,2025-01,48,-0.03885119123206205,normal,-0.0156,1.0,-0.10974815458098132,30.0,-0.04739950412963547,-0.04949950412963547,-0.02250213368616939,-0.02010213368616939,-0.024897370443466082,-0.02939737044346608,0.75,0.0021,1.0,48,-0.16988710377768126,40.0,-0.0447662058319782,-0.0465662058319782,-0.00988507530162389,-0.00778507530162389,-0.03488113053035431,-0.03878113053035431,0.6499999999999999,0.0018,1.0,48,-0.06882327399044724,30.0,-0.0657004247574782,-0.0678004247574782,-0.030795917770145557,-0.028695917770145556,-0.03490450698733264,-0.03910450698733264,0.7,0.0021,1.0,48,-0.12592270950933565,40.0,-0.030641944284236756,-0.03244194428423676,-0.02450870713805726,-0.022108707138057262,-0.006133237146179495,-0.010333237146179498,0.7,0.0018,1.0,48
108,2025-02,47,0.08505460280935172,normal,-0.0201,1.0,-0.14037927844588344,90.0,0.09245871118291424,0.09005871118291424,0.11521425582844365,0.11761425582844365,-0.02275554464552941,-0.02755554464552941,0.8,0.0024000000000000002,1.0,47,0.08984736355226641,80.0,0.09438180448176758,0.09198180448176758,0.10068757738212711,0.10368757738212711,-0.006305772900359524,-0.011705772900359526,0.9,0.0024000000000000002,1.0,47,-0.022779833487511565,100.0,0.08788143361830306,0.08578143361830305,0.07209359875029656,0.07449359875029656,0.0157878348680065,0.011287834868006497,0.75,0.0021,1.0,47,-0.022548566142460685,90.0,0.08170325451088725,0.07930325451088725,0.10321985419338872,0.10531985419338873,-0.02151659968250147,-0.026016599682501473,0.75,0.0024000000000000002,1.0,47
109,2025-03,48,0.06404038525083271,normal,-0.0143,1.0,0.09531046461137647,90.0,0.07672251592710097,0.07462251592710097,0.052500582056338715,0.05460058205633871,0.024221933870762255,0.020021933870762253,0.7,0.0021,1.0,48,0.1947459834997829,100.0,0.08788590450750644,0.08548590450750644,0.05153130362615014,0.05333130362615014,0.0363546008813563,0.0321546008813563,0.7,0.0024000000000000002,1.0,48,0.24120712114633086,80.0,0.09210077651704546,0.08970077651704546,0.0537401734056873,0.055840173405687296,0.03836060311135816,0.03386060311135816,0.75,0.0024000000000000002,1.0,48,0.20679548415110724,90.0,0.08902804575127242,0.08722804575127242,0.04558108916124225,0.047681089161242245,0.04344695659003017,0.03954695659003018,0.6499999999999999,0.0018,1.0,48
110,2025-04,48,0.021624686368803936,normal,-0.0099,1.0,0.2888623534520191,90.0,0.046310234333791334,0.044210234333791336,0.00519858640402901,0.006998586404029009,0.041111647929762324,0.03721164792976232,0.6499999999999999,0.0021,1.0,48,0.2859313938341294,80.0,0.03416962128866027,0.032369621288660264,-0.005959143948033208,-0.0038591439480332077,0.040128765236693474,0.03622876523669347,0.6499999999999999,0.0018,1.0,48,0.45505861919235774,90.0,0.05037741351748052,0.04857741351748052,-0.008784479578952582,-0.007284479578952582,0.059161893096433105,0.0558618930964331,0.55,0.0018,1.0,48,0.32077724706904037,90.0,0.05753648542298977,0.056036485422989765,-0.0036103567402548603,-0.0021103567402548603,0.061146842163244626,0.05814684216324462,0.5,0.0015,1.0,48
111,2025-05,48,0.022484210558227788,normal,-0.0059,1.0,0.21026921406860616,70.0,0.034265089928666476,0.03246508992866647,0.006387670948121009,0.008187670948121008,0.027877418980545465,0.024277418980545466,0.6,0.0018,1.0,48,0.08716891011723837,50.0,0.014149813490823383,0.012649813490823383,0.0008160562903776804,0.0023160562903776806,0.013333757200445702,0.010333757200445702,0.5,0.0015,1.0,48,0.09335649153278333,70.0,0.020355008323062758,0.019155008323062758,0.01302968034425905,0.01482968034425905,0.007325327978803708,0.0043253279788037086,0.5,0.0012000000000000001,1.0,48,0.12440295267042986,60.0,0.020325622178760883,0.01882562217876088,0.0023604093707876904,0.0038604093707876905,0.017965212807973193,0.01496521280797319,0.5,0.0015,1.0,48
112,2025-06,48,-0.030446239912812048,normal,-0.0114,1.0,0.02952670429874077,10.0,-0.041268308150990154,-0.04306830815099016,-0.043598458600905256,-0.042098458600905254,0.0023301504499151013,-0.000969849550084903,0.55,0.0018,1.0,48,0.24913156752062524,40.0,8.958996005033114e-05,-0.002010410039949669,-0.03897163239181105,-0.03747163239181105,0.03906122235186138,0.03546122235186138,0.6,0.0021,1.0,48,-0.11202778983934,10.0,-0.04840750242578365,-0.05020750242578365,-0.03809206539657835,-0.03689206539657835,-0.010315437029205302,-0.013315437029205304,0.5,0.0018,1.0,48,0.16880156317846287,20.0,-0.02527744558899552,-0.02707744558899552,-0.045187294552669253,-0.04368729455266925,0.019909848963673732,0.01660984896367373,0.55,0.0018,1.0,48
113,2025-07,48,0.03407045536732469,normal,-0.0137,1.0,-0.08423795049934868,60.0,0.013359120857220208,0.011559120857220209,0.06201087416818132,0.06411087416818131,-0.04865175331096111,-0.052551753310961104,0.6499999999999999,0.0018,1.0,48,-0.04754667824576638,70.0,0.019933761116254757,0.018433761116254756,0.015639546242069292,0.016839546242069292,0.004294214874185465,0.0015942148741854636,0.45,0.0015,1.0,48,-0.018996960486322188,70.0,0.04014350143005452,0.03804350143005452,0.03336454651932873,0.03516454651932873,0.00677895491072579,0.0028789549107257895,0.6499999999999999,0.0021,1.0,48,-0.042227529309596175,70.0,0.01994478783406704,0.01814478783406704,0.02262169360098939,0.024421693600989388,-0.002676905766922349,-0.006276905766922348,0.6,0.0018,1.0,48
114,2025-08,48,0.03650672029699708,normal,-0.0147,1.0,0.20256187581415544,90.0,0.04234768230995049,0.039947682309950494,0.02903296394221559,0.031732963942215586,0.013314718367734905,0.008214718367734908,0.8500000000000001,0.0024000000000000002,1.0,48,0.20147633521493705,80.0,0.047017151500855815,0.04521715150085581,0.02903296394221559,0.031732963942215586,0.017984187558640227,0.013484187558640226,0.75,0.0018,1.0,48,0.2699739470256188,90.0,0.055542356911710465,0.05254235691171046,0.006750751170178408,0.008850751170178408,0.04879160574153206,0.04369160574153205,0.85,0.003,1.0,48,0.21178897090751195,80.0,0.04210698331962888,0.04000698331962888,0.02903296394221559,0.031732963942215586,0.01307401937741329,0.008274019377413296,0.8,0.0021,1.0,48
115,2025-09,48,0.052442586947169106,normal,-0.0096,1.0,-0.01650021710811984,90.0,0.04866141815545709,0.04656141815545709,0.05760678542548583,0.05940678542548583,-0.008945367270028738,-0.012845367270028739,0.6499999999999999,0.0021,1.0,48,0.06719496309161962,90.0,0.0576377400976991,0.054637740097699096,0.025256318220791905,0.027356318220791907,0.03238142187690719,0.02728142187690719,0.85,0.003,1.0,48,0.19148936170212766,80.0,0.04996530999660296,0.04786530999660296,0.02352525107668574,0.025625251076685743,0.026440058919917218,0.02224005891991722,0.7,0.0021,1.0,48,0.03126356925749023,80.0,0.03674765197335284,0.03434765197335284,0.016628072233534755,0.018728072233534756,0.020119579739818087,0.015619579739818087,0.75,0.0024000000000000002,1.0,48
116,2025-10,48,0.01521672554795502,normal,-0.0174,1.0,0.3091619626574034,70.0,0.03741525000139667,0.03561525000139667,-0.015439667108538812,-0.013639667108538813,0.052854917109935486,0.04925491710993548,0.6,0.0018,1.0,48,0.1778115501519757,70.0,0.027176757404354258,0.025376757404354258,-0.007608442030340513,-0.0061084420303405135,0.03478519943469477,0.03148519943469477,0.55,0.0018,1.0,48,0.20310464611376464,80.0,0.03691310134082599,0.03571310134082599,0.006745377802707062,0.008845377802707062,0.03016772353811893,0.026867723538118927,0.55,0.0012000000000000001,1.0,48,0.26107251411202775,70.0,0.03685118886511666,0.035051188865116656,-0.009255996189100769,-0.008055996189100769,0.04610718505421743,0.04310718505421743,0.5,0.0018,1.0,48
117,2025-11,48,0.007699758587839166,normal,-0.0185,1.0,0.10138949196699955,50.0,0.00933711899848709,0.007237118998487091,0.02599467599686891,0.02749467599686891,-0.01665755699838182,-0.020257556998381818,0.6,0.0021,1.0,48,0.10442900564481113,60.0,0.01032432686970058,0.007924326869700581,-0.015846136423234083,-0.013746136423234084,0.026170463292934664,0.021670463292934664,0.75,0.0024000000000000002,1.0,48,0.11647850629613546,70.0,0.01247379720605983,0.010373797206059831,-0.00032555322076688114,0.0017744467792331188,0.012799350426826712,0.008599350426826712,0.7,0.0021,1.0,48,0.14090316977854972,60.0,0.013904042195920471,0.011804042195920472,0.017832799812049625,0.019332799812049627,-0.003928757616129154,-0.007528757616129155,0.6,0.0021,1.0,48
118,2025-12,48,0.004880040825333617,normal,-0.01,1.0,0.14177160225792446,60.0,-0.006283176664443152,-0.0077831766644431526,-0.027526957704282984,-0.025126957704282984,0.021243781039839833,0.017343781039839832,0.65,0.0015,1.0,48,0.1453538862353452,70.0,0.03532113710258593,0.033521137102585925,-0.0249107322056538,-0.0228107322056538,0.06023186930823973,0.056331869308239725,0.6499999999999999,0.0018,1.0,48,0.0906426400347373,60.0,0.008349210938405446,0.006249210938405447,0.026442699659401964,0.028842699659401963,-0.018093488720996517,-0.022593488720996514,0.75,0.0021,1.0,48,0.10475466782457664,60.0,-0.00628317666444315,-0.007783176664443151,-0.00033638099418177163,0.0017636190058182282,-0.005946795670261379,-0.00954679567026138,0.6,0.0015,1.0,48
119,2026-01,48,-0.06014482839269242,normal,-0.0179,1.0,0.14470256187581415,10.0,-0.06397725856527445,-0.06637725856527445,-0.06178234261813144,-0.05938234261813144,-0.0021949159471430085,-0.006994915947143007,0.8,0.0024000000000000002,1.0,48,0.21602257924446375,20.0,-0.030608592594753493,-0.03270859259475349,-0.06272544804650691,-0.06002544804650691,0.03211685545175342,0.02731685545175342,0.8,0.0021,1.0,48,0.16999565783760315,20.0,-0.054395327988536676,-0.056495327988536674,-0.1066490158624466,-0.1042490158624466,0.052253687873909924,0.04775368787390993,0.75,0.0021,1.0,48,0.18117672600955276,10.0,-0.039611854333750404,-0.0417118543337504,-0.08521409127263638,-0.08281409127263638,0.04560223693888597,0.041102236938885976,0.75,0.0021,1.0,48
120,2026-02,48,-0.09519509253318438,normal,-0.0257,1.0,0.12429439861050803,20.0,-0.08985990902654784,-0.09195990902654784,-0.1132959887713064,-0.11119598877130639,0.02343607974475856,0.01923607974475855,0.7,0.0021,1.0,48,0.19865392965696918,10.0,-0.0940339262583663,-0.09613392625836631,-0.12245721689893363,-0.11975721689893364,0.028423290640567325,0.023623290640567327,0.8,0.0021,1.0,48,0.07642205818497612,10.0,-0.08251384691072297,-0.08491384691072297,-0.11076090160818468,-0.10866090160818467,0.028247054697461707,0.023747054697461703,0.75,0.0024000000000000002,1.0,48,0.1536039947894051,10.0,-0.09582250960101471,-0.0976225096010147,-0.12446752529262044,-0.12206752529262044,0.028645015691605727,0.02444501569160573,0.7,0.0018,1.0,48
