fold,test_month,n_stocks,nifty_return,regime,avg_corr,nifty_vol,position_scale,LightGBM_rank_ic,LightGBM_hit_rate_pct,LightGBM_top10_gross,LightGBM_top10_net,LightGBM_bot10_gross,LightGBM_ls_spread_net,LightGBM_turnover,LightGBM_position_scale,LightGBM_n_long,LightGBM_n_short,XGBoost_rank_ic,XGBoost_hit_rate_pct,XGBoost_top10_gross,XGBoost_top10_net,XGBoost_bot10_gross,XGBoost_ls_spread_net,XGBoost_turnover,XGBoost_position_scale,XGBoost_n_long,XGBoost_n_short,RandomForest_rank_ic,RandomForest_hit_rate_pct,RandomForest_top10_gross,RandomForest_top10_net,RandomForest_bot10_gross,RandomForest_ls_spread_net,RandomForest_turnover,RandomForest_position_scale,RandomForest_n_long,RandomForest_n_short,Ensemble_rank_ic,Ensemble_hit_rate_pct,Ensemble_top10_gross,Ensemble_top10_net,Ensemble_bot10_gross,Ensemble_ls_spread_net,Ensemble_turnover,Ensemble_position_scale,Ensemble_n_long,Ensemble_n_short
1,2015-03,46,0.013305752464835889,normal,0.2062,0.1395,1.0,0.3480111008325624,80.0,0.01707066983993394,0.01407066983993394,-0.031132008524325672,0.042202678364259616,1.0,1.0,10,10,0.22799876657415974,80.0,0.023764602257929833,0.020764602257929834,-0.0023674263932027192,0.020132028651132554,1.0,1.0,10,10,0.27030527289546713,90.0,0.044352495198634094,0.04135249519863409,-0.02346123112800618,0.06181372632664027,1.0,1.0,10,10,0.3164353993216158,80.0,0.027109513863923927,0.024109513863923928,-0.02399422100008852,0.04510373486401245,1.0,1.0,10,10
2,2015-04,46,-0.0007105840245112321,normal,0.2453,0.1512,0.996,0.22738205365402403,66.66666666666666,0.048545089023512046,0.046358908667418,0.000844986480799013,0.04352530213254218,0.6666666666666666,0.996,9,9,0.13561517113783533,77.77777777777779,0.04641513478096717,0.0440714742418433,0.004081803699649133,0.03784799775699277,0.7222222222222222,0.996,9,9,0.2557508479802652,77.77777777777779,0.0558671117795077,0.05348564333238967,-0.005043610436727945,0.056351079327370705,0.7222222222222222,0.996,9,9,0.20444033302497688,88.88888888888889,0.06545972653354926,0.06303988762741507,0.004081803699649133,0.05681641114256453,0.7222222222222222,0.996,9,9
3,2015-05,46,0.0036821519722045493,normal,0.232,0.1421,1.0,0.18384212149244525,70.0,0.06629470802329405,0.06374470802329406,0.0045018634953074175,0.05669284452798664,0.8500000000000001,1.0,10,10,0.2821461609620721,70.0,0.0679617839125764,0.0654117839125764,-0.030631477536463392,0.0934932614490398,0.8500000000000001,1.0,10,10,0.18174529756398397,60.0,0.051278916111069196,0.0488789161110692,0.014213681270622868,0.03226523484044633,0.8,1.0,10,10,0.23465926611162502,70.0,0.0679617839125764,0.0654117839125764,0.0028397647045900988,0.060022019207986305,0.8500000000000001,1.0,10,10
4,2015-06,46,0.03953679868839952,normal,0.3314,0.1975,0.854,0.11711378353376502,75.0,0.05397840883507457,0.04417606114515368,0.03260418625122461,0.014410586086607866,0.75,0.854,8,8,-0.058402713536848595,62.5,0.014159297170129294,0.010010414783290417,0.08555228464718712,-0.06513286130540738,0.8125,0.854,8,8,0.24304656182547024,75.0,0.07669220043370155,0.06341351417038112,0.022198448467251806,0.04237441417934808,0.8125,0.854,8,8,0.10157261794634598,75.0,0.05397840883507457,0.04417606114515368,0.04907054532606786,0.0003483154366917332,0.75,0.854,8,8
5,2015-07,46,-0.06478229215445168,normal,0.2426,0.1342,1.0,-0.01868640148011101,20.0,-0.0703384015649945,-0.0722884015649945,-0.0720711614247462,-0.002167240140248286,0.6499999999999999,1.0,10,10,0.0625963613937712,20.0,-0.05028123286587732,-0.052531232865877325,-0.05949999051059871,0.004718757644721384,0.75,1.0,10,10,0.12451433857539315,30.0,-0.04676637282702846,-0.04916637282702846,-0.06809082703069602,0.016524454203667563,0.8,1.0,10,10,0.02793709528214616,20.0,-0.05874119496954132,-0.06099119496954132,-0.07203648914514002,0.008795294175598697,0.75,1.0,10,10
6,2015-08,46,0.020440481155317207,normal,0.2163,0.1438,1.0,0.0032685784767190872,40.0,-0.005798150852085413,-0.007748150852085412,-0.013639480698935552,0.00394132984685014,0.6499999999999999,1.0,10,10,-0.07234042553191489,50.0,-0.002968316413455731,-0.004768316413455731,0.01683668728443964,-0.023405003697895374,0.6,1.0,10,10,-0.087018193031144,40.0,-0.005671203346108202,-0.007621203346108201,-0.0006649157092519814,-0.00890628763685622,0.6499999999999999,1.0,10,10,-0.08442799876657416,50.0,-0.0029683164134557322,-0.004768316413455732,0.011669370982646235,-0.018237687396101966,0.6,1.0,10,10
7,2015-09,46,-0.008376825318830156,elevated,0.4807,0.2566,0.672,0.23687943262411346,66.66666666666666,0.014658960561882532,0.009010821497585062,-0.04200346518392615,0.03639715010118344,0.41666666666666663,0.672,6,6,0.16546407647240208,66.66666666666666,0.0027684326623724823,0.0010203867491143082,-0.05883968882530368,0.03972065763971839,0.41666666666666663,0.672,6,6,0.021399938328707985,33.33333333333333,-0.03320092829339577,-0.02281502381316196,-0.06989333013079524,0.023649294034732444,0.25,0.672,6,6,0.14671600370027751,50.0,-0.005196325018421734,-0.0041639304123794055,-0.056645929343002076,0.03323013410611799,0.3333333333333333,0.672,6,6
8,2015-10,46,-0.0278204834889899,normal,0.3396,0.2033,0.836,-0.07752081406105457,25.0,-0.05693096596698584,-0.04978878754840016,-0.029341634130300113,-0.027453681415469264,0.875,0.836,8,8,-0.13771199506629664,12.5,-0.07434736548430484,-0.06434889754487885,-0.035309362471770966,-0.03702477051847833,0.875,0.836,8,8,-0.13647856922602528,12.5,-0.04464458690238519,-0.03904712465039402,-0.03145768251987817,-0.014472752063775872,0.6875,0.836,8,8,-0.12735121800801727,25.0,-0.05693096596698584,-0.049632037548400156,-0.03791590296065109,-0.01997209267329585,0.8125,0.836,8,8
9,2015-11,46,-0.027800424814704773,normal,0.1158,0.1121,1.0,-0.05260561208757323,30.0,-0.02114422309259832,-0.023094223092598322,-0.012677566810133179,-0.012366656282465143,0.6499999999999999,1.0,10,10,-0.07246376811594203,20.0,-0.03920102220150363,-0.04145102220150363,-0.024849826288635878,-0.018851195912867755,0.75,1.0,10,10,0.014986123959296946,30.0,-0.025327616733592413,-0.027127616733592413,-0.011126344040898802,-0.01780127269269361,0.6,1.0,10,10,-0.07221708294788776,30.0,-0.0258626220694675,-0.0276626220694675,-0.011126344040898802,-0.018336278028568697,0.6,1.0,10,10
10,2015-12,46,-0.10196154059857557,normal,0.1578,0.1164,1.0,-0.17644156645081713,0.0,-0.11961332275056788,-0.12201332275056788,-0.07654083058072421,-0.04787249216984367,0.8,1.0,10,10,-0.16040703052728952,10.0,-0.10097440307716048,-0.10352440307716047,-0.06914161182200425,-0.03693279125515622,0.85,1.0,10,10,-0.06827012025901943,10.0,-0.11083605791232845,-0.11323605791232845,-0.09057817352237996,-0.025057884389948493,0.8,1.0,10,10,-0.17989515880357693,10.0,-0.09953796662543145,-0.10193796662543145,-0.08113441492348974,-0.023203551701941702,0.8,1.0,10,10
11,2016-01,46,0.007320586999817258,normal,0.3055,0.1307,1.0,0.029417206290471783,60.0,0.00920091435819985,0.006950914358199849,0.0005159774168563398,0.0041849369413435086,0.75,1.0,10,10,0.03780450200431699,50.0,-0.010940232375727482,-0.01334023237572748,-0.01774817279363434,0.002007940417906858,0.8,1.0,10,10,0.09170521122417513,60.0,0.01929634091512164,0.01689634091512164,-0.0006810990153714794,0.015177439930493121,0.8,1.0,10,10,0.03731113166820845,70.0,0.018786513143007087,0.016386513143007087,-0.009198296652628618,0.023184809795635704,0.8,1.0,10,10
12,2016-02,46,0.14334885621188184,normal,0.3297,0.1828,0.899,0.4613629355534998,100.0,0.1998997656253474,0.17785570179718732,0.08228755556382181,0.1020250018453115,0.6875,0.899,8,8,0.5177304964539007,100.0,0.22240924976444537,0.1975860405382364,0.11719962515956,0.08986370251979195,0.875,0.899,8,8,0.4281837804502004,100.0,0.18930657054496508,0.1679952944199236,0.11744182974380032,0.06022377698024711,0.8125,0.899,8,8,0.4991057662658033,100.0,0.20605240936554564,0.18304980351962555,0.11610226529838405,0.07648255451637828,0.8125,0.899,8,8
13,2016-03,46,0.027751114084171892,normal,0.3242,0.217,0.794,0.05618254702436015,42.857142857142854,-0.01515567955122257,-0.014245466706527862,-0.0023348053717128134,-0.014603488384245031,0.9285714285714286,0.794,7,7,0.11637372802960222,57.14285714285714,0.0050788319582522985,0.0018207354319951822,-0.008754555476110357,0.006559995337169663,0.9285714285714286,0.794,7,7,0.10046253469010176,57.14285714285714,-0.01900599324970073,-0.01747275864026238,0.010612523592309516,-0.028281102372556134,1.0,0.794,7,7,0.07591736046870182,42.857142857142854,-0.011881995866645427,-0.01181630471811647,-0.010382765183990629,-0.005954389162027911,1.0,0.794,7,7
14,2016-04,46,0.03881352735889965,normal,0.293,0.1743,0.925,0.17052112241751463,77.77777777777779,0.044396344453190274,0.03906245195253434,0.0143791917799298,0.02375753288943261,0.7222222222222222,0.925,9,9,0.20678384212149248,88.88888888888889,0.04731423012678074,0.04160732953393885,0.02166721142457067,0.019406825632877645,0.7777777777777778,0.925,9,9,0.08196114708603144,77.77777777777779,0.05480793656762747,0.04853900799172208,0.03528496704472403,0.013742080142019018,0.7777777777777777,0.925,9,9,0.16620413197656492,77.77777777777779,0.04699037370520552,0.04146192901064844,0.04106877992401547,0.001469140914267461,0.7222222222222222,0.925,9,9
15,2016-05,46,0.0739034093557742,normal,0.2939,0.1617,0.964,-0.14683934628430464,100.0,0.07991954159834468,0.07479310476747092,0.09864167141721086,-0.022546799812053694,0.7777777777777777,0.964,9,9,-0.07567067530064756,100.0,0.08531105119957808,0.07982985335639327,0.08180706902213367,-0.001442161180943577,0.8333333333333333,0.964,9,9,0.05704594511255011,100.0,0.08851609911432687,0.08308018621287776,0.07168136640730935,0.011730015662898205,0.7777777777777777,0.964,9,9,-0.09651557200123342,100.0,0.082817806675254,0.07774769896827818,0.09312921693780346,-0.014117532826431023,0.7222222222222222,0.964,9,9
16,2016-06,46,0.07806144247902785,normal,0.1846,0.1452,1.0,0.31248843663274745,100.0,0.15015891792506542,0.1477589179250654,0.07234234678488352,0.07301657114018188,0.8,1.0,10,10,0.11255010792476103,90.0,0.12245347499547692,0.12005347499547692,0.09193380353529954,0.025719671460177382,0.8,1.0,10,10,0.3033610854147394,100.0,0.15802065874404866,0.15577065874404866,0.08668876329294384,0.06683189545110482,0.75,1.0,10,10,0.2561208757323466,100.0,0.15152780271427205,0.14912780271427203,0.08749837935850466,0.05922942335576738,0.8,1.0,10,10
17,2016-07,46,0.027829868968168636,normal,0.1858,0.1296,1.0,0.11538698735738515,80.0,0.048193033374473,0.046243033374473,0.034428086192209405,0.009864947182263592,0.6499999999999999,1.0,10,10,0.1979031760715387,80.0,0.04803462544763517,0.04638462544763517,0.027783479499271867,0.016951145948363305,0.55,1.0,10,10,0.16941103916127043,90.0,0.05163664410689398,0.05013664410689398,0.01688416887081725,0.03175247523607673,0.5,1.0,10,10,0.15954363243909958,80.0,0.044028712366187536,0.04237871236618754,0.05151067464822219,-0.010781962282034652,0.55,1.0,10,10
18,2016-08,46,0.0048497252552174444,normal,0.1074,0.0934,1.0,0.01757631822386679,60.0,-0.0044376773911285,-0.006087677391128501,0.016552734619326256,-0.024290412010454756,0.55,1.0,10,10,0.12648781991982733,70.0,0.03065882721289186,0.02870882721289186,0.008768728432153719,0.01799009878073814,0.6499999999999999,1.0,10,10,0.26956521739130435,70.0,0.007544006789740649,0.00619400678974065,-0.0022022112060195026,0.007046217995760153,0.44999999999999996,1.0,10,10,0.13080481036077704,70.0,0.01256407755633147,0.01091407755633147,-0.01315245973392753,0.022416537290258998,0.55,1.0,10,10
19,2016-09,46,-0.06212920469914317,normal,0.1952,0.1099,1.0,0.11329016342892383,30.0,-0.05132890849686224,-0.05312890849686224,-0.05826144685557525,0.0033325383587130067,0.6,1.0,10,10,0.0646931853222325,30.0,-0.052538953093155524,-0.05433895309315553,-0.05566044671618199,-0.00047850637697353926,0.6,1.0,10,10,-0.08627813752698119,30.0,-0.05494382898209953,-0.05689382898209953,-0.029190310567463205,-0.029653518414636322,0.6499999999999999,1.0,10,10,0.044711686709836565,20.0,-0.06913842864183792,-0.07108842864183791,-0.0691593040514055,-0.003879124590432409,0.65,1.0,10,10
20,2016-10,46,-0.04738134087789096,normal,0.3013,0.1309,1.0,-0.13672525439407954,20.0,-0.05016353491553251,-0.052263534915532504,-0.06475328011792866,0.010389745202396154,0.7,1.0,10,10,-0.12032069071847054,30.0,-0.04245508925797224,-0.04440508925797224,-0.0225146202324692,-0.023840469025503044,0.65,1.0,10,10,-0.07665741597286463,20.0,-0.046775359979409445,-0.048725359979409445,-0.05669850275295009,0.006023142773540643,0.65,1.0,10,10,-0.15892691951896393,20.0,-0.054959781805870724,-0.056909781805870724,-0.02088055912198682,-0.0379792226838839,0.65,1.0,10,10
21,2016-11,46,0.011307394585830128,normal,0.2845,0.1324,1.0,0.09947579401788467,40.0,0.00309536598821212,0.00024536598821211977,-0.01773857732728993,0.015133943315502048,0.95,1.0,10,10,-0.05803268578476719,50.0,0.01795042296063155,0.01525042296063155,0.01799649834443854,-0.005446075383806991,0.9,1.0,10,10,0.18199198273203823,60.0,0.02602880450542479,0.02332880450542479,-0.01046149019518541,0.0310902947006102,0.9,1.0,10,10,0.052975639839654635,40.0,0.0030953659882121203,0.00039536598821212016,0.00433418022477127,-0.006638814236559151,0.9,1.0,10,10
22,2016-12,46,0.09639725514595693,normal,0.3211,0.1891,0.88,0.37897008942337346,100.0,0.18223199952015448,0.15838415957773594,0.08409598868259499,0.08239968953705235,0.75,0.88,8,8,0.4101757631822387,87.5,0.14585035867857218,0.1263683156371435,0.06498283819220024,0.0672034180280073,0.75,0.88,8,8,0.4803576934936787,87.5,0.17746988534103186,0.15452349910010804,0.06915769731452914,0.0920147254633224,0.625,0.88,8,8,0.39821153253160657,87.5,0.17746988534103186,0.15452349910010804,0.06487644835673512,0.09578222454618114,0.625,0.88,8,8
23,2017-01,46,0.07058185897362441,normal,0.3607,0.1274,1.0,0.09096515572001233,80.0,0.08018917733494764,0.07763917733494764,0.06673421405741888,0.00835496327752877,0.8500000000000001,1.0,10,10,0.258341042244835,70.0,0.08222822641988138,0.08012822641988138,0.04862927813350176,0.029398948286379616,0.7,1.0,10,10,0.08788159111933394,70.0,0.07840163951735005,0.07615163951735004,0.04593734706944257,0.02796429244790747,0.75,1.0,10,10,0.13499845821769965,70.0,0.074794960380304,0.072394960380304,0.06497262583412348,0.005022334546180521,0.8,1.0,10,10
24,2017-02,46,0.026559231565686233,normal,0.1854,0.0996,1.0,-0.15362318840579708,70.0,0.016478414446302946,0.013928414446302946,0.058732922503030915,-0.047354508056727966,0.8500000000000001,1.0,10,10,0.07961763798951586,70.0,0.03855195322660489,0.036301953226604886,0.03581231220454741,-0.001760358977942529,0.75,1.0,10,10,0.15584335491828555,70.0,0.041350041097690526,0.039100041097690524,0.024078105696758473,0.01277193540093205,0.75,1.0,10,10,0.02880049337033611,70.0,0.025445466950458472,0.023195466950458474,0.03581231220454743,-0.014866845254088955,0.75,1.0,10,10
25,2017-03,46,0.04991115938728706,normal,0.1528,0.0919,1.0,0.41153253160653713,100.0,0.08817052491016782,0.08562052491016782,0.0033737806481336508,0.07969674426203417,0.8500000000000001,1.0,10,10,0.44162812210915814,100.0,0.08688352989335282,0.08448352989335282,-0.006413157723014469,0.0884966876163673,0.8,1.0,10,10,0.5565834104224484,100.0,0.09947959869726561,0.09692959869726561,-0.00020463135924153955,0.09458423005650715,0.8500000000000001,1.0,10,10,0.4968855997533148,100.0,0.09769400062211339,0.09529400062211339,-0.00641315772301447,0.09930715834512786,0.8,1.0,10,10
26,2017-04,46,0.026908187392228798,normal,0.1979,0.0924,1.0,0.17915510329941411,70.0,0.04099329072117873,0.03934329072117873,0.006881315359352278,0.030811975361826453,0.55,1.0,10,10,0.1706444650015418,70.0,0.027200002245642108,0.025700002245642107,0.014873451390969027,0.009326550854673078,0.5,1.0,10,10,0.057169287696577246,60.0,0.02108143846561392,0.01988143846561392,0.02682567203413331,-0.008144233568519389,0.4,1.0,10,10,0.16509404872032069,70.0,0.03753011324594133,0.03588011324594133,0.010364218680102141,0.023865894565839187,0.55,1.0,10,10
27,2017-05,46,0.043131907757117775,normal,0.109,0.0788,1.0,0.27104532839962997,90.0,0.050166675660209346,0.04806667566020935,0.005387755308521779,0.04057892035168757,0.7,1.0,10,10,0.267468393462843,80.0,0.05239988373869995,0.04999988373869995,0.01912626480253888,0.02847361893616107,0.8,1.0,10,10,0.2726487819919827,90.0,0.06248690820690186,0.06038690820690186,0.016677394495920393,0.04160951371098147,0.7,1.0,10,10,0.2764724020968239,80.0,0.04981828393681567,0.04756828393681567,0.01453975830863223,0.030778525628183437,0.75,1.0,10,10
28,2017-06,46,0.04319178266430648,normal,0.1619,0.0966,1.0,0.3160653715695344,100.0,0.12707698226304245,0.12512698226304245,0.011492307343464335,0.1116846749195781,0.6499999999999999,1.0,10,10,0.27499229108849826,90.0,0.10228223218305355,0.10033223218305355,0.02453517937391128,0.07384705280914228,0.6499999999999999,1.0,10,10,0.42053654024051795,90.0,0.10558619182239808,0.10363619182239808,-0.0021390326970639377,0.10382522451946202,0.6499999999999999,1.0,10,10,0.32617946345975946,90.0,0.1065619863793698,0.1046119863793698,0.02016429741998072,0.08249768895938908,0.6499999999999999,1.0,10,10
29,2017-07,46,0.03760352896014248,normal,0.0942,0.0563,1.0,0.45112550107924765,80.0,0.09971640875093822,0.09761640875093822,-0.01554506696485837,0.11106147571579658,0.7,1.0,10,10,0.43940795559666973,80.0,0.08237267156461121,0.08042267156461122,-0.01848440686343397,0.09695707842804518,0.6499999999999999,1.0,10,10,0.4822078322540857,100.0,0.1284541039648049,0.12680410396480488,-0.004816695192464089,0.12997079915726897,0.55,1.0,10,10,0.48331791551032993,100.0,0.13017101652827534,0.12852101652827533,-0.024812676026256635,0.15168369255453196,0.55,1.0,10,10
30,2017-08,46,0.03890919417358605,normal,0.0982,0.0759,1.0,0.14165895775516496,70.0,0.050690636621374886,0.047990636621374885,0.026322922259142838,0.018967714362232047,0.9,1.0,10,10,0.12130743139068764,70.0,0.0376019094607474,0.0356519094607474,0.01855362071043234,0.01514828875031506,0.6499999999999999,1.0,10,10,-0.1253777366635831,60.0,0.01837869913934419,0.01582869913934419,0.03413186486435312,-0.020853165725008935,0.8500000000000001,1.0,10,10,0.051618871415356156,60.0,0.026390116128428683,0.023990116128428683,0.025415273430224795,-0.0038251573017961116,0.8,1.0,10,10
31,2017-09,46,0.06272486628166032,normal,0.2298,0.1167,1.0,-0.3131051495528831,60.0,0.037635376585414604,0.0365853765854146,0.12470537310283536,-0.08916999651742075,0.35,1.0,10,10,-0.13647856922602528,70.0,0.07315497845994287,0.07180497845994287,0.11197822573061181,-0.041523247270668945,0.45,1.0,10,10,-0.1417823003391921,70.0,0.07240515608861256,0.07120515608861255,0.11197822573061178,-0.04197306964199923,0.4,1.0,10,10,-0.21147086031452358,60.0,0.04936952559931836,0.048169525599318364,0.11526112460087949,-0.06829159900156113,0.4,1.0,10,10
32,2017-10,46,0.004518534577474025,normal,0.2358,0.1006,1.0,-0.09602220166512487,40.0,0.013323000256569342,0.011073000256569342,0.012876678846968628,-0.0040536785903992865,0.75,1.0,10,10,0.09602220166512487,50.0,0.02725838920670251,0.02515838920670251,-0.00791190695221794,0.030970296158920448,0.7,1.0,10,10,0.016096207215541166,50.0,0.039534513291387664,0.03743451329138767,-0.004934836610975672,0.04026934990236334,0.7,1.0,10,10,0.040764724020968236,50.0,0.051411403389919896,0.0493114033899199,-0.0033627614039264406,0.05057416479384634,0.7,1.0,10,10
33,2017-11,46,0.049190279067096464,normal,0.0833,0.0769,1.0,0.02522355843354918,80.0,0.04151418761779389,0.03971418761779389,0.05430086414644257,-0.016386676528648683,0.6,1.0,10,10,0.1742213999383287,90.0,0.06462891960690358,0.06267891960690358,0.04785207232471084,0.012876847282192745,0.6499999999999999,1.0,10,10,0.12587110699969162,80.0,0.05701953650360233,0.05566953650360233,0.04212651528482184,0.012193021218780492,0.45,1.0,10,10,0.11834720937403638,80.0,0.0512969339420359,0.0496469339420359,0.04291959697078437,0.005077336971251532,0.55,1.0,10,10
34,2017-12,46,-0.013171674882177133,normal,0.1052,0.0821,1.0,-0.04705519580635214,30.0,-0.03395954428050805,-0.03590954428050805,-0.002215640044987683,-0.035643904235520364,0.6499999999999999,1.0,10,10,-0.12624113475177304,40.0,-0.030682688750312086,-0.03278268875031209,0.001501236846922696,-0.03638392559723479,0.7,1.0,10,10,-0.3017576318223867,20.0,-0.051354370880171626,-0.052704370880171623,0.020997221673557647,-0.07505159255372927,0.44999999999999996,1.0,10,10,-0.2050570459451125,20.0,-0.05677993483406842,-0.05842993483406842,0.01237578980560422,-0.07245572463967265,0.55,1.0,10,10
35,2018-01,46,-0.049574301770367785,normal,0.2298,0.0987,1.0,-0.10835646006783842,20.0,-0.0672757490300602,-0.0693757490300602,-0.06466226070180081,-0.006813488328259398,0.7,1.0,10,10,0.026703669441874803,30.0,-0.04257828711520363,-0.04422828711520363,-0.035320754233362874,-0.010557532881840755,0.55,1.0,10,10,-0.11131668208448967,30.0,-0.0540467096086096,-0.0556967096086096,-0.03306872574002161,-0.02427798386858799,0.55,1.0,10,10,-0.08048103607770582,30.0,-0.04257828711520363,-0.044378287115203634,-0.04552268339571393,-0.0006556037194897085,0.6,1.0,10,10
36,2018-02,46,0.01970048087999154,normal,0.1065,0.0711,1.0,-0.00018501387604070305,50.0,0.01940934656345151,0.017909346563451507,0.0433711163822667,-0.026961769818815193,0.5,1.0,10,10,0.15806352143077398,60.0,0.02389389443102846,0.02224389443102846,0.008868092013748758,0.0117258024172797,0.55,1.0,10,10,0.05642923219241443,50.0,0.023611789645214327,0.022411789645214328,0.01227586019878496,0.008935929446429368,0.4,1.0,10,10,0.08751156336725255,50.0,0.013249973875256,0.011749973875256,0.035849408735345596,-0.025599434860089598,0.5,1.0,10,10
37,2018-03,46,0.05595792635071558,normal,0.276,0.1382,1.0,-0.11785383903792784,80.0,0.04392877995470603,0.04167877995470603,0.044751253750964046,-0.005322473796258019,0.75,1.0,10,10,0.024360160345359236,80.0,0.046422382743554313,0.044322382743554316,0.03431337897904772,0.007909003764506595,0.7,1.0,10,10,-0.04705519580635214,80.0,0.042535781638967395,0.04028578163896739,0.04630639067519469,-0.008270609036227297,0.75,1.0,10,10,-0.04335491828553808,80.0,0.043075334559946984,0.04097533455994699,0.03431337897904772,0.004561955580899266,0.7,1.0,10,10
38,2018-04,46,0.001660216552271592,normal,0.2867,0.1402,1.0,0.09330866481652789,50.0,0.017220696320069038,0.014820696320069039,-0.01357304559266756,0.0259937419127366,0.8,1.0,10,10,0.22503854455750846,60.0,0.029414856189614296,0.027314856189614295,-0.03230651108691997,0.05752136727653426,0.7,1.0,10,10,0.14030218933086647,70.0,0.031318471748575084,0.029068471748575082,-0.012211967440638379,0.039030439189213464,0.75,1.0,10,10,0.18199198273203823,50.0,0.01722069632006904,0.014970696320069041,-0.02107174571075377,0.03379244203082281,0.75,1.0,10,10
39,2018-05,46,0.015806357251170338,normal,0.1602,0.089,1.0,-0.08011100832562441,50.0,0.036013208383316196,0.033763208383316194,0.05492009786995809,-0.0234068894866419,0.75,1.0,10,10,-0.19679309281529445,40.0,0.013794178471497432,0.011694178471497433,0.07431804769482274,-0.0647238692233253,0.7,1.0,10,10,-0.15386987357385137,40.0,0.01690795542832684,0.014807955428326842,0.040241069788168125,-0.02753311435984128,0.7,1.0,10,10,-0.13105149552883133,40.0,0.016907955428326838,0.014807955428326839,0.07431804769482274,-0.06161009226649591,0.7,1.0,10,10
40,2018-06,46,0.05144235066671429,normal,0.1564,0.1061,1.0,-0.10527289546716004,80.0,0.04173720414385373,0.03963720414385373,0.05662183002080705,-0.019084625876953316,0.7,1.0,10,10,-0.022756706753006475,80.0,0.04234196300518199,0.03979196300518199,0.0442715447913563,-0.007029581786174313,0.8500000000000001,1.0,10,10,0.04693185322232501,70.0,0.04447604397797157,0.042376043977971574,0.03206271348921571,0.008213330488755867,0.7,1.0,10,10,-0.04520505704594511,80.0,0.0373289087965874,0.0350789087965874,0.0506882357310142,-0.0178593269344268,0.75,1.0,10,10
41,2018-07,46,0.045823698344993016,normal,0.2132,0.0978,1.0,-0.04138143694110392,60.0,0.05559438411107457,0.05394438411107457,0.057155390453725405,-0.004861006342650832,0.55,1.0,10,10,-0.21356768424298492,50.0,0.03509178014903402,0.03314178014903402,0.04984050667800913,-0.01864872652897511,0.6499999999999999,1.0,10,10,-0.2690718470551958,30.0,0.015178007445848801,0.013978007445848801,0.05788826238927671,-0.04511025494342791,0.4,1.0,10,10,-0.15559666975023126,60.0,0.06188090427847046,0.060230904278470464,0.057155390453725405,0.0014255138247450602,0.55,1.0,10,10
42,2018-08,46,-0.10197246995370846,normal,0.0943,0.0711,1.0,-0.2499537465309898,0.0,-0.12304416590863092,-0.12484416590863091,-0.07331926642381421,-0.053324899484816696,0.6,1.0,10,10,-0.2245451742213999,0.0,-0.12819049737721294,-0.13014049737721295,-0.09312707766377817,-0.03896341971343477,0.6499999999999999,1.0,10,10,-0.2694418748072772,0.0,-0.10884710969400044,-0.11094710969400044,-0.0663119083889048,-0.04673520130509565,0.7,1.0,10,10,-0.2721554116558742,0.0,-0.12928640075092473,-0.13108640075092473,-0.07984040013012864,-0.05304600062079609,0.6,1.0,10,10
43,2018-09,46,-0.02434058374820182,normal,0.0724,0.0883,1.0,0.37354301572617943,70.0,0.0280674195615589,0.025817419561558898,-0.08588953582036954,0.10945695538192843,0.75,1.0,10,10,0.4144927536231884,60.0,0.024008078335578727,0.022058078335578726,-0.08656931236149792,0.10667739069707666,0.6499999999999999,1.0,10,10,0.48023435090965155,70.0,0.0343310023274159,0.032531002327415896,-0.10606738145796886,0.13679838378538475,0.6000000000000001,1.0,10,10,0.4584027135368485,60.0,0.02620127191597415,0.02425127191597415,-0.11062337897872351,0.13292465089469768,0.6499999999999999,1.0,10,10
44,2018-10,46,0.04470207677727112,normal,0.2422,0.1261,1.0,0.14671600370027751,80.0,0.044257700544850745,0.041557700544850744,-0.00041373485484673124,0.03927143539969748,0.9,1.0,10,10,0.09614554424915202,90.0,0.08539368719846745,0.08344368719846745,0.048113401884643386,0.03338028531382407,0.6499999999999999,1.0,10,10,0.21332099907493063,80.0,0.04861760695564703,0.04621760695564703,0.025023982417560892,0.018793624538086137,0.8,1.0,10,10,0.18026518655565835,80.0,0.04178446198378312,0.03923446198378312,0.00932999770128341,0.027354464282499713,0.8500000000000001,1.0,10,10
45,2018-11,46,-0.01676187361277861,elevated,0.3138,0.2367,0.733,0.12981806968855997,57.14285714285714,-0.006804174871323413,-0.00624403160925149,-0.023645524916947214,0.009831566726299389,0.5714285714285714,0.733,7,7,-0.15929694727104532,42.857142857142854,-0.0110056520277004,-0.009166642936304393,-0.012150872623971857,-0.0013595533029330219,0.5,0.733,7,7,0.06728337958680235,57.14285714285714,-0.0017398358165362584,-0.0022177282249496487,-0.002070979304029485,-0.0016421289665246078,0.42857142857142855,0.733,7,7,-0.007215541165587419,42.857142857142854,-0.0098712677709732,-0.008335139276123355,-0.019389942968675827,0.004778188919916026,0.5,0.733,7,7
46,2018-12,46,-0.020511882559838365,normal,0.1659,0.114,1.0,0.25883441258094353,40.0,0.02665727912301203,0.02455727912301203,-0.0373868534694065,0.059844132592418525,0.7,1.0,10,10,0.42288004933703366,50.0,0.041878534513865105,0.0396285345138651,-0.08695648422193877,0.12433501873580388,0.75,1.0,10,10,0.37699660807893925,60.0,0.03559840532300272,0.033498405323002724,-0.07507455093508138,0.10647295625808409,0.7,1.0,10,10,0.3802035152636447,50.0,0.02781835567314489,0.02586835567314489,-0.06162842421705572,0.08554677989020061,0.6499999999999999,1.0,10,10
47,2019-01,46,0.06316405460995868,normal,0.3617,0.1536,0.989,-0.06777674992291088,66.66666666666666,0.04096322110030836,0.03886429233487163,0.08239711185471219,-0.04427478462277205,0.5555555555555556,0.989,9,9,-0.07628738822078322,77.77777777777779,0.06283573263084272,0.060166539571903446,0.08535787484109743,-0.0262303986459419,0.6666666666666666,0.989,9,9,-0.16139377119950662,55.55555555555556,0.03223356390354684,0.030395494700607824,0.08495432934024891,-0.055107837016898344,0.5,0.989,9,9,-0.0856614246068455,77.77777777777779,0.05526622988647885,0.05284513469106092,0.07020470996187544,-0.01840049012790057,0.6111111111111112,0.989,9,9
48,2019-02,46,0.0885019672340586,normal,0.1465,0.1068,1.0,-0.21073080481036077,80.0,0.06658016536882712,0.06463016536882712,0.11449659043259779,-0.051816425063770655,0.65,1.0,10,10,-0.12414431082331175,100.0,0.08279239543915716,0.08099239543915716,0.10227901610684412,-0.02308662066768695,0.6,1.0,10,10,-0.11958063521430773,100.0,0.0882959431179903,0.0861959431179903,0.10444991138717688,-0.02035396826918659,0.7,1.0,10,10,-0.16324390995991364,90.0,0.07925344762575334,0.07745344762575335,0.10185075319715013,-0.02619730557139678,0.6,1.0,10,10
49,2019-03,46,-0.00919286707045328,normal,0.2191,0.1177,1.0,0.18914585260561206,50.0,-1.2937960372289003e-05,-0.0021129379603722887,-0.004675357387828963,0.0004624194274566746,0.7,1.0,10,10,0.02966389145852606,40.0,-0.01266862677951477,-0.014768626779514769,-0.001760473690439121,-0.015108153089075647,0.7,1.0,10,10,0.14622263336416896,60.0,0.01200559723606944,0.01020559723606944,-0.02602478035681447,0.034430377592883914,0.6,1.0,10,10,0.15362318840579708,40.0,-0.01836208586959967,-0.020612085869599672,-0.020763896999501725,-0.002098188870097946,0.75,1.0,10,10
50,2019-04,46,0.017745677792411162,normal,0.1705,0.1015,1.0,0.016342892383595434,60.0,0.02351765950426311,0.02111765950426311,0.03585999253458111,-0.017142333030317997,0.8,1.0,10,10,0.06975023126734504,70.0,0.058328922127559815,0.05622892212755982,0.038017672512175894,0.016111249615383925,0.7,1.0,10,10,0.23576934936786928,80.0,0.06791650786548506,0.06596650786548507,0.01600334028941158,0.04801316757607349,0.6499999999999999,1.0,10,10,0.08553808202281836,80.0,0.07238277313342763,0.07043277313342763,0.02675596352311544,0.04172680961031219,0.6499999999999999,1.0,10,10
51,2019-05,46,-0.027603759912222477,normal,0.1418,0.1142,1.0,-0.21221091581868637,20.0,-0.053008107107944104,-0.0546581071079441,-0.012984299525591292,-0.04332380758235281,0.55,1.0,10,10,-0.07579401788467467,20.0,-0.040922586441368466,-0.04242258644136847,-0.024328044521932442,-0.019594541919436027,0.5,1.0,10,10,-0.0385445575084798,30.0,-0.03863806043324501,-0.04013806043324501,-0.021568215885464263,-0.02006984454778075,0.5,1.0,10,10,-0.10921985815602836,20.0,-0.039288199072672475,-0.040788199072672476,-0.0077407276158750595,-0.034547471456797416,0.5,1.0,10,10
52,2019-06,46,-0.06157960713687418,normal,0.298,0.1933,0.867,0.15399321615787853,25.0,-0.05117388292741468,-0.046481068998068524,-0.11391050620890408,0.050166027385051305,0.8125,0.867,8,8,0.030650632130743136,37.5,-0.0704414038166466,-0.0631860096090326,-0.07318205083824181,-0.0018504840322769514,0.8125,0.867,8,8,0.20826395312981807,50.0,-0.04089323495845744,-0.0377303097089826,-0.10654291424232976,0.0523665219391173,0.875,0.867,8,8,0.12254085723095899,37.5,-0.04184913797197973,-0.03839651512170642,-0.10620346873876388,0.05156857977480186,0.8125,0.867,8,8
53,2019-07,46,-0.011131901841812243,normal,0.2552,0.1188,1.0,0.2511871723712612,70.0,0.025322420842727872,0.02262242084272787,-0.022813601831174198,0.04273602267390207,0.9,1.0,10,10,0.30348442799876657,70.0,0.01919173932697759,0.01649173932697759,-0.03644751480519918,0.05023925413217677,0.9,1.0,10,10,0.22565525747764414,70.0,0.03284958159844584,0.030149581598445836,-0.012162905542774322,0.03961248714122016,0.9,1.0,10,10,0.2913968547641073,70.0,0.031027073262569434,0.028327073262569433,-0.00391922013717772,0.029546293399747153,0.9,1.0,10,10
54,2019-08,47,0.06469276928177602,normal,0.2567,0.1173,1.0,0.2708140610545791,70.0,0.07194080338140128,0.06954080338140128,0.035996690434704784,0.0311441129466965,0.8,1.0,10,10,0.39350138760407033,100.0,0.12697286165692456,0.12472286165692456,0.032272940826289946,0.0901999208306346,0.75,1.0,10,10,0.3882978723404255,100.0,0.11991333730093309,0.11766333730093309,0.02768739027225232,0.08772594702868078,0.75,1.0,10,10,0.3504856614246068,90.0,0.10924045766433446,0.10714045766433446,0.04131108247201522,0.06372937519231925,0.7,1.0,10,10
55,2019-09,48,0.03158661489390182,normal,0.2596,0.1692,0.941,0.09476769431176725,77.77777777777779,0.024734791345395586,0.021236605322683913,0.016818992701020528,0.003371099857690265,0.7222222222222222,0.941,9,9,0.13124185844550587,77.77777777777779,0.034855364564625804,0.030916898055312877,0.013346639054060798,0.016475710705441668,0.6666666666666667,0.941,9,9,0.08977420755536257,55.55555555555556,0.014701552193813642,0.011795327281045303,0.007897302295600817,0.002325132487551602,0.7222222222222222,0.941,9,9,0.11137646547980894,77.77777777777779,0.047568720707086745,0.04272333285203529,0.03192626428323685,0.01064188482817608,0.7222222222222222,0.941,9,9
56,2019-10,48,-0.003131533924763128,elevated,0.3119,0.2591,0.664,0.11647850629613546,83.33333333333334,0.011920530399776468,0.006255232185451575,-0.009342829984423514,0.01079887129510879,0.8333333333333333,0.664,6,6,0.11626139817629179,83.33333333333334,0.06876499476620342,0.04399995652475907,-0.013910021916479614,0.05157621107730154,0.8333333333333333,0.664,6,6,0.13178462874511507,100.0,0.04807878324183993,0.030264312072581713,0.010796824737869496,0.021435220446636368,0.8333333333333334,0.664,6,6,0.1739036039947894,100.0,0.08355607716538138,0.053821235237813236,-0.023498720725679625,0.06776438579966451,0.8333333333333333,0.664,6,6
57,2019-11,48,0.024467716648444094,normal,0.1981,0.1268,1.0,0.07175423360833695,80.0,0.03912054954509865,0.036570549545098655,0.024697404086128326,0.009323145458970328,0.8500000000000001,1.0,10,10,0.13080764220581848,90.0,0.04332451531781027,0.04062451531781027,0.01866381520581009,0.01926070011200018,0.9,1.0,10,10,0.05753365175857577,80.0,0.04016968920799522,0.03746968920799522,0.035662719621957426,-0.0008930304139622078,0.9,1.0,10,10,0.09107685627442465,80.0,0.0407892308070424,0.0380892308070424,0.0205836635972863,0.0148055672097561,0.9,1.0,10,10
58,2019-12,48,0.01365849363359084,normal,0.1425,0.0842,1.0,0.3335866261398176,70.0,0.0561208663566487,0.0544708663566487,-0.03320327456800466,0.08602414092465337,0.55,1.0,10,10,0.27865827181936603,30.0,-0.0014779993458665494,-0.0031279993458665496,-0.04003226634876369,0.03525426700289714,0.55,1.0,10,10,0.34020842379504995,60.0,0.020239449920098816,0.019039449920098817,-0.04742345587786067,0.06526290579795949,0.4,1.0,10,10,0.33619192357794186,50.0,0.027965737160417427,0.026465737160417425,-0.0492291761746659,0.07419491333508332,0.5,1.0,10,10
59,2020-01,48,-0.16252939863756308,normal,0.1735,0.0913,1.0,0.4375814155449414,0.0,-0.13955087427480145,-0.14195087427480146,-0.18455181378523372,0.04020093951043224,0.8,1.0,10,10,0.542336083369518,0.0,-0.13485944910777295,-0.13710944910777295,-0.1965167832991636,0.05715733419139066,0.75,1.0,10,10,0.4443117672600955,0.0,-0.1487279737608958,-0.1509779737608958,-0.1814432544406772,0.02821528067978138,0.75,1.0,10,10,0.5054277029960921,0.0,-0.1384124052650037,-0.14081240526500372,-0.19575391402791495,0.05254150876291122,0.8,1.0,10,10
60,2020-02,37,-0.08041078776362878,normal,0.2238,0.1249,1.0,-0.11925082977714554,20.0,-0.08101459936949743,-0.08326459936949743,-0.06200233109118049,-0.023512268278316942,0.75,1.0,10,10,-0.0825035561877667,30.0,-0.05673556738167777,-0.05883556738167777,-0.07232767832915657,0.011392110947478794,0.7,1.0,10,10,-0.08084400189663347,30.0,-0.05642798327026061,-0.058827983270260606,-0.08193818154349308,0.020710198273232477,0.8,1.0,10,10,-0.07871028923660502,30.0,-0.04955042890528712,-0.05180042890528712,-0.08670933299045305,0.03265890408516593,0.75,1.0,10,10
61,2020-03,46,0.07903240386576653,normal,0.2979,0.2052,0.83,0.01227258711069997,75.0,0.09948411545147774,0.08054869082472652,0.03407378693967389,0.050244322664797184,0.8125,0.83,8,8,-0.09972247918593895,37.5,-0.009643134216942063,-0.009871301400061913,0.031163357942569136,-0.037604388492394294,0.75,0.83,8,8,-0.07123034227567068,50.0,0.014702417870461375,0.010491131832482941,0.03550673054042215,-0.020691329516067444,0.6875,0.83,8,8,-0.05124884366327475,50.0,0.010442168906071674,0.006799500192039489,0.028347673125420574,-0.01859656850205959,0.75,0.83,8,8
62,2020-04,48,0.02624483667229857,crisis,0.6739,0.8078,0.183,-0.1191923577941815,0.0,-0.0001469285022059,-0.0005758879159036797,0.0525655922880787,-0.010744391304622083,1.0,0.183,1,1,-0.23382544507164568,0.0,-0.0001469285022059,-0.0005758879159036797,0.0525655922880787,-0.010744391304622083,1.0,0.183,1,1,-0.1508901432913591,0.0,-0.0001469285022059,-0.0005758879159036797,-0.0358289404325673,0.005431808183256136,1.0,0.183,1,1,-0.1849761181068172,0.0,-0.0001469285022059,-0.0005758879159036797,0.0525655922880787,-0.010744391304622083,1.0,0.183,1,1
63,2020-05,48,0.08868301809929331,elevated,0.4301,0.4976,0.6,0.40848892748588794,100.0,0.11412076117978441,0.06667245670787064,0.006233115221726833,0.06113258757483454,1.0,0.6,6,6,0.32794181502388187,100.0,0.128004418676022,0.0750026512056132,0.05521024168461903,0.04007650619484178,1.0,0.6,6,6,0.2851715154146765,100.0,0.12462297796546136,0.07297378677927682,0.032385765292592815,0.05174232760372113,1.0,0.6,6,6,0.35692574902301344,100.0,0.13296038828534953,0.07797623297120972,0.038166931746064774,0.05327607392357085,1.0,0.6,6,6
64,2020-06,48,0.11312846695387242,elevated,0.386,0.3424,0.6,-0.09151107251411203,83.33333333333334,0.07880329647488159,0.04578197788492895,0.14306468423878624,-0.041556832658342785,0.8333333333333334,0.6,6,6,-0.13949196699956576,83.33333333333334,0.07569980500943238,0.04376988300565943,0.113261205246026,-0.02583684014195617,0.9166666666666667,0.6,6,6,-0.06545809813287017,83.33333333333334,0.07498879143079554,0.04349327485847732,0.11135892620450571,-0.02482208086422611,0.8333333333333334,0.6,6,6,-0.11984368215371255,83.33333333333334,0.08550997977721529,0.04980598786632917,0.09295055442494482,-0.007464344788637722,0.8333333333333334,0.6,6,6
65,2020-07,47,0.04208917643195067,normal,0.2454,0.1844,0.894,0.09794172062904717,75.0,0.06794427861155923,0.05839543507873395,0.05798947257342858,0.0042060965980888,0.875,0.894,8,8,0.1948427382053654,87.5,0.08540516548341723,0.074173092942175,0.048400592693082584,0.028723838074559173,0.8125,0.894,8,8,0.0971322849213691,87.5,0.08540516548341723,0.07400546794217501,0.05489125214446816,0.02258593852502047,0.875,0.894,8,8,0.14003237742830713,87.5,0.08540516548341723,0.07400546794217501,0.04907642391897711,0.027784394958609474,0.875,0.894,8,8
66,2020-08,48,0.021036632980354977,normal,0.2132,0.1543,0.987,-0.037234042553191495,33.33333333333333,0.010753608748715213,0.007981811834981915,0.012209241894900946,-0.006700709915285319,0.8888888888888888,0.987,9,9,0.09042553191489362,44.44444444444444,0.03279538231320623,0.02940804234313455,-0.00029776230037027577,0.026740933733600012,1.0,0.987,9,9,-0.07935301780286583,55.55555555555556,0.017718163860280498,0.014691327730096852,0.01220924189490094,-0.00015569402017037715,0.9444444444444444,0.987,9,9,-0.003690838037342596,44.44444444444444,0.027505523781109657,0.02435145197195523,0.012209241894900948,0.009504430221687996,0.9444444444444444,0.987,9,9
67,2020-09,48,0.09982544977810738,normal,0.2122,0.139,1.0,0.06860616587060356,90.0,0.10669673218388018,0.10444673218388018,0.08864619852584724,0.013550533658032937,0.75,1.0,10,10,0.09259661311333044,90.0,0.09284743382629755,0.09059743382629755,0.08381834587445278,0.004529087951844771,0.75,1.0,10,10,0.11930091185410333,100.0,0.14413732112807842,0.1414373211280784,0.06452554919345968,0.07421177193461874,0.9,1.0,10,10,0.11799826313504125,90.0,0.09788652261203609,0.09548652261203609,0.0720762929949383,0.021010229617097795,0.8,1.0,10,10
68,2020-10,48,0.16130628800776356,normal,0.405,0.1955,0.86,-0.3296786799826314,100.0,0.11527245919312883,0.09671556490609079,0.1830754393366318,-0.06314806292341257,0.9375,0.86,8,8,-0.3068823273990447,100.0,0.1360046091849368,0.11454521389904564,0.2037672301872515,-0.06311335406199066,0.9375,0.86,8,8,-0.22318714719930524,100.0,0.17077904899235022,0.14461248213342118,0.23054366201187765,-0.055912567196793606,0.875,0.86,8,8,-0.3110073816760747,100.0,0.12014987260831955,0.10074889044315481,0.22143120045187037,-0.09226194194545369,1.0,0.86,8,8
69,2020-11,48,0.13635345320109798,normal,0.1284,0.1484,1.0,-0.2418584455058619,100.0,0.11710966970689411,0.11470966970689411,0.17274552659545905,-0.060435856888564954,0.8,1.0,10,10,-0.0737082066869301,100.0,0.12153856787880449,0.1188385678788045,0.1588630093873487,-0.04272444150854422,0.9,1.0,10,10,-0.17792010421189755,100.0,0.12025908309213913,0.11800908309213913,0.15881956535665626,-0.04306048226451713,0.75,1.0,10,10,-0.17010421189752498,100.0,0.11710966970689411,0.11485966970689411,0.16678043651999291,-0.054170766813098806,0.75,1.0,10,10
70,2020-12,48,0.08289934599043101,normal,0.2151,0.1394,1.0,0.0219279201042119,70.0,0.07528508000100233,0.07273508000100233,0.05195254228375947,0.018232537717242855,0.8500000000000001,1.0,10,10,-0.15295267042987407,80.0,0.07157770140601104,0.06902770140601104,0.11475214396950262,-0.048274442563491574,0.8500000000000001,1.0,10,10,0.14893617021276598,70.0,0.07527916535293609,0.0725791653529361,0.0684971767162594,0.0013819886366766981,0.9,1.0,10,10,-0.0024967433782023445,80.0,0.08879292992476066,0.08609292992476067,0.06592072715923555,0.01747220276552512,0.9,1.0,10,10
71,2021-01,48,0.10588456513481188,normal,0.3532,0.1454,1.0,-0.00803300043421624,90.0,0.1082201395244898,0.1059701395244898,0.11199442122235279,-0.008274281697862984,0.75,1.0,10,10,0.0407077724706904,90.0,0.12554964139166663,0.12359964139166664,0.12700385569768807,-0.00535421430602144,0.6499999999999999,1.0,10,10,-0.12733391228831958,80.0,0.07562545091260722,0.07367545091260723,0.14888055083761037,-0.07715509992500315,0.6499999999999999,1.0,10,10,-0.007273122014763352,90.0,0.11127684903654811,0.1091768490365481,0.1227486773626206,-0.0156718283260725,0.7,1.0,10,10
72,2021-02,48,0.026544684760654552,normal,0.3046,0.1626,0.961,-0.04472427268779853,88.88888888888889,0.05886075660375153,0.054483020429538544,0.03271697130196203,0.020959844341686365,0.7222222222222222,0.961,9,9,0.010529743812418585,77.77777777777779,0.05060389546232893,0.046388010205964766,0.0902092823238449,-0.0425454434405835,0.7777777777777778,0.961,9,9,-0.029852366478506292,66.66666666666666,0.021715973395308404,0.01878688376622471,0.05021378745618438,-0.03155073264583515,0.7222222222222222,0.961,9,9,-0.014654798089448546,77.77777777777779,0.05060389546232893,0.046388010205964766,0.06845717836729093,-0.02164167153833514,0.7777777777777778,0.961,9,9
73,2021-03,47,0.05389105644381507,elevated,0.3878,0.2708,0.628,0.3053885291396855,66.66666666666666,0.10463880579432557,0.06445717003883646,0.06550537399220652,0.022063795171730766,0.6666666666666666,0.628,6,6,0.3400786308973173,66.66666666666666,0.0514606202787792,0.030747269535073337,-0.0050824082946896165,0.03236902194413842,0.8333333333333333,0.628,6,6,0.13748843663274746,83.33333333333334,0.0647123693746313,0.039697367967268464,0.0615594359736645,9.604217580715807e-05,0.5,0.628,6,6,0.3097826086956522,66.66666666666666,0.038917681803154296,0.023184304172380897,0.021376846188951817,0.008503644765719156,0.6666666666666667,0.628,6,6
74,2021-04,48,0.09320224705704565,normal,0.3962,0.1961,0.858,-0.004776378636561007,100.0,0.07990336458206775,0.06598308681141413,0.09726715644048217,-0.02004613341451958,1.0,0.858,8,8,0.020516717325227963,100.0,0.081471897504523,0.06765063805888073,0.09571320069217568,-0.01672353813500599,0.875,0.858,8,8,-0.03603994789405124,100.0,0.07417766089271188,0.06107043304594679,0.09953885681963709,-0.026907906105301825,1.0,0.858,8,8,-0.019322622666087714,100.0,0.07330202519235736,0.060480012615042614,0.10067359277166797,-0.028311054983048506,0.9375,0.858,8,8
75,2021-05,48,0.02383085623065369,normal,0.3009,0.2072,0.824,0.21146330872774644,75.0,0.032252918113208365,0.02425890452528369,0.02071513467521195,0.004872133552909046,0.9375,0.824,8,8,0.21189752496743378,87.5,0.038299556196397425,0.02955033430583148,0.020986240980067135,0.010249171738256162,0.8125,0.824,8,8,0.26302648719062094,62.5,0.027662732509123673,0.020476591587517905,-0.0069799226204390885,0.023910547826759714,0.9375,0.824,8,8,0.24782891880156319,87.5,0.038299556196397425,0.02955033430583148,0.015773892027184162,0.01454414727543173,0.8125,0.824,8,8
76,2021-06,48,0.0448156786773491,normal,0.1741,0.1311,1.0,0.2206904038211029,90.0,0.05618833327095003,0.05363833327095004,0.019268694339339632,0.031819638931610404,0.8500000000000001,1.0,10,10,0.14752496743378202,80.0,0.04916427351406023,0.04691427351406023,0.03138673764430848,0.01327753586975175,0.75,1.0,10,10,0.2517368649587495,90.0,0.06648919336601603,0.06408919336601603,-0.00448414386008301,0.06617333722609904,0.8,1.0,10,10,0.2260095527572731,90.0,0.05618833327095003,0.053788333270950034,0.017590623058408465,0.03379771021254157,0.8,1.0,10,10
77,2021-07,48,0.09334485065522007,normal,0.1055,0.0728,1.0,-0.0022796352583586625,90.0,0.0884893984614881,0.0865393984614881,0.10419454407764868,-0.01960514561616057,0.6499999999999999,1.0,10,10,-0.022036474164133738,90.0,0.09086000487397974,0.08906000487397975,0.11301129485178729,-0.02575128997780754,0.6,1.0,10,10,-0.0026052974381241857,90.0,0.0918215409022739,0.08987154090227391,0.08745890385895459,0.0004626370433193222,0.6499999999999999,1.0,10,10,-0.011506730351715153,90.0,0.07948535004708497,0.07768535004708498,0.08066662004346142,-0.004781269996376444,0.6,1.0,10,10
78,2021-08,48,0.06379722329183862,normal,0.1196,0.0919,1.0,0.06567520625271385,80.0,0.05601618060404632,0.05391618060404632,0.06327718154756809,-0.011461000943521774,0.7,1.0,10,10,0.2372991749891446,90.0,0.13815187123816983,0.13560187123816983,0.04372506873086256,0.08932680250730728,0.8500000000000001,1.0,10,10,0.005210594876248371,50.0,0.017911080738773625,0.015811080738773624,0.06583001122764338,-0.052118930488869765,0.7,1.0,10,10,0.11474164133738603,70.0,0.06535144438631044,0.06310144438631043,0.05488299816705307,0.0059684462192573645,0.75,1.0,10,10
79,2021-09,48,0.018337915529188575,normal,0.1531,0.0923,1.0,0.3754884932696482,80.0,0.06469948560973625,0.06259948560973624,0.0005261876209165101,0.059973297988819736,0.7,1.0,10,10,0.24120712114633086,80.0,0.06339673098207695,0.061446730982076946,-0.0019139483856085077,0.061410679367685454,0.6499999999999999,1.0,10,10,0.3325010855405992,90.0,0.06721292459502413,0.06511292459502413,-0.00819134438355042,0.07120426897857456,0.7,1.0,10,10,0.31437255753365173,80.0,0.06469948560973623,0.06259948560973623,-0.0027287309547962798,0.06322821656453251,0.7,1.0,10,10
80,2021-10,48,-0.011144060013276514,normal,0.1515,0.0971,1.0,0.1593573599652627,60.0,0.01910744545697957,0.01685744545697957,-0.02867386385159506,0.04328130930857463,0.75,1.0,10,10,0.14394268345636127,50.0,0.0059267087826938986,0.003976708782693899,-0.05132357119358568,0.05335027997627958,0.6499999999999999,1.0,10,10,0.13384715588363005,60.0,0.012350454758338684,0.010250454758338684,-0.05201409959391098,0.06016455435224966,0.7,1.0,10,10,0.1416630481980026,50.0,0.011102700575721935,0.009002700575721936,-0.0564512897258028,0.06335399030152473,0.7,1.0,10,10
81,2021-11,48,0.06367079001939607,normal,0.2013,0.1307,1.0,0.07859313938341293,80.0,0.06709596637501931,0.06454596637501932,0.06506960326572504,-0.003073636890705722,0.8500000000000001,1.0,10,10,0.030829353017802867,80.0,0.059069266515777284,0.056669266515777285,0.05733159258260375,-0.003062326066826465,0.8,1.0,10,10,0.11778115501519756,80.0,0.05798091248175968,0.05573091248175968,0.05555331656784803,-0.0020724040860883516,0.75,1.0,10,10,0.10508033000434215,80.0,0.0669596176213418,0.0645596176213418,0.06589263339704401,-0.003733015775702217,0.8,1.0,10,10
82,2021-12,48,-0.020239106431845025,normal,0.3059,0.161,0.966,0.3151324359531046,33.33333333333333,-0.0018633101839438254,-0.004214957637689734,-0.08003143924163549,0.07068041266973013,0.8333333333333333,0.966,9,9,0.21157186278766824,44.44444444444444,0.010159559901080932,0.0077211348644441805,-0.06876802186312601,0.07205804398422391,0.7222222222222222,0.966,9,9,0.3024316109422492,33.33333333333333,-0.0008921313123946307,-0.003115798847773213,-0.08827915606932774,0.07990786591519737,0.7777777777777778,0.966,9,9,0.2914676508901433,33.33333333333333,0.00039101084237225557,-0.0018762835262684007,-0.07395384723036261,0.06730913289826188,0.7777777777777777,0.966,9,9
83,2022-01,48,-0.026983717453787876,normal,0.4651,0.1662,0.95,0.25890143291359097,66.66666666666666,0.004320271433645788,0.0015709245286301657,-0.045630392730057756,0.042386464288851705,0.8888888888888888,0.95,9,9,0.18703864524533215,66.66666666666666,0.0132683123846149,0.010229896765384154,-0.028931088595039962,0.035339430930672114,0.8333333333333333,0.95,9,9,0.4622231871471993,88.88888888888889,0.05116486087130449,0.045914951161072595,-0.06648063557019006,0.10637988828608647,0.9444444444444444,0.95,9,9,0.29580981328701694,77.77777777777779,0.026152588413470085,0.022469958992796583,-0.048881067228867724,0.06653197286022092,0.8333333333333333,0.95,9,9
84,2022-02,48,0.05288138205352481,normal,0.3255,0.1686,0.943,0.18345636126791143,77.77777777777779,0.06345841952946712,0.05732662294962083,0.020868265559558823,0.03513318186029019,0.8888888888888888,0.943,9,9,0.15479808944854537,88.88888888888889,0.07277696164064154,0.06642834149379163,0.041102251651540675,0.025468584853055448,0.7777777777777778,0.943,9,9,0.30405992184107683,100.0,0.11301835591196815,0.1045331429583193,0.016135476732373623,0.08727422173302431,0.7222222222222222,0.943,9,9,0.21330872774641768,77.77777777777779,0.07073062293224863,0.06449864409177712,0.01133780415389331,0.051606761441322396,0.7777777777777778,0.943,9,9
85,2022-03,48,-0.04512082195828996,crisis,0.6042,0.2827,0.35,-0.006296135475466783,33.33333333333333,-0.061076255273472435,-0.02225168934571535,-0.05278280577249389,-0.0046527073253424915,0.8333333333333333,0.35,3,3,-0.050694745983499774,33.33333333333333,-0.05015415484541733,-0.018428954195896068,-0.09742601682620683,0.014795151693276318,0.8333333333333333,0.35,3,3,-0.041467650890143294,0.0,-0.14339800925350352,-0.05106430323872623,-0.09742601682620683,-0.017840197349553846,0.8333333333333333,0.35,3,3,-0.010095527572731218,33.33333333333333,-0.06567147710592557,-0.023860016987073948,-0.09742601682620683,0.009364088902098437,0.8333333333333333,0.35,3,3
86,2022-04,48,-0.08197144077324757,normal,0.2963,0.1969,0.856,-0.22752930959617887,12.5,-0.11191578438755541,-0.09836791143574743,-0.03747958516131081,-0.06885338653766537,1.0,0.856,8,8,-0.0449413808076422,25.0,-0.08487237963881467,-0.07521875697082535,-0.09555233966600463,0.004006045783274612,1.0,0.856,8,8,-0.2567303517151541,12.5,-0.12128296879528597,-0.10622572128876479,-0.06644735664115403,-0.05175428400393693,0.9375,0.856,8,8,-0.1580547112462006,12.5,-0.09795840218350506,-0.08642039226908033,-0.06644735664115403,-0.032109454984252474,1.0,0.856,8,8
87,2022-05,48,-0.0302223699998822,normal,0.3727,0.1852,0.892,-0.4053408597481546,37.5,-0.06349350514953271,-0.05897770659338318,0.018384137027049174,-0.07771785682151104,0.875,0.892,8,8,-0.4463742943986105,25.0,-0.07500315901384047,-0.0690770678403457,0.025461564474083678,-0.09396303335122834,0.8125,0.892,8,8,-0.41424229266174556,25.0,-0.05568995489339795,-0.05184968976491098,0.03062326277578545,-0.0813398901609116,0.8125,0.892,8,8,-0.45082501085540594,25.0,-0.07500315901384048,-0.06924431784034571,0.031190123072276425,-0.09940740762081628,0.875,0.892,8,8
88,2022-06,48,0.13481982518962354,elevated,0.4013,0.2372,0.732,0.40838037342596617,100.0,0.18289558858305055,0.13215414227136443,0.04999859836147103,0.09382973969933907,0.7857142857142857,0.732,7,7,0.3764654798089449,100.0,0.17452021660204448,0.12602336998126798,0.06056052800026384,0.07996763491364628,0.7857142857142857,0.732,7,7,0.38699522362136346,100.0,0.17750048439148294,0.12820492600313693,0.1108543379033408,0.0453341220864629,0.7857142857142857,0.732,7,7,0.4306339557099435,100.0,0.17750048439148294,0.12820492600313693,0.06056052800026384,0.08214919093551523,0.7857142857142857,0.732,7,7
89,2022-07,48,0.0617408165014652,normal,0.3997,0.1753,0.922,0.22926617455492834,77.77777777777779,0.054749357960578025,0.04832757470631961,0.0139544436688794,0.03331024431027947,0.7777777777777777,0.922,9,9,0.07598784194528875,66.66666666666666,0.035980590346306775,0.031022770965961514,0.0409637240774309,-0.008897115966763108,0.7777777777777778,0.922,9,9,0.2989578810247503,77.77777777777779,0.08067131125514035,0.0720739489772394,0.03450429320201375,0.037955990644982715,0.8333333333333333,0.922,9,9,0.17770299609205384,77.77777777777779,0.054749357960578025,0.04817390803965294,0.030301781224788923,0.017930665750397555,0.8333333333333333,0.922,9,9
90,2022-08,48,-0.03316475999166083,normal,0.1986,0.1244,1.0,0.05905340859748154,20.0,-0.028404492517344178,-0.03065449251734418,-0.037775986240864465,0.004871493723520283,0.75,1.0,10,10,0.17086409031697786,10.0,-0.04659526001260518,-0.04899526001260518,-0.046921884833200256,-0.004473375179404923,0.8,1.0,10,10,-0.022036474164133738,20.0,-0.04096496011230513,-0.04291496011230513,-0.0387990064377646,-0.0060659536745405335,0.6499999999999999,1.0,10,10,0.09379070777247069,20.0,-0.03536540094624291,-0.03761540094624291,-0.04588819772810968,0.00602279678186677,0.75,1.0,10,10
91,2022-09,48,0.05519316447253527,normal,0.2926,0.1423,1.0,0.44941380807642206,100.0,0.0956724453393767,0.09372244533937671,0.03552080143147246,0.05625164390790425,0.6499999999999999,1.0,10,10,0.33923143725575333,100.0,0.08762295760569452,0.08522295760569452,-0.00335689078371437,0.0861798483894089,0.8,1.0,10,10,0.4560356057316543,100.0,0.1070308560218283,0.1050808560218283,0.024135411791245048,0.07899544423058326,0.6499999999999999,1.0,10,10,0.42433782023447675,100.0,0.09731594460918407,0.09506594460918406,0.01808921580577277,0.0747267288034113,0.75,1.0,10,10
92,2022-10,48,0.02595451794312825,normal,0.319,0.1556,0.983,-0.014654798089448546,77.77777777777779,0.044135534662171017,0.04109156390624744,0.012151957535808066,0.026852522981881448,0.7777777777777778,0.983,9,9,0.0900998697351281,66.66666666666666,0.03155767510183139,0.028563694625100257,0.03847050863416903,-0.0117103153622879,0.8333333333333333,0.983,9,9,0.15664350846721667,66.66666666666666,0.043807114747955,0.040932560463906434,0.033408388409387035,0.005962281324145648,0.7222222222222222,0.983,9,9,0.06741207121146331,66.66666666666666,0.035977693641765535,0.03307240618318885,0.03202662550351072,-0.000703433353428852,0.7777777777777778,0.983,9,9
93,2022-11,48,-0.03605982917296386,normal,0.3211,0.1463,1.0,0.04374728614850194,20.0,-0.02843830882350611,-0.03098830882350611,-0.030926632759476557,-0.0026116760640295528,0.8500000000000001,1.0,10,10,0.013026487190620929,30.0,-0.017211570870856587,-0.019611570870856587,-0.028732541199432148,0.006720970328575562,0.8,1.0,10,10,-0.0039079461571862786,30.0,-0.01946000056470657,-0.021710000564706573,-0.03084859659842142,0.006888596033714847,0.75,1.0,10,10,0.037125488493269646,20.0,-0.0299118222366491,-0.0323118222366491,-0.028732541199432148,-0.005979281037216951,0.8,1.0,10,10
94,2022-12,48,-0.01642910403922165,normal,0.1864,0.0968,1.0,-0.17260095527572733,40.0,-0.0407356994893341,-0.0428356994893341,0.017184002780080178,-0.06211970226941428,0.7,1.0,10,10,-0.07121146330872774,50.0,-0.02117245221346326,-0.02372245221346326,-0.01938711165410189,-0.00688534055936137,0.8500000000000001,1.0,10,10,-0.07620495006513242,50.0,-0.029305128528948465,-0.031405128528948466,-0.00527578916069865,-0.028229339368249815,0.7,1.0,10,10,-0.1607685627442466,50.0,-0.029579394536666463,-0.03167939453666646,0.02171579576426228,-0.05549519030092874,0.7,1.0,10,10
95,2023-01,48,-0.033516695224209365,normal,0.293,0.1164,1.0,0.25271385149804604,40.0,-0.015894711031141963,-0.018144711031141965,-0.052144157606171616,0.03174944657502965,0.75,1.0,10,10,0.34433347807207987,30.0,-0.02524968103609616,-0.02764968103609616,-0.0720367641334263,0.04198708309733014,0.8,1.0,10,10,0.21526270082501084,50.0,-0.01135022467980571,-0.01345022467980571,-0.044193118880738305,0.0286428942009326,0.7,1.0,10,10,0.29461571862787667,40.0,-0.01783126708969644,-0.01993126708969644,-0.052262309130740384,0.030231042041043946,0.7,1.0,10,10
96,2023-02,48,0.03284191139883252,normal,0.1886,0.1187,1.0,0.12668258792878853,100.0,0.04969920843775206,0.047449208437752056,0.030846463478881696,0.014352744958870359,0.75,1.0,10,10,0.1924663482414242,90.0,0.04897776979784331,0.04657776979784331,0.02867758080390693,0.01550018899393638,0.8,1.0,10,10,0.3084020842379505,100.0,0.0599884811109477,0.0575884811109477,0.038449047154124436,0.016739433956823264,0.8,1.0,10,10,0.20201910551454622,100.0,0.058498569425607425,0.05624856942560742,0.026403705300518488,0.027594864125088936,0.75,1.0,10,10
97,2023-03,48,0.056353547300190855,normal,0.1195,0.1005,1.0,0.023664785062961352,70.0,0.061428958894971,0.059028958894971,0.06106677265419584,-0.0044378137592248415,0.8,1.0,10,10,-0.05905340859748154,70.0,0.06048410910612142,0.057934109106121415,0.05995585065388902,-0.004571741547767599,0.8500000000000001,1.0,10,10,0.15175857577073382,70.0,0.07002192045476685,0.06747192045476685,0.043140106610793226,0.021781813843973624,0.8500000000000001,1.0,10,10,0.04537559704732957,70.0,0.05460764947312728,0.052507649473127284,0.051546556581821744,-0.0011389071086944577,0.7,1.0,10,10
98,2023-04,48,0.04910511340458915,normal,0.2483,0.1351,1.0,0.12993920972644377,80.0,0.06789391744219293,0.06609391744219294,0.021237812320303712,0.043056105121889225,0.6,1.0,10,10,0.07696482848458532,70.0,0.05976468417246957,0.05781468417246957,0.027109345688717278,0.028755338483752294,0.6499999999999999,1.0,10,10,0.021710811984368215,70.0,0.04454838256066283,0.04274838256066283,0.027319440035489688,0.013628942525173143,0.6,1.0,10,10,0.07653061224489796,80.0,0.06578397043538253,0.06383397043538254,0.017171121522720673,0.04471284891266186,0.6499999999999999,1.0,10,10
99,2023-05,48,0.053312810638751845,normal,0.1181,0.0819,1.0,0.018454190186712984,90.0,0.05132458563583957,0.048624585635839566,0.0644244318597576,-0.01849984622391803,0.9,1.0,10,10,0.08108988276161529,90.0,0.06877424352274439,0.06652424352274439,0.05443774503951101,0.009836498483233376,0.75,1.0,10,10,0.07967867998263135,90.0,0.06651067291533695,0.06411067291533695,0.06187167434404609,-0.00016100142870914547,0.8,1.0,10,10,0.07392531480677378,90.0,0.0655385766229554,0.0631385766229554,0.06211007307731292,-0.0013714964543575237,0.8,1.0,10,10
100,2023-06,48,0.018794988787675663,normal,0.1433,0.0901,1.0,0.2027789839339991,60.0,0.04211858796960187,0.03941858796960187,0.0030380268739637296,0.03368056109563814,0.9,1.0,10,10,0.17325227963525838,50.0,0.028827322551833335,0.026577322551833336,0.022627779760404306,0.0016995427914290318,0.75,1.0,10,10,0.20256187581415544,80.0,0.06161017211176748,0.05891017211176748,0.0146395890614511,0.041570583050316384,0.9,1.0,10,10,0.18171949630916195,60.0,0.038288828195748734,0.03573882819574874,0.01562579441308978,0.017563033782658957,0.8500000000000001,1.0,10,10
101,2023-07,48,0.024714410292252558,normal,0.207,0.0793,1.0,0.41239687364307426,90.0,0.07555683331425633,0.07330683331425633,-0.004831196329509059,0.07588802964376538,0.75,1.0,10,10,0.385909683022145,90.0,0.07704674875573017,0.07509674875573018,-0.001926321420625081,0.07507307017635526,0.6499999999999999,1.0,10,10,0.3378202344767694,80.0,0.062393758374686935,0.060443758374686934,0.00788210196108036,0.05061165641360657,0.65,1.0,10,10,0.3897090751194094,80.0,0.06218029501214434,0.060380295012144335,0.0022757963191430905,0.05630449869300125,0.6,1.0,10,10
102,2023-08,48,0.04416201251382967,normal,0.1106,0.0854,1.0,0.062418584455058615,80.0,0.060958388821053,0.058708388821053,0.018427956009435732,0.03803043281161726,0.75,1.0,10,10,0.07761615284411637,80.0,0.0611498897108677,0.0590498897108677,0.03425849004307026,0.022691399667797443,0.7,1.0,10,10,0.1252713851498046,80.0,0.045724875790127725,0.04362487579012773,0.020344708498959634,0.021180167291168093,0.7,1.0,10,10,0.09748154580981327,80.0,0.06095838882105299,0.05870838882105299,0.017692691908819003,0.038765696912233985,0.75,1.0,10,10
103,2023-09,48,0.01744789502645411,normal,0.1637,0.065,1.0,0.056556665219279205,50.0,0.01904704712032857,0.01709704712032857,0.008551013358926392,0.0065960337614021786,0.6499999999999999,1.0,10,10,0.09129396439426833,50.0,0.016579352663217133,0.014629352663217132,-0.0014121585637109108,0.014091511226928043,0.6499999999999999,1.0,10,10,0.13341293964394269,60.0,0.02341058491316505,0.021310584913165048,0.010914373254959869,0.008296211658205179,0.7,1.0,10,10,0.09172818063395571,50.0,0.01657935266321713,0.01447935266321713,0.008551013358926392,0.0038283393042907385,0.7,1.0,10,10
104,2023-10,48,0.11985943545175476,normal,0.2176,0.0913,1.0,0.3739687364307425,100.0,0.1268092092822987,0.1248592092822987,0.06885435724121748,0.05405485204108122,0.6499999999999999,1.0,10,10,0.15762049500651323,100.0,0.1181371684874751,0.11618716848747511,0.11514426312561543,-0.0009070946381403155,0.6499999999999999,1.0,10,10,0.27431610942249235,100.0,0.1324967026125306,0.1308467026125306,0.07982189819234872,0.04937480442018187,0.55,1.0,10,10,0.31111593573599655,100.0,0.12762898705307396,0.12567898705307395,0.09782102018354362,0.02590796686953034,0.6499999999999999,1.0,10,10
105,2023-11,48,0.07783578275759163,normal,0.324,0.1104,1.0,-0.1271168041684759,80.0,0.045084341645025575,0.04283434164502557,0.07242593923773362,-0.03184159759270805,0.75,1.0,10,10,-0.093573599652627,90.0,0.07269266357986962,0.07044266357986961,0.07972243696195601,-0.011529773382086397,0.75,1.0,10,10,-0.12570560138949197,100.0,0.08123675238161526,0.07928675238161527,0.07874494131716679,-0.001408188935551516,0.65,1.0,10,10,-0.11745549283543204,80.0,0.04624685032845323,0.04414685032845323,0.08048873877736691,-0.038441888448913684,0.7,1.0,10,10
106,2023-12,48,0.023821196647081395,normal,0.1682,0.0718,1.0,0.3318497611810681,50.0,0.04618652117083893,0.043936521170838926,-0.0514535781148293,0.09314009928566822,0.75,1.0,10,10,0.18095961788970907,50.0,0.0551878109417409,0.0526378109417409,-0.03835848172259347,0.08844629266433437,0.8500000000000001,1.0,10,10,0.1525184541901867,30.0,-0.005433673805621162,-0.007533673805621161,-0.006735594884891417,-0.0028980789207297443,0.7,1.0,10,10,0.2767042987407729,50.0,0.04949310729525912,0.04709310729525912,-0.0514535781148293,0.09614668541008842,0.8,1.0,10,10
107,2024-01,48,0.020231361037889688,normal,0.225,0.116,1.0,0.10844550586191924,50.0,0.020772203897049788,0.019422203897049788,-0.01717216951459821,0.035244373411647996,0.45,1.0,10,10,0.10725141120277899,40.0,0.007945671659647383,0.006595671659647383,-0.013029779183363361,0.018275450843010743,0.45,1.0,10,10,0.0679548415110725,50.0,0.02785486103204553,0.026204861032045532,-0.01036934713024489,0.03492420816229042,0.55,1.0,10,10,0.09900130264871905,40.0,0.010828569871605843,0.009628569871605843,-0.02889819137525934,0.03732676124686518,0.4,1.0,10,10
108,2024-02,48,0.002519793616983051,normal,0.271,0.1589,0.973,0.18823273990447245,77.77777777777779,0.04861610207222747,0.04568180064961066,-0.03637056850908012,0.07944869714227895,0.5555555555555556,0.973,9,9,0.10573165436387322,66.66666666666666,0.024214764508117857,0.021939299199732008,0.0042327461437084565,0.016199170535237013,0.5555555555555556,0.973,9,9,0.2454407294832827,66.66666666666666,0.051169139796075416,0.048003739688248045,-0.02488964732575711,0.07043753320287638,0.6111111111111112,0.973,9,9,0.2026704298740773,88.88888888888889,0.05809468931573963,0.05490446603754799,-0.010737674075120848,0.0637305562459739,0.5555555555555556,0.973,9,9
109,2024-03,48,0.0077346349242125535,normal,0.1741,0.0925,1.0,0.0023881893182805037,40.0,-0.012351097986570834,-0.014451097986570833,-0.02076828765777386,0.004217189671203025,0.7,1.0,10,10,0.14415979157620495,80.0,0.0563061107617426,0.054506110761742596,0.026731258974707166,0.02597485178703543,0.6,1.0,10,10,0.22275293095961787,80.0,0.049940744472047494,0.048290744472047495,-0.0016535797866915197,0.048294324258739016,0.55,1.0,10,10,0.14926183239253146,80.0,0.03860389148120171,0.03695389148120171,-0.0032794593850376795,0.038583350866239395,0.55,1.0,10,10
110,2024-04,48,0.05431589543955362,normal,0.3031,0.1215,1.0,0.2307859313938341,90.0,0.061987036452557334,0.05973703645255733,0.027272705865660617,0.030214330586896716,0.75,1.0,10,10,0.09281372123317412,100.0,0.08483258772552069,0.08273258772552068,0.031392300656173044,0.04924028706934764,0.7,1.0,10,10,0.18931828050369082,100.0,0.07969386988778374,0.07729386988778374,0.0328764819766618,0.04201738791112194,0.8,1.0,10,10,0.1818280503690838,100.0,0.08260245960445126,0.08065245960445126,0.043948181598758504,0.03475427800569276,0.6499999999999999,1.0,10,10
111,2024-05,48,0.0964825032611268,normal,0.1885,0.0994,1.0,-0.14155449413808077,80.0,0.09357474724674171,0.09117474724674171,0.09705304560206178,-0.008278298355320068,0.8,1.0,10,10,-0.04906643508467217,100.0,0.1088849386086278,0.1063349386086278,0.1044526407977006,-0.0006677021890727913,0.8500000000000001,1.0,10,10,-0.17379504993486755,90.0,0.0713306442428776,0.0692306442428776,0.10817281971517093,-0.04104217547229333,0.7,1.0,10,10,-0.14947894051237515,80.0,0.07800535200446898,0.07575535200446898,0.10897812402314311,-0.03547277201867413,0.75,1.0,10,10
112,2024-06,48,0.02699031539728439,normal,0.2293,0.111,1.0,0.27192792010421185,100.0,0.10914941712980242,0.10719941712980242,0.0171929775784815,0.08805643955132092,0.6499999999999999,1.0,10,10,0.18986105080330004,80.0,0.059930626774460635,0.057980626774460635,0.031244248587165492,0.024786378187295142,0.6499999999999999,1.0,10,10,0.10095527572731221,90.0,0.07893835091969535,0.07713835091969536,0.01769037950229564,0.05764797141739972,0.6,1.0,10,10,0.21135475466782458,90.0,0.09032805445346395,0.08837805445346396,0.02614039819903437,0.060287656254429584,0.6499999999999999,1.0,10,10
113,2024-07,48,0.02687695288651189,elevated,0.3792,0.2865,0.6,-0.3744029526704299,50.0,0.02605146405629576,0.014880878433777455,0.06700681622603323,-0.026073211301842484,0.41666666666666663,0.6,6,6,-0.3871037776812853,33.33333333333333,-0.0007016183622077671,-0.0013209710173246601,0.06559464568445685,-0.04157775842799876,0.5,0.6,6,6,-0.46808510638297873,50.0,0.003715966918872949,0.0013295801513237692,0.07807038822888195,-0.04641265278600539,0.5,0.6,6,6,-0.4101172383847156,33.33333333333333,-0.008589748171782968,-0.00590384890306978,0.08350881591925031,-0.05675913845461997,0.41666666666666663,0.6,6,6
114,2024-08,48,0.0025645658470157024,normal,0.2083,0.0901,1.0,-0.08749457229700389,40.0,-0.008761733742979578,-0.010561733742979577,0.008563573989107892,-0.02092530773208747,0.6,1.0,10,10,-0.018128528006947458,60.0,0.0018061315370874822,-0.00044386846291251804,0.02164303740940197,-0.024336905872314487,0.75,1.0,10,10,0.015631784628745114,50.0,-0.007954674127327291,-0.010204674127327291,0.009188668494992423,-0.021643342622319713,0.75,1.0,10,10,-0.02811550151975684,60.0,0.0018061315370874816,-0.0004438684629125187,0.016253397596339408,-0.018947266059251924,0.75,1.0,10,10
115,2024-09,48,-0.08724815708920575,normal,0.3609,0.148,1.0,-0.2511940946591402,10.0,-0.10719094216917338,-0.10914094216917337,-0.05873908975090629,-0.052351852418267085,0.6499999999999999,1.0,10,10,-0.067629179331307,10.0,-0.10320306962768462,-0.10530306962768463,-0.11122358709831079,0.0038205174706261585,0.7,1.0,10,10,-0.0322405557967868,10.0,-0.10887810321073284,-0.11112810321073284,-0.08219777819255605,-0.031180325018176788,0.75,1.0,10,10,-0.1488276161528441,10.0,-0.10320306962768462,-0.10545306962768462,-0.07445734254243877,-0.033245727085245855,0.75,1.0,10,10
116,2024-10,48,-0.0043592504346599975,normal,0.2541,0.1191,1.0,-0.135258358662614,20.0,-0.047963685855401755,-0.05051368585540175,0.0003659793136355005,-0.05342966516903725,0.8500000000000001,1.0,10,10,-0.14926183239253146,20.0,-0.057603645326023266,-0.059703645326023264,0.013505499806185492,-0.07530914513220875,0.7,1.0,10,10,-0.10030395136778116,10.0,-0.0655653494835122,-0.0678153494835122,-0.00523367508974269,-0.06483167439376951,0.75,1.0,10,10,-0.14394268345636127,10.0,-0.05973954214875314,-0.06228954214875314,-0.005582749223927939,-0.0592567929248252,0.8500000000000001,1.0,10,10
117,2024-11,48,-0.03918679547136333,normal,0.1509,0.0958,1.0,-0.40425531914893614,0.0,-0.10450444574887492,-0.10615444574887492,-0.022762175930356926,-0.085042269818518,0.55,1.0,10,10,-0.3369518019973947,0.0,-0.10288458255482605,-0.10468458255482604,-0.02319961380303764,-0.0832849687517884,0.6000000000000001,1.0,10,10,-0.21352583586626142,10.0,-0.09205830919320357,-0.09340830919320357,-0.05275513787705096,-0.04200317131615261,0.45,1.0,10,10,-0.3539947894051237,10.0,-0.08603224024413136,-0.08783224024413136,-0.03387249917810082,-0.055759741066030544,0.6000000000000001,1.0,10,10
118,2024-12,48,0.014641457734891054,normal,0.3706,0.1621,0.963,0.11821537125488493,66.66666666666666,0.005284850821327171,0.0026818113409380656,-0.01303343451613068,0.01282550877997191,0.8333333333333333,0.963,9,9,0.12679114198871036,88.88888888888889,0.045962459368056284,0.0421753483714382,-0.01121307368260719,0.050887038327788923,0.7222222222222222,0.963,9,9,0.04135909683022145,44.44444444444444,-0.03008672823725654,-0.03089951929247805,-0.015780230188018763,-0.01762915762141598,0.6666666666666666,0.963,9,9,0.08847155883630047,66.66666666666666,0.0012685422834016978,-0.0008648937810841648,-0.014779640310114453,0.011281399837556053,0.7222222222222222,0.963,9,9
119,2025-01,48,-0.03885119123206205,normal,0.2629,0.109,1.0,0.03419452887537994,40.0,-0.02536436686383133,-0.027764366863831328,-0.051270097472175036,0.02110573060834371,0.8,1.0,10,10,0.09379070777247069,50.0,-0.02278472968970884,-0.025184729689708838,-0.04440798584193341,0.01682325615222457,0.8,1.0,10,10,0.027247069040382106,50.0,-0.023197675870394917,-0.025297675870394918,-0.03237277551636417,0.004975099645969254,0.7,1.0,10,10,0.04982631350412505,40.0,-0.028414753843768105,-0.030814753843768104,-0.06148280284742095,0.028268049003652845,0.8,1.0,10,10
120,2025-02,47,0.08505460280935172,normal,0.2684,0.1293,1.0,-0.05180388529139686,100.0,0.0905864725406024,0.0881864725406024,0.09026196535214553,-0.004475492811543136,0.8,1.0,10,10,0.12985661424606845,100.0,0.11590677296163762,0.11410677296163763,0.006307005349790382,0.10599976761184725,0.6,1.0,10,10,-0.02127659574468085,100.0,0.10655434247201741,0.10415434247201741,0.07369450194081406,0.028059840531203348,0.8,1.0,10,10,0.04463459759481961,90.0,0.10547432197355103,0.10322432197355103,0.06313110939313825,0.037843212580412774,0.75,1.0,10,10
121,2025-03,48,0.06404038525083271,normal,0.2473,0.1188,1.0,0.29559270516717323,90.0,0.10711890812873286,0.10471890812873286,0.0370165832741295,0.06530232485460336,0.8,1.0,10,10,0.1762917933130699,90.0,0.0906514120749525,0.0884014120749525,0.03976006744546938,0.04639134462948312,0.75,1.0,10,10,0.272579244463743,90.0,0.11019095754969029,0.10779095754969029,0.03976006744546938,0.06563089010422091,0.8,1.0,10,10,0.2912505427702996,90.0,0.11441933275343397,0.11201933275343397,0.03976006744546938,0.06985926530796459,0.8,1.0,10,10
122,2025-04,48,0.021624686368803936,normal,0.3713,0.127,1.0,0.1801997394702562,80.0,0.060038206211751835,0.058388206211751836,0.00275763530586741,0.05398057090588443,0.55,1.0,10,10,0.2930959617889709,90.0,0.07381023386218918,0.07201023386218919,0.00010077301095302929,0.07010946085123616,0.6,1.0,10,10,0.5064046895353885,90.0,0.06601002890587476,0.06421002890587477,-0.00718473039062717,0.06959475929650194,0.6,1.0,10,10,0.3183890577507599,80.0,0.0690130491365608,0.0673630491365608,-0.004704154914970979,0.07041720405153178,0.55,1.0,10,10
123,2025-05,48,0.022484210558227788,normal,0.3939,0.2182,0.79,0.12375162831089882,71.42857142857143,0.01475943664391657,0.010644240662979804,0.012842807075528012,-0.0005172912124016132,0.42857142857142855,0.79,7,7,0.14079461571862786,71.42857142857143,0.01475943664391657,0.010644240662979804,0.0063053427393140555,0.0046473056132074145,0.42857142857142855,0.79,7,7,0.09563612679114199,85.71428571428571,0.018951616307218613,0.014125348311274134,0.0149625942072498,0.0014584703161182218,0.3571428571428571,0.79,7,7,0.15306122448979592,71.42857142857143,0.01475943664391657,0.010644240662979804,0.0063053427393140555,0.0046473056132074145,0.42857142857142855,0.79,7,7
124,2025-06,48,-0.030446239912812048,normal,0.4563,0.1829,0.899,0.06567520625271385,25.0,-0.0291593348863917,-0.02806842956286614,-0.031396982470943385,-0.0016967298214880383,0.6875,0.899,8,8,0.3383630047763786,50.0,0.01480638825226675,0.011119630538787808,-0.03876176322264705,0.04377514317594751,0.8125,0.899,8,8,0.060247503256621794,37.5,-0.0008138582038615134,-0.0022487210252715006,-0.03811470247067583,0.030499333995866074,0.5625,0.899,8,8,0.2077724706904038,37.5,-0.001480044224045499,-0.0031847472574169037,-0.030049882140421636,0.02197590928682215,0.6875,0.899,8,8
125,2025-07,48,0.03407045536732469,normal,0.3046,0.1066,1.0,0.17824576639166304,80.0,0.08158704029025435,0.07918704029025435,0.022245357344919742,0.05454168294533461,0.8,1.0,10,10,0.17379504993486755,90.0,0.07217600467021781,0.06977600467021781,0.0173249646723246,0.05005103999789322,0.8,1.0,10,10,0.061767260095527576,70.0,0.0499026113296027,0.0478026113296027,0.02793304411956609,0.01776956721003661,0.7,1.0,10,10,0.1754233608336952,80.0,0.0911104235788621,0.08901042357886209,0.03039412965340112,0.05651629392546097,0.7,1.0,10,10
126,2025-08,48,0.03650672029699708,normal,0.118,0.0745,1.0,0.2337168910117238,90.0,0.03781821190308858,0.03541821190308858,-0.0003972305016835503,0.03341544240477213,0.8,1.0,10,10,0.23046026921406862,80.0,0.051533657470041364,0.04928365747004136,0.023356675658127518,0.02367698181191384,0.75,1.0,10,10,0.31328701693443334,100.0,0.060836823756474825,0.05828682375647483,0.0030426025104375197,0.05269422124603731,0.8500000000000001,1.0,10,10,0.27105948762483717,90.0,0.04639302157816378,0.04399302157816378,0.015019467818678855,0.026573553759484926,0.8,1.0,10,10
127,2025-09,48,0.052442586947169106,normal,0.2655,0.0993,1.0,-0.025401650021710815,90.0,0.05391888404593605,0.05181888404593605,0.05963713241190338,-0.00991824836596733,0.7,1.0,10,10,-0.13243595310464612,80.0,0.02273640058758647,0.02018640058758647,0.05444650573145902,-0.03681010514387255,0.8500000000000001,1.0,10,10,0.09476769431176725,90.0,0.052777301162308485,0.05052730116230848,0.02974739129127683,0.018529909871031654,0.75,1.0,10,10,-0.0687147199305254,90.0,0.048509525341903274,0.04625952534190327,0.06969077516760058,-0.025681249825697312,0.75,1.0,10,10
128,2025-10,48,0.01521672554795502,normal,0.1596,0.0688,1.0,0.46765089014329136,80.0,0.05202212152995892,0.04977212152995892,-0.00690502548982026,0.05442714701977918,0.75,1.0,10,10,0.2784411636995224,80.0,0.04698731802351664,0.04488731802351664,-0.012324224118328345,0.05511154214184499,0.7,1.0,10,10,0.24066435084672166,80.0,0.03921844303820173,0.03726844303820173,0.002093186159175589,0.033225256879026145,0.6499999999999999,1.0,10,10,0.34791576204950064,80.0,0.04698731802351665,0.044737318023516645,-0.006272856840368292,0.04876017486388494,0.75,1.0,10,10
129,2025-11,48,0.007699758587839166,normal,0.1501,0.0762,1.0,-0.08250108554059922,60.0,0.010144608503514941,0.00789460850351494,0.027371118238283483,-0.021726509734768543,0.75,1.0,10,10,-0.07229700390794615,60.0,0.012427150265542319,0.010777150265542318,0.02901604818507511,-0.019888897919532793,0.55,1.0,10,10,0.0734910985670864,70.0,0.014752148150208718,0.013102148150208718,0.01112813796093287,0.00032401018927584804,0.55,1.0,10,10,-0.046678245766391666,70.0,0.01949616899083908,0.01769616899083908,0.01969489244843236,-0.0037987234575932796,0.6,1.0,10,10
130,2025-12,48,0.004880040825333617,normal,0.195,0.0781,1.0,0.15783760312635692,90.0,0.03811962076990485,0.03661962076990485,0.0029085139712368493,0.032211106798667996,0.5,1.0,10,10,0.11018237082066869,60.0,-0.0029880912837763306,-0.00448809128377633,-0.008941087037213882,0.002952995753437552,0.5,1.0,10,10,0.1107251411202779,60.0,-0.011903352086235722,-0.013553352086235723,-0.01785522011041066,0.0026518680241749398,0.55,1.0,10,10,0.1223404255319149,70.0,0.00541243586554096,0.00376243586554096,-0.008984366840272411,0.01109680270581337,0.55,1.0,10,10
131,2026-01,48,-0.06014482839269242,normal,0.2518,0.076,1.0,0.07262266608771169,20.0,-0.01954708299526682,-0.02209708299526682,-0.041962399951659894,0.01731531695639307,0.8500000000000001,1.0,10,10,-0.12277464177160226,20.0,-0.04672814007394503,-0.04927814007394503,-0.03897045435774836,-0.012857685716196665,0.8500000000000001,1.0,10,10,0.09878419452887537,20.0,-0.0424490268443574,-0.0449990268443574,-0.09051967250710896,0.042970645662751564,0.8500000000000001,1.0,10,10,0.009769865392965696,20.0,-0.04061817850064547,-0.04316817850064547,-0.03897045435774836,-0.006747724142897107,0.8500000000000001,1.0,10,10
132,2026-02,48,-0.09519509253318438,normal,0.2131,0.0916,1.0,0.0224706904038211,0.0,-0.09166649364713371,-0.09406649364713371,-0.08195507974199531,-0.014511413905138396,0.8,1.0,10,10,0.11213634389926183,0.0,-0.10304812003899674,-0.10529812003899675,-0.11857822245710192,0.011030102418105175,0.75,1.0,10,10,0.01910551454624403,0.0,-0.10017642181654866,-0.10242642181654867,-0.09558998726963844,-0.00908643454691023,0.75,1.0,10,10,0.05340859748154581,0.0,-0.0927608706973754,-0.0950108706973754,-0.1005744923573542,0.0033136216599787965,0.75,1.0,10,10
