month,regime,position_scale,avg_corr,nifty_vol,n_long,n_short,long_portfolio,short_portfolio,long_return_gross,long_return_net,ls_spread_net,turnover,nifty_return
2015-03,normal,1.0,0.2062,0.1395,10,10,"BRITANNIA.NS, MARUTI.NS, BAJFINANCE.NS, DIVISLAB.NS, KOTAKBANK.NS, ICICIBANK.NS, ASIANPAINT.NS, ADANIPORTS.NS, TCS.NS, BAJAJFINSV.NS","SHREECEM.NS, HEROMOTOCO.NS, JSWSTEEL.NS, POWERGRID.NS, LT.NS, AXISBANK.NS, BPCL.NS, WIPRO.NS, TITAN.NS, GRASIM.NS",0.027109513863923927,0.024109513863923928,0.04510373486401245,1.0,0.013305752464835889
2015-04,normal,0.996,0.2453,0.1512,9,9,"BRITANNIA.NS, EICHERMOT.NS, ULTRACEMCO.NS, SHREECEM.NS, BAJFINANCE.NS, M&M.NS, APOLLOHOSP.NS, SUNPHARMA.NS, BHARTIARTL.NS","LT.NS, HINDALCO.NS, HDFCBANK.NS, NTPC.NS, POWERGRID.NS, COALINDIA.NS, BPCL.NS, NESTLEIND.NS, RELIANCE.NS",0.06545972653354926,0.06303988762741507,0.05681641114256453,0.7222222222222222,-0.0007105840245112321
2015-05,normal,1.0,0.232,0.1421,10,10,"BRITANNIA.NS, EICHERMOT.NS, BAJFINANCE.NS, SHREECEM.NS, RELIANCE.NS, GRASIM.NS, APOLLOHOSP.NS, HDFCBANK.NS, NTPC.NS, ADANIPORTS.NS","POWERGRID.NS, HEROMOTOCO.NS, COALINDIA.NS, JSWSTEEL.NS, AXISBANK.NS, BHARTIARTL.NS, BAJAJFINSV.NS, HCLTECH.NS, TATASTEEL.NS, LT.NS",0.0679617839125764,0.0654117839125764,0.060022019207986305,0.8500000000000001,0.0036821519722045493
2015-06,normal,0.854,0.3314,0.1975,8,8,"BAJFINANCE.NS, EICHERMOT.NS, BRITANNIA.NS, ICICIBANK.NS, AXISBANK.NS, SHREECEM.NS, ADANIPORTS.NS, INDUSINDBK.NS","TITAN.NS, M&M.NS, LT.NS, JSWSTEEL.NS, ASIANPAINT.NS, APOLLOHOSP.NS, DRREDDY.NS, COALINDIA.NS",0.05397840883507457,0.04417606114515368,0.0003483154366917332,0.75,0.03953679868839952
2015-07,normal,1.0,0.2426,0.1342,10,10,"BRITANNIA.NS, EICHERMOT.NS, BAJFINANCE.NS, SHREECEM.NS, ICICIBANK.NS, ULTRACEMCO.NS, MARUTI.NS, ADANIPORTS.NS, AXISBANK.NS, HDFCBANK.NS","ITC.NS, WIPRO.NS, LT.NS, DRREDDY.NS, ONGC.NS, BAJAJ-AUTO.NS, TATACONSUM.NS, M&M.NS, APOLLOHOSP.NS, NESTLEIND.NS",-0.05874119496954132,-0.06099119496954132,0.008795294175598697,0.75,-0.06478229215445168
2015-08,normal,1.0,0.2163,0.1438,10,10,"EICHERMOT.NS, DIVISLAB.NS, BRITANNIA.NS, BAJAJFINSV.NS, ICICIBANK.NS, MARUTI.NS, SHREECEM.NS, ADANIPORTS.NS, UPL.NS, ULTRACEMCO.NS","APOLLOHOSP.NS, HINDALCO.NS, ITC.NS, NESTLEIND.NS, HINDUNILVR.NS, HCLTECH.NS, INFY.NS, DRREDDY.NS, TITAN.NS, WIPRO.NS",-0.0029683164134557322,-0.004768316413455732,-0.018237687396101966,0.6,0.020440481155317207
2015-09,elevated,0.672,0.4807,0.2566,6,6,"EICHERMOT.NS, BAJFINANCE.NS, BAJAJFINSV.NS, ADANIPORTS.NS, BRITANNIA.NS, TITAN.NS","HCLTECH.NS, NTPC.NS, WIPRO.NS, TATACONSUM.NS, DRREDDY.NS, INFY.NS",-0.005196325018421734,-0.0041639304123794055,0.03323013410611799,0.3333333333333333,-0.008376825318830156
2015-10,normal,0.836,0.3396,0.2033,8,8,"BRITANNIA.NS, AXISBANK.NS, COALINDIA.NS, KOTAKBANK.NS, ADANIPORTS.NS, EICHERMOT.NS, BAJFINANCE.NS, UPL.NS","TATASTEEL.NS, ONGC.NS, HCLTECH.NS, WIPRO.NS, ITC.NS, JSWSTEEL.NS, TCS.NS, DRREDDY.NS",-0.05693096596698584,-0.049632037548400156,-0.01997209267329585,0.8125,-0.0278204834889899
2015-11,normal,1.0,0.1158,0.1121,10,10,"BAJAJFINSV.NS, MARUTI.NS, ADANIPORTS.NS, UPL.NS, DIVISLAB.NS, DRREDDY.NS, INDUSINDBK.NS, SHREECEM.NS, BAJFINANCE.NS, BHARTIARTL.NS","BAJAJ-AUTO.NS, WIPRO.NS, ONGC.NS, NTPC.NS, ITC.NS, TATASTEEL.NS, HINDALCO.NS, TATACONSUM.NS, M&M.NS, RELIANCE.NS",-0.0258626220694675,-0.0276626220694675,-0.018336278028568697,0.6,-0.027800424814704773
2015-12,normal,1.0,0.1578,0.1164,10,10,"BAJFINANCE.NS, BAJAJFINSV.NS, TITAN.NS, AXISBANK.NS, MARUTI.NS, TCS.NS, SHREECEM.NS, INDUSINDBK.NS, BPCL.NS, DRREDDY.NS","TATASTEEL.NS, ONGC.NS, ITC.NS, EICHERMOT.NS, RELIANCE.NS, INFY.NS, BAJAJ-AUTO.NS, POWERGRID.NS, NTPC.NS, HCLTECH.NS",-0.09953796662543145,-0.10193796662543145,-0.023203551701941702,0.8,-0.10196154059857557
2016-01,normal,1.0,0.3055,0.1307,10,10,"BAJFINANCE.NS, BAJAJFINSV.NS, MARUTI.NS, SBIN.NS, EICHERMOT.NS, UPL.NS, BRITANNIA.NS, BPCL.NS, SHREECEM.NS, ASIANPAINT.NS","RELIANCE.NS, HINDALCO.NS, SUNPHARMA.NS, WIPRO.NS, ITC.NS, POWERGRID.NS, HCLTECH.NS, APOLLOHOSP.NS, ONGC.NS, INFY.NS",0.018786513143007087,0.016386513143007087,0.023184809795635704,0.8,0.007320586999817258
2016-02,normal,0.899,0.3297,0.1828,8,8,"BAJFINANCE.NS, SHREECEM.NS, SBIN.NS, TITAN.NS, ADANIPORTS.NS, MARUTI.NS, GRASIM.NS, ULTRACEMCO.NS","ASIANPAINT.NS, BHARTIARTL.NS, UPL.NS, WIPRO.NS, RELIANCE.NS, HINDUNILVR.NS, SUNPHARMA.NS, INFY.NS",0.20605240936554564,0.18304980351962555,0.07648255451637828,0.8125,0.14334885621188184
2016-03,normal,0.794,0.3242,0.217,7,7,"ADANIPORTS.NS, BAJFINANCE.NS, SBIN.NS, SHREECEM.NS, DIVISLAB.NS, EICHERMOT.NS, ONGC.NS","POWERGRID.NS, HCLTECH.NS, ULTRACEMCO.NS, ITC.NS, COALINDIA.NS, INFY.NS, HEROMOTOCO.NS",-0.011881995866645427,-0.01181630471811647,-0.005954389162027911,1.0,0.027751114084171892
2016-04,normal,0.925,0.293,0.1743,9,9,"BAJAJFINSV.NS, BAJFINANCE.NS, APOLLOHOSP.NS, DIVISLAB.NS, TITAN.NS, SHREECEM.NS, MARUTI.NS, RELIANCE.NS, UPL.NS","HINDALCO.NS, SBIN.NS, ITC.NS, ICICIBANK.NS, DRREDDY.NS, ADANIPORTS.NS, WIPRO.NS, ONGC.NS, COALINDIA.NS",0.04699037370520552,0.04146192901064844,0.001469140914267461,0.7222222222222222,0.03881352735889965
2016-05,normal,0.964,0.2939,0.1617,9,9,"BAJFINANCE.NS, BRITANNIA.NS, BAJAJFINSV.NS, ASIANPAINT.NS, HINDUNILVR.NS, NESTLEIND.NS, BHARTIARTL.NS, APOLLOHOSP.NS, INDUSINDBK.NS","SBIN.NS, HEROMOTOCO.NS, AXISBANK.NS, DRREDDY.NS, COALINDIA.NS, ONGC.NS, TATASTEEL.NS, ICICIBANK.NS, ITC.NS",0.082817806675254,0.07774769896827818,-0.014117532826431023,0.7222222222222222,0.0739034093557742
2016-06,normal,1.0,0.1846,0.1452,10,10,"BAJFINANCE.NS, BRITANNIA.NS, BAJAJFINSV.NS, INDUSINDBK.NS, DIVISLAB.NS, EICHERMOT.NS, MARUTI.NS, JSWSTEEL.NS, ASIANPAINT.NS, RELIANCE.NS","HEROMOTOCO.NS, HCLTECH.NS, ULTRACEMCO.NS, SBIN.NS, COALINDIA.NS, ITC.NS, POWERGRID.NS, ADANIPORTS.NS, ICICIBANK.NS, NTPC.NS",0.15152780271427205,0.14912780271427203,0.05922942335576738,0.8,0.07806144247902785
2016-07,normal,1.0,0.1858,0.1296,10,10,"BAJFINANCE.NS, BAJAJFINSV.NS, DIVISLAB.NS, SHREECEM.NS, HINDALCO.NS, INDUSINDBK.NS, BAJAJ-AUTO.NS, HINDUNILVR.NS, JSWSTEEL.NS, APOLLOHOSP.NS","ITC.NS, UPL.NS, HCLTECH.NS, INFY.NS, MARUTI.NS, SBIN.NS, ONGC.NS, ASIANPAINT.NS, COALINDIA.NS, TECHM.NS",0.044028712366187536,0.04237871236618754,-0.010781962282034652,0.55,0.027829868968168636
2016-08,normal,1.0,0.1074,0.0934,10,10,"BAJFINANCE.NS, HINDALCO.NS, BAJAJFINSV.NS, HINDUNILVR.NS, INFY.NS, APOLLOHOSP.NS, MARUTI.NS, JSWSTEEL.NS, BHARTIARTL.NS, ADANIPORTS.NS","TITAN.NS, HDFCBANK.NS, HEROMOTOCO.NS, M&M.NS, RELIANCE.NS, WIPRO.NS, ONGC.NS, ITC.NS, CIPLA.NS, TECHM.NS",0.01256407755633147,0.01091407755633147,0.022416537290258998,0.55,0.0048497252552174444
2016-09,normal,1.0,0.1952,0.1099,10,10,"BAJFINANCE.NS, BAJAJFINSV.NS, ADANIPORTS.NS, JSWSTEEL.NS, UPL.NS, SHREECEM.NS, HINDALCO.NS, NESTLEIND.NS, HINDUNILVR.NS, ULTRACEMCO.NS","COALINDIA.NS, ASIANPAINT.NS, BHARTIARTL.NS, INFY.NS, NTPC.NS, TCS.NS, EICHERMOT.NS, WIPRO.NS, HCLTECH.NS, ONGC.NS",-0.06913842864183792,-0.07108842864183791,-0.003879124590432409,0.65,-0.06212920469914317
2016-10,normal,1.0,0.3013,0.1309,10,10,"HINDALCO.NS, BAJAJFINSV.NS, BAJFINANCE.NS, JSWSTEEL.NS, UPL.NS, TATASTEEL.NS, TATACONSUM.NS, BPCL.NS, APOLLOHOSP.NS, GRASIM.NS","HEROMOTOCO.NS, HDFCBANK.NS, HCLTECH.NS, POWERGRID.NS, SBIN.NS, AXISBANK.NS, BAJAJ-AUTO.NS, SUNPHARMA.NS, NTPC.NS, M&M.NS",-0.054959781805870724,-0.056909781805870724,-0.0379792226838839,0.65,-0.04738134087789096
2016-11,normal,1.0,0.2845,0.1324,10,10,"BAJAJFINSV.NS, HINDALCO.NS, TATASTEEL.NS, APOLLOHOSP.NS, BAJFINANCE.NS, ADANIPORTS.NS, BRITANNIA.NS, AXISBANK.NS, KOTAKBANK.NS, SBIN.NS","ULTRACEMCO.NS, GRASIM.NS, ICICIBANK.NS, HCLTECH.NS, TCS.NS, POWERGRID.NS, EICHERMOT.NS, TATACONSUM.NS, TECHM.NS, NTPC.NS",0.0030953659882121203,0.00039536598821212016,-0.006638814236559151,0.9,0.011307394585830128
2016-12,normal,0.88,0.3211,0.1891,8,8,"HINDALCO.NS, TATASTEEL.NS, UPL.NS, BAJAJFINSV.NS, TITAN.NS, DIVISLAB.NS, BAJFINANCE.NS, JSWSTEEL.NS","COALINDIA.NS, TCS.NS, TECHM.NS, HCLTECH.NS, NESTLEIND.NS, ULTRACEMCO.NS, AXISBANK.NS, ITC.NS",0.17746988534103186,0.15452349910010804,0.09578222454618114,0.625,0.09639725514595693
2017-01,normal,1.0,0.3607,0.1274,10,10,"UPL.NS, HINDALCO.NS, BAJAJFINSV.NS, DIVISLAB.NS, BAJFINANCE.NS, GRASIM.NS, JSWSTEEL.NS, TATASTEEL.NS, BPCL.NS, SHREECEM.NS","INFY.NS, WIPRO.NS, KOTAKBANK.NS, BAJAJ-AUTO.NS, AXISBANK.NS, HCLTECH.NS, DRREDDY.NS, RELIANCE.NS, ITC.NS, NTPC.NS",0.074794960380304,0.072394960380304,0.005022334546180521,0.8,0.07058185897362441
2017-02,normal,1.0,0.1854,0.0996,10,10,"HINDALCO.NS, DIVISLAB.NS, BPCL.NS, TATASTEEL.NS, JSWSTEEL.NS, BAJAJ-AUTO.NS, SHREECEM.NS, LT.NS, MARUTI.NS, UPL.NS","TATACONSUM.NS, INDUSINDBK.NS, AXISBANK.NS, WIPRO.NS, COALINDIA.NS, KOTAKBANK.NS, SBIN.NS, CIPLA.NS, ITC.NS, HCLTECH.NS",0.025445466950458472,0.023195466950458474,-0.014866845254088955,0.75,0.026559231565686233
2017-03,normal,1.0,0.1528,0.0919,10,10,"HINDALCO.NS, BAJAJFINSV.NS, JSWSTEEL.NS, BAJFINANCE.NS, GRASIM.NS, ULTRACEMCO.NS, BAJAJ-AUTO.NS, HEROMOTOCO.NS, TATASTEEL.NS, MARUTI.NS","DRREDDY.NS, WIPRO.NS, ONGC.NS, COALINDIA.NS, TCS.NS, DIVISLAB.NS, APOLLOHOSP.NS, CIPLA.NS, TECHM.NS, HCLTECH.NS",0.09769400062211339,0.09529400062211339,0.09930715834512786,0.8,0.04991115938728706
2017-04,normal,1.0,0.1979,0.0924,10,10,"HINDALCO.NS, BAJFINANCE.NS, JSWSTEEL.NS, TITAN.NS, BAJAJFINSV.NS, HEROMOTOCO.NS, BPCL.NS, UPL.NS, ICICIBANK.NS, SBIN.NS","HDFCBANK.NS, SHREECEM.NS, ULTRACEMCO.NS, BHARTIARTL.NS, NESTLEIND.NS, HCLTECH.NS, TCS.NS, BRITANNIA.NS, CIPLA.NS, COALINDIA.NS",0.03753011324594133,0.03588011324594133,0.023865894565839187,0.55,0.026908187392228798
2017-05,normal,1.0,0.109,0.0788,10,10,"JSWSTEEL.NS, HINDALCO.NS, BAJFINANCE.NS, ULTRACEMCO.NS, TATASTEEL.NS, BAJAJFINSV.NS, BPCL.NS, SHREECEM.NS, ADANIPORTS.NS, TECHM.NS","TCS.NS, ASIANPAINT.NS, ONGC.NS, INFY.NS, ITC.NS, HCLTECH.NS, COALINDIA.NS, BHARTIARTL.NS, CIPLA.NS, HINDUNILVR.NS",0.04981828393681567,0.04756828393681567,0.030778525628183437,0.75,0.043131907757117775
2017-06,normal,1.0,0.1619,0.0966,10,10,"BPCL.NS, BAJAJFINSV.NS, HINDALCO.NS, JSWSTEEL.NS, TECHM.NS, BAJFINANCE.NS, SUNPHARMA.NS, TITAN.NS, TATASTEEL.NS, ADANIPORTS.NS","INFY.NS, SBIN.NS, COALINDIA.NS, ULTRACEMCO.NS, DRREDDY.NS, HCLTECH.NS, TCS.NS, HINDUNILVR.NS, BRITANNIA.NS, BHARTIARTL.NS",0.1065619863793698,0.1046119863793698,0.08249768895938908,0.6499999999999999,0.04319178266430648
2017-07,normal,1.0,0.0942,0.0563,10,10,"HINDALCO.NS, BAJFINANCE.NS, BAJAJFINSV.NS, ULTRACEMCO.NS, MARUTI.NS, JSWSTEEL.NS, TITAN.NS, GRASIM.NS, HEROMOTOCO.NS, TATACONSUM.NS","CIPLA.NS, ONGC.NS, TCS.NS, BRITANNIA.NS, AXISBANK.NS, INFY.NS, BHARTIARTL.NS, APOLLOHOSP.NS, HCLTECH.NS, HINDUNILVR.NS",0.13017101652827534,0.12852101652827533,0.15168369255453196,0.55,0.03760352896014248
2017-08,normal,1.0,0.0982,0.0759,10,10,"BAJFINANCE.NS, JSWSTEEL.NS, MARUTI.NS, BAJAJFINSV.NS, BPCL.NS, INDUSINDBK.NS, NTPC.NS, TITAN.NS, M&M.NS, HINDALCO.NS","BHARTIARTL.NS, ICICIBANK.NS, ONGC.NS, CIPLA.NS, APOLLOHOSP.NS, AXISBANK.NS, TECHM.NS, ITC.NS, NESTLEIND.NS, HCLTECH.NS",0.026390116128428683,0.023990116128428683,-0.0038251573017961116,0.8,0.03890919417358605
2017-09,normal,1.0,0.2298,0.1167,10,10,"JSWSTEEL.NS, HINDALCO.NS, BAJFINANCE.NS, TITAN.NS, TATASTEEL.NS, BPCL.NS, BAJAJFINSV.NS, INDUSINDBK.NS, HEROMOTOCO.NS, RELIANCE.NS","BRITANNIA.NS, SBIN.NS, NESTLEIND.NS, CIPLA.NS, BHARTIARTL.NS, M&M.NS, ICICIBANK.NS, BAJAJ-AUTO.NS, HCLTECH.NS, TECHM.NS",0.04936952559931836,0.048169525599318364,-0.06829159900156113,0.4,0.06272486628166032
2017-10,normal,1.0,0.2358,0.1006,10,10,"BAJFINANCE.NS, HINDALCO.NS, JSWSTEEL.NS, TITAN.NS, HINDUNILVR.NS, TATASTEEL.NS, SBIN.NS, TATACONSUM.NS, ULTRACEMCO.NS, NESTLEIND.NS","ONGC.NS, INFY.NS, COALINDIA.NS, BRITANNIA.NS, CIPLA.NS, POWERGRID.NS, ITC.NS, WIPRO.NS, HCLTECH.NS, TECHM.NS",0.051411403389919896,0.0493114033899199,0.05057416479384634,0.7,0.004518534577474025
2017-11,normal,1.0,0.0833,0.0769,10,10,"BAJFINANCE.NS, DIVISLAB.NS, TITAN.NS, TATACONSUM.NS, BPCL.NS, JSWSTEEL.NS, DRREDDY.NS, SBIN.NS, INDUSINDBK.NS, UPL.NS","INFY.NS, TCS.NS, BRITANNIA.NS, TECHM.NS, NTPC.NS, BAJAJ-AUTO.NS, COALINDIA.NS, HCLTECH.NS, NESTLEIND.NS, CIPLA.NS",0.0512969339420359,0.0496469339420359,0.005077336971251532,0.55,0.049190279067096464
2017-12,normal,1.0,0.1052,0.0821,10,10,"ULTRACEMCO.NS, BRITANNIA.NS, INDUSINDBK.NS, BPCL.NS, DIVISLAB.NS, BAJFINANCE.NS, TATACONSUM.NS, HINDALCO.NS, TITAN.NS, NESTLEIND.NS","HINDUNILVR.NS, EICHERMOT.NS, TECHM.NS, CIPLA.NS, COALINDIA.NS, HDFCBANK.NS, TCS.NS, BAJAJ-AUTO.NS, DRREDDY.NS, WIPRO.NS",-0.05677993483406842,-0.05842993483406842,-0.07245572463967265,0.55,-0.013171674882177133
2018-01,normal,1.0,0.2298,0.0987,10,10,"TATASTEEL.NS, TATACONSUM.NS, TITAN.NS, JSWSTEEL.NS, GRASIM.NS, UPL.NS, ONGC.NS, DIVISLAB.NS, DRREDDY.NS, INDUSINDBK.NS","BAJAJ-AUTO.NS, BHARTIARTL.NS, TECHM.NS, LT.NS, POWERGRID.NS, HCLTECH.NS, TCS.NS, RELIANCE.NS, INFY.NS, CIPLA.NS",-0.04257828711520363,-0.044378287115203634,-0.0006556037194897085,0.6,-0.049574301770367785
2018-02,normal,1.0,0.1065,0.0711,10,10,"TITAN.NS, TATACONSUM.NS, UPL.NS, GRASIM.NS, TATASTEEL.NS, M&M.NS, BPCL.NS, MARUTI.NS, HINDALCO.NS, SUNPHARMA.NS","HDFCBANK.NS, KOTAKBANK.NS, COALINDIA.NS, CIPLA.NS, TECHM.NS, RELIANCE.NS, NESTLEIND.NS, TCS.NS, BRITANNIA.NS, INFY.NS",0.013249973875256,0.011749973875256,-0.025599434860089598,0.5,0.01970048087999154
2018-03,normal,1.0,0.276,0.1382,10,10,"TATACONSUM.NS, BAJAJFINSV.NS, HEROMOTOCO.NS, TITAN.NS, TATASTEEL.NS, GRASIM.NS, UPL.NS, BAJFINANCE.NS, ASIANPAINT.NS, INDUSINDBK.NS","SUNPHARMA.NS, AXISBANK.NS, INFY.NS, ICICIBANK.NS, LT.NS, BHARTIARTL.NS, HCLTECH.NS, M&M.NS, CIPLA.NS, COALINDIA.NS",0.043075334559946984,0.04097533455994699,0.004561955580899266,0.7,0.05595792635071558
2018-04,normal,1.0,0.2867,0.1402,10,10,"BAJFINANCE.NS, TATACONSUM.NS, TECHM.NS, BPCL.NS, HINDALCO.NS, BAJAJFINSV.NS, TITAN.NS, HEROMOTOCO.NS, LT.NS, UPL.NS","KOTAKBANK.NS, COALINDIA.NS, DIVISLAB.NS, CIPLA.NS, DRREDDY.NS, SHREECEM.NS, BAJAJ-AUTO.NS, APOLLOHOSP.NS, INFY.NS, ONGC.NS",0.01722069632006904,0.014970696320069041,0.03379244203082281,0.75,0.001660216552271592
2018-05,normal,1.0,0.1602,0.089,10,10,"JSWSTEEL.NS, BAJAJFINSV.NS, TITAN.NS, TATASTEEL.NS, RELIANCE.NS, BAJFINANCE.NS, BRITANNIA.NS, HINDALCO.NS, TATACONSUM.NS, ADANIPORTS.NS","BAJAJ-AUTO.NS, DIVISLAB.NS, APOLLOHOSP.NS, ASIANPAINT.NS, WIPRO.NS, INFY.NS, SHREECEM.NS, BHARTIARTL.NS, HCLTECH.NS, CIPLA.NS",0.016907955428326838,0.014807955428326839,-0.06161009226649591,0.7,0.015806357251170338
2018-06,normal,1.0,0.1564,0.1061,10,10,"BAJAJFINSV.NS, BRITANNIA.NS, MARUTI.NS, JSWSTEEL.NS, HINDALCO.NS, TECHM.NS, HINDUNILVR.NS, UPL.NS, KOTAKBANK.NS, HDFCBANK.NS","ITC.NS, SBIN.NS, POWERGRID.NS, WIPRO.NS, COALINDIA.NS, ONGC.NS, ULTRACEMCO.NS, BHARTIARTL.NS, APOLLOHOSP.NS, NTPC.NS",0.0373289087965874,0.0350789087965874,-0.0178593269344268,0.75,0.05144235066671429
2018-07,normal,1.0,0.2132,0.0978,10,10,"BAJFINANCE.NS, TCS.NS, BAJAJFINSV.NS, ICICIBANK.NS, KOTAKBANK.NS, HINDALCO.NS, ITC.NS, JSWSTEEL.NS, AXISBANK.NS, SBIN.NS","EICHERMOT.NS, WIPRO.NS, ADANIPORTS.NS, CIPLA.NS, NTPC.NS, BHARTIARTL.NS, SHREECEM.NS, ONGC.NS, COALINDIA.NS, GRASIM.NS",0.06188090427847046,0.060230904278470464,0.0014255138247450602,0.55,0.045823698344993016
2018-08,normal,1.0,0.0943,0.0711,10,10,"JSWSTEEL.NS, TECHM.NS, BAJFINANCE.NS, DIVISLAB.NS, BAJAJFINSV.NS, EICHERMOT.NS, MARUTI.NS, TATACONSUM.NS, BPCL.NS, HINDUNILVR.NS","ULTRACEMCO.NS, SHREECEM.NS, AXISBANK.NS, CIPLA.NS, NTPC.NS, POWERGRID.NS, ONGC.NS, DRREDDY.NS, LT.NS, COALINDIA.NS",-0.12928640075092473,-0.13108640075092473,-0.05304600062079609,0.6,-0.10197246995370846
2018-09,normal,1.0,0.0724,0.0883,10,10,"NESTLEIND.NS, ADANIPORTS.NS, JSWSTEEL.NS, BAJFINANCE.NS, SBIN.NS, BAJAJFINSV.NS, ICICIBANK.NS, EICHERMOT.NS, POWERGRID.NS, LT.NS","INDUSINDBK.NS, NTPC.NS, SUNPHARMA.NS, ULTRACEMCO.NS, RELIANCE.NS, GRASIM.NS, HCLTECH.NS, CIPLA.NS, DRREDDY.NS, BPCL.NS",0.02620127191597415,0.02425127191597415,0.13292465089469768,0.6499999999999999,-0.02434058374820182
2018-10,normal,1.0,0.2422,0.1261,10,10,"TITAN.NS, BAJFINANCE.NS, RELIANCE.NS, BAJAJFINSV.NS, JSWSTEEL.NS, DIVISLAB.NS, TATACONSUM.NS, NESTLEIND.NS, AXISBANK.NS, EICHERMOT.NS","CIPLA.NS, LT.NS, INFY.NS, ICICIBANK.NS, DRREDDY.NS, ONGC.NS, COALINDIA.NS, BAJAJ-AUTO.NS, SBIN.NS, UPL.NS",0.04178446198378312,0.03923446198378312,0.027354464282499713,0.8500000000000001,0.04470207677727112
2018-11,elevated,0.733,0.3138,0.2367,7,7,"BAJFINANCE.NS, BAJAJFINSV.NS, TITAN.NS, KOTAKBANK.NS, TATACONSUM.NS, HINDALCO.NS, TECHM.NS","DRREDDY.NS, SBIN.NS, ULTRACEMCO.NS, UPL.NS, ONGC.NS, HEROMOTOCO.NS, SHREECEM.NS",-0.0098712677709732,-0.008335139276123355,0.004778188919916026,0.5,-0.01676187361277861
2018-12,normal,1.0,0.1659,0.114,10,10,"NESTLEIND.NS, BAJAJFINSV.NS, TITAN.NS, HINDUNILVR.NS, RELIANCE.NS, ASIANPAINT.NS, MARUTI.NS, DIVISLAB.NS, BHARTIARTL.NS, BAJFINANCE.NS","ULTRACEMCO.NS, JSWSTEEL.NS, NTPC.NS, BAJAJ-AUTO.NS, BPCL.NS, COALINDIA.NS, TCS.NS, ONGC.NS, SBIN.NS, SHREECEM.NS",0.02781835567314489,0.02586835567314489,0.08554677989020061,0.6499999999999999,-0.020511882559838365
2019-01,normal,0.989,0.3617,0.1536,9,9,"BAJAJFINSV.NS, TITAN.NS, BAJFINANCE.NS, ADANIPORTS.NS, HINDUNILVR.NS, BRITANNIA.NS, M&M.NS, ASIANPAINT.NS, ITC.NS","ICICIBANK.NS, ONGC.NS, UPL.NS, DRREDDY.NS, SHREECEM.NS, CIPLA.NS, HINDALCO.NS, AXISBANK.NS, TATASTEEL.NS",0.05526622988647885,0.05284513469106092,-0.01840049012790057,0.6111111111111112,0.06316405460995868
2019-02,normal,1.0,0.1465,0.1068,10,10,"TITAN.NS, TCS.NS, RELIANCE.NS, BAJFINANCE.NS, HINDUNILVR.NS, ASIANPAINT.NS, BAJAJFINSV.NS, ITC.NS, DRREDDY.NS, BRITANNIA.NS","COALINDIA.NS, BPCL.NS, HINDALCO.NS, ONGC.NS, TATASTEEL.NS, SUNPHARMA.NS, ULTRACEMCO.NS, EICHERMOT.NS, SHREECEM.NS, GRASIM.NS",0.07925344762575334,0.07745344762575335,-0.02619730557139678,0.6,0.0885019672340586
2019-03,normal,1.0,0.2191,0.1177,10,10,"DIVISLAB.NS, TITAN.NS, RELIANCE.NS, BAJAJFINSV.NS, CIPLA.NS, HINDUNILVR.NS, NESTLEIND.NS, BPCL.NS, NTPC.NS, ASIANPAINT.NS","ADANIPORTS.NS, ICICIBANK.NS, LT.NS, JSWSTEEL.NS, INDUSINDBK.NS, GRASIM.NS, HINDALCO.NS, ONGC.NS, ULTRACEMCO.NS, AXISBANK.NS",-0.01836208586959967,-0.020612085869599672,-0.002098188870097946,0.75,-0.00919286707045328
2019-04,normal,1.0,0.1705,0.1015,10,10,"TITAN.NS, BAJAJFINSV.NS, SUNPHARMA.NS, EICHERMOT.NS, TATACONSUM.NS, BAJFINANCE.NS, INFY.NS, BHARTIARTL.NS, NESTLEIND.NS, KOTAKBANK.NS","TCS.NS, LT.NS, SHREECEM.NS, ULTRACEMCO.NS, HEROMOTOCO.NS, JSWSTEEL.NS, ONGC.NS, APOLLOHOSP.NS, GRASIM.NS, CIPLA.NS",0.07238277313342763,0.07043277313342763,0.04172680961031219,0.6499999999999999,0.017745677792411162
2019-05,normal,1.0,0.1418,0.1142,10,10,"TITAN.NS, BAJAJFINSV.NS, SUNPHARMA.NS, TATACONSUM.NS, HCLTECH.NS, WIPRO.NS, KOTAKBANK.NS, BAJFINANCE.NS, MARUTI.NS, NESTLEIND.NS","BHARTIARTL.NS, POWERGRID.NS, ITC.NS, SHREECEM.NS, COALINDIA.NS, SBIN.NS, INDUSINDBK.NS, M&M.NS, APOLLOHOSP.NS, LT.NS",-0.039288199072672475,-0.040788199072672476,-0.034547471456797416,0.5,-0.027603759912222477
2019-06,normal,0.867,0.298,0.1933,8,8,"NESTLEIND.NS, ADANIPORTS.NS, TITAN.NS, APOLLOHOSP.NS, KOTAKBANK.NS, TATACONSUM.NS, DRREDDY.NS, BAJAJFINSV.NS","HEROMOTOCO.NS, SBIN.NS, TATASTEEL.NS, BPCL.NS, MARUTI.NS, POWERGRID.NS, HINDALCO.NS, M&M.NS",-0.04184913797197973,-0.03839651512170642,0.05156857977480186,0.8125,-0.06157960713687418
2019-07,normal,1.0,0.2552,0.1188,10,10,"TATACONSUM.NS, BRITANNIA.NS, TECHM.NS, RELIANCE.NS, NESTLEIND.NS, BAJFINANCE.NS, BAJAJFINSV.NS, ADANIPORTS.NS, DIVISLAB.NS, EICHERMOT.NS","HCLTECH.NS, DRREDDY.NS, ICICIBANK.NS, BHARTIARTL.NS, HINDALCO.NS, SHREECEM.NS, WIPRO.NS, SUNPHARMA.NS, UPL.NS, BPCL.NS",0.031027073262569434,0.028327073262569433,0.029546293399747153,0.9,-0.011131901841812243
2019-08,normal,1.0,0.2567,0.1173,10,10,"TITAN.NS, AXISBANK.NS, BAJFINANCE.NS, NESTLEIND.NS, KOTAKBANK.NS, ICICIBANK.NS, BAJAJFINSV.NS, RELIANCE.NS, COALINDIA.NS, CIPLA.NS","BHARTIARTL.NS, NTPC.NS, BPCL.NS, SUNPHARMA.NS, HINDALCO.NS, APOLLOHOSP.NS, UPL.NS, JSWSTEEL.NS, MARUTI.NS, INDUSINDBK.NS",0.10924045766433446,0.10714045766433446,0.06372937519231925,0.7,0.06469276928177602
2019-09,normal,0.941,0.2596,0.1692,9,9,"COALINDIA.NS, INFY.NS, TCS.NS, WIPRO.NS, TITAN.NS, CIPLA.NS, SBILIFE.NS, TECHM.NS, SBIN.NS","TATASTEEL.NS, BPCL.NS, EICHERMOT.NS, INDUSINDBK.NS, ULTRACEMCO.NS, HDFCLIFE.NS, GRASIM.NS, LT.NS, MARUTI.NS",0.047568720707086745,0.04272333285203529,0.01064188482817608,0.7222222222222222,0.03158661489390182
2019-10,elevated,0.664,0.3119,0.2591,6,6,"JSWSTEEL.NS, INFY.NS, BAJFINANCE.NS, BAJAJFINSV.NS, ICICIBANK.NS, TECHM.NS","ASIANPAINT.NS, ONGC.NS, SUNPHARMA.NS, SHREECEM.NS, UPL.NS, GRASIM.NS",0.08355607716538138,0.053821235237813236,0.06776438579966451,0.8333333333333333,-0.003131533924763128
2019-11,normal,1.0,0.1981,0.1268,10,10,"BAJAJFINSV.NS, WIPRO.NS, INFY.NS, TITAN.NS, KOTAKBANK.NS, TCS.NS, BAJFINANCE.NS, POWERGRID.NS, NTPC.NS, AXISBANK.NS","SBIN.NS, UPL.NS, LT.NS, JSWSTEEL.NS, HINDALCO.NS, SHREECEM.NS, MARUTI.NS, BPCL.NS, SBILIFE.NS, INDUSINDBK.NS",0.0407892308070424,0.0380892308070424,0.0148055672097561,0.9,0.024467716648444094
2019-12,normal,1.0,0.1425,0.0842,10,10,"ADANIPORTS.NS, POWERGRID.NS, KOTAKBANK.NS, TITAN.NS, HINDUNILVR.NS, ITC.NS, DIVISLAB.NS, INFY.NS, WIPRO.NS, HDFCBANK.NS","BAJAJ-AUTO.NS, INDUSINDBK.NS, MARUTI.NS, GRASIM.NS, RELIANCE.NS, SBILIFE.NS, UPL.NS, EICHERMOT.NS, CIPLA.NS, BPCL.NS",0.027965737160417427,0.026465737160417425,0.07419491333508332,0.5,0.01365849363359084
2020-01,normal,1.0,0.1735,0.0913,10,10,"KOTAKBANK.NS, TITAN.NS, COALINDIA.NS, DIVISLAB.NS, BHARTIARTL.NS, ICICIBANK.NS, EICHERMOT.NS, POWERGRID.NS, TCS.NS, ADANIPORTS.NS","TATACONSUM.NS, HCLTECH.NS, BPCL.NS, HINDALCO.NS, HDFCLIFE.NS, JSWSTEEL.NS, LT.NS, M&M.NS, GRASIM.NS, HEROMOTOCO.NS",-0.1384124052650037,-0.14081240526500372,0.05254150876291122,0.8,-0.16252939863756308
2020-02,normal,1.0,0.2238,0.1249,10,10,"M&M.NS, HINDALCO.NS, EICHERMOT.NS, ASIANPAINT.NS, SUNPHARMA.NS, BRITANNIA.NS, INFY.NS, HINDUNILVR.NS, DIVISLAB.NS, GRASIM.NS","BAJAJ-AUTO.NS, NTPC.NS, HEROMOTOCO.NS, KOTAKBANK.NS, SBILIFE.NS, BPCL.NS, COALINDIA.NS, CIPLA.NS, ITC.NS, MARUTI.NS",-0.04955042890528712,-0.05180042890528712,0.03265890408516593,0.75,-0.08041078776362878
2020-03,normal,0.83,0.2979,0.2052,8,8,"AXISBANK.NS, BRITANNIA.NS, KOTAKBANK.NS, HDFCBANK.NS, DIVISLAB.NS, ICICIBANK.NS, BAJFINANCE.NS, TITAN.NS","ITC.NS, HINDALCO.NS, TATASTEEL.NS, LT.NS, COALINDIA.NS, BPCL.NS, GRASIM.NS, ONGC.NS",0.010442168906071674,0.006799500192039489,-0.01859656850205959,0.75,0.07903240386576653
2020-04,crisis,0.183,0.6739,0.8078,1,1,BAJAJFINSV.NS,ONGC.NS,-0.0001469285022059,-0.0005758879159036797,-0.010744391304622083,1.0,0.02624483667229857
2020-05,elevated,0.6,0.4301,0.4976,6,6,"ICICIBANK.NS, APOLLOHOSP.NS, BAJAJFINSV.NS, KOTAKBANK.NS, SHREECEM.NS, INDUSINDBK.NS","ULTRACEMCO.NS, HEROMOTOCO.NS, NESTLEIND.NS, CIPLA.NS, BPCL.NS, ITC.NS",0.13296038828534953,0.07797623297120972,0.05327607392357085,1.0,0.08868301809929331
2020-06,elevated,0.6,0.386,0.3424,6,6,"HINDUNILVR.NS, ADANIPORTS.NS, BAJAJFINSV.NS, SBIN.NS, HINDALCO.NS, AXISBANK.NS","COALINDIA.NS, LT.NS, ONGC.NS, CIPLA.NS, MARUTI.NS, HCLTECH.NS",0.08550997977721529,0.04980598786632917,-0.007464344788637722,0.8333333333333334,0.11312846695387242
2020-07,normal,0.894,0.2454,0.1844,8,8,"INDUSINDBK.NS, ICICIBANK.NS, BAJFINANCE.NS, KOTAKBANK.NS, ASIANPAINT.NS, HDFCBANK.NS, NTPC.NS, ADANIPORTS.NS","RELIANCE.NS, INFY.NS, HINDUNILVR.NS, EICHERMOT.NS, UPL.NS, GRASIM.NS, ULTRACEMCO.NS, HEROMOTOCO.NS",0.08540516548341723,0.07400546794217501,0.027784394958609474,0.875,0.04208917643195067
2020-08,normal,0.987,0.2132,0.1543,9,9,"APOLLOHOSP.NS, NESTLEIND.NS, SBILIFE.NS, SHREECEM.NS, TITAN.NS, ADANIPORTS.NS, SUNPHARMA.NS, BAJFINANCE.NS, HINDUNILVR.NS","SBIN.NS, INFY.NS, BPCL.NS, GRASIM.NS, BRITANNIA.NS, AXISBANK.NS, HEROMOTOCO.NS, INDUSINDBK.NS, ONGC.NS",0.027505523781109657,0.02435145197195523,0.009504430221687996,0.9444444444444444,0.021036632980354977
2020-09,normal,1.0,0.2122,0.139,10,10,"BHARTIARTL.NS, M&M.NS, NESTLEIND.NS, ADANIPORTS.NS, SBILIFE.NS, APOLLOHOSP.NS, HINDUNILVR.NS, ASIANPAINT.NS, HINDALCO.NS, BAJFINANCE.NS","UPL.NS, GRASIM.NS, DRREDDY.NS, AXISBANK.NS, CIPLA.NS, ITC.NS, HCLTECH.NS, COALINDIA.NS, TECHM.NS, TATASTEEL.NS",0.09788652261203609,0.09548652261203609,0.021010229617097795,0.8,0.09982544977810738
2020-10,normal,0.86,0.405,0.1955,8,8,"DIVISLAB.NS, TITAN.NS, SHREECEM.NS, DRREDDY.NS, WIPRO.NS, TATACONSUM.NS, BHARTIARTL.NS, NESTLEIND.NS","AXISBANK.NS, HINDALCO.NS, POWERGRID.NS, ONGC.NS, LT.NS, BPCL.NS, NTPC.NS, COALINDIA.NS",0.12014987260831955,0.10074889044315481,-0.09226194194545369,1.0,0.16130628800776356
2020-11,normal,1.0,0.1284,0.1484,10,10,"SHREECEM.NS, BAJFINANCE.NS, INDUSINDBK.NS, TATACONSUM.NS, BHARTIARTL.NS, KOTAKBANK.NS, ADANIPORTS.NS, SUNPHARMA.NS, APOLLOHOSP.NS, RELIANCE.NS","INFY.NS, M&M.NS, BAJAJ-AUTO.NS, JSWSTEEL.NS, LT.NS, POWERGRID.NS, WIPRO.NS, ONGC.NS, HEROMOTOCO.NS, COALINDIA.NS",0.11710966970689411,0.11485966970689411,-0.054170766813098806,0.75,0.13635345320109798
2020-12,normal,1.0,0.2151,0.1394,10,10,"INDUSINDBK.NS, UPL.NS, KOTAKBANK.NS, HINDUNILVR.NS, RELIANCE.NS, LT.NS, BAJAJFINSV.NS, HEROMOTOCO.NS, SHREECEM.NS, TECHM.NS","GRASIM.NS, AXISBANK.NS, HCLTECH.NS, ASIANPAINT.NS, ITC.NS, CIPLA.NS, DRREDDY.NS, POWERGRID.NS, INFY.NS, APOLLOHOSP.NS",0.08879292992476066,0.08609292992476067,0.01747220276552512,0.9,0.08289934599043101
2021-01,normal,1.0,0.3532,0.1454,10,10,"BAJAJFINSV.NS, BAJFINANCE.NS, RELIANCE.NS, ASIANPAINT.NS, TITAN.NS, SHREECEM.NS, TECHM.NS, M&M.NS, HINDALCO.NS, DIVISLAB.NS","EICHERMOT.NS, HDFCLIFE.NS, LT.NS, NTPC.NS, NESTLEIND.NS, BPCL.NS, COALINDIA.NS, POWERGRID.NS, UPL.NS, ITC.NS",0.11127684903654811,0.1091768490365481,-0.0156718283260725,0.7,0.10588456513481188
2021-02,normal,0.961,0.3046,0.1626,9,9,"BAJAJFINSV.NS, TECHM.NS, ASIANPAINT.NS, HINDALCO.NS, TITAN.NS, ICICIBANK.NS, WIPRO.NS, INFY.NS, M&M.NS","JSWSTEEL.NS, BPCL.NS, NESTLEIND.NS, UPL.NS, DIVISLAB.NS, ITC.NS, COALINDIA.NS, CIPLA.NS, BRITANNIA.NS",0.05060389546232893,0.046388010205964766,-0.02164167153833514,0.7777777777777778,0.026544684760654552
2021-03,elevated,0.628,0.3878,0.2708,6,6,"RELIANCE.NS, BAJFINANCE.NS, EICHERMOT.NS, KOTAKBANK.NS, DIVISLAB.NS, BHARTIARTL.NS","BPCL.NS, HDFCLIFE.NS, SBIN.NS, COALINDIA.NS, BRITANNIA.NS, ITC.NS",0.038917681803154296,0.023184304172380897,0.008503644765719156,0.6666666666666667,0.05389105644381507
2021-04,normal,0.858,0.3962,0.1961,8,8,"ADANIPORTS.NS, HINDALCO.NS, TECHM.NS, BHARTIARTL.NS, TATASTEEL.NS, M&M.NS, HEROMOTOCO.NS, TATACONSUM.NS","SBILIFE.NS, BAJAJ-AUTO.NS, CIPLA.NS, DRREDDY.NS, APOLLOHOSP.NS, WIPRO.NS, BPCL.NS, COALINDIA.NS",0.07330202519235736,0.060480012615042614,-0.028311054983048506,0.9375,0.09320224705704565
2021-05,normal,0.824,0.3009,0.2072,8,8,"TECHM.NS, INFY.NS, TCS.NS, TATASTEEL.NS, SUNPHARMA.NS, POWERGRID.NS, HCLTECH.NS, HINDALCO.NS","AXISBANK.NS, ULTRACEMCO.NS, ASIANPAINT.NS, ONGC.NS, EICHERMOT.NS, NTPC.NS, ICICIBANK.NS, ITC.NS",0.038299556196397425,0.02955033430583148,0.01454414727543173,0.8125,0.02383085623065369
2021-06,normal,1.0,0.1741,0.1311,10,10,"TATASTEEL.NS, DRREDDY.NS, SUNPHARMA.NS, BAJFINANCE.NS, TATACONSUM.NS, M&M.NS, TITAN.NS, KOTAKBANK.NS, ICICIBANK.NS, INDUSINDBK.NS","BAJAJFINSV.NS, ITC.NS, HINDUNILVR.NS, TCS.NS, SHREECEM.NS, INFY.NS, UPL.NS, NESTLEIND.NS, MARUTI.NS, BRITANNIA.NS",0.05618833327095003,0.053788333270950034,0.03379771021254157,0.8,0.0448156786773491
2021-07,normal,1.0,0.1055,0.0728,10,10,"HINDALCO.NS, TATASTEEL.NS, KOTAKBANK.NS, EICHERMOT.NS, HINDUNILVR.NS, SUNPHARMA.NS, TATACONSUM.NS, MARUTI.NS, NTPC.NS, HDFCBANK.NS","UPL.NS, HEROMOTOCO.NS, APOLLOHOSP.NS, ULTRACEMCO.NS, BRITANNIA.NS, GRASIM.NS, BAJFINANCE.NS, SBIN.NS, ITC.NS, NESTLEIND.NS",0.07948535004708497,0.07768535004708498,-0.004781269996376444,0.6,0.09334485065522007
2021-08,normal,1.0,0.1196,0.0919,10,10,"TATASTEEL.NS, DRREDDY.NS, EICHERMOT.NS, HINDALCO.NS, TATACONSUM.NS, BHARTIARTL.NS, TITAN.NS, KOTAKBANK.NS, ULTRACEMCO.NS, DIVISLAB.NS","NESTLEIND.NS, HCLTECH.NS, ASIANPAINT.NS, HINDUNILVR.NS, INDUSINDBK.NS, ICICIBANK.NS, LT.NS, BPCL.NS, ITC.NS, TCS.NS",0.06535144438631044,0.06310144438631043,0.0059684462192573645,0.75,0.06379722329183862
2021-09,normal,1.0,0.1531,0.0923,10,10,"TATACONSUM.NS, GRASIM.NS, DIVISLAB.NS, TATASTEEL.NS, TECHM.NS, WIPRO.NS, ICICIBANK.NS, APOLLOHOSP.NS, INFY.NS, SUNPHARMA.NS","HINDALCO.NS, BAJAJ-AUTO.NS, BAJFINANCE.NS, POWERGRID.NS, COALINDIA.NS, HDFCBANK.NS, KOTAKBANK.NS, ITC.NS, BAJAJFINSV.NS, SBIN.NS",0.06469948560973623,0.06259948560973623,0.06322821656453251,0.7,0.018337915529188575
2021-10,normal,1.0,0.1515,0.0971,10,10,"TATACONSUM.NS, NTPC.NS, JSWSTEEL.NS, TATASTEEL.NS, APOLLOHOSP.NS, ASIANPAINT.NS, POWERGRID.NS, BHARTIARTL.NS, CIPLA.NS, SHREECEM.NS","KOTAKBANK.NS, SBIN.NS, ONGC.NS, AXISBANK.NS, BPCL.NS, BAJAJ-AUTO.NS, COALINDIA.NS, HDFCBANK.NS, INDUSINDBK.NS, MARUTI.NS",0.011102700575721935,0.009002700575721936,0.06335399030152473,0.7,-0.011144060013276514
2021-11,normal,1.0,0.2013,0.1307,10,10,"DIVISLAB.NS, ICICIBANK.NS, LT.NS, M&M.NS, HCLTECH.NS, COALINDIA.NS, JSWSTEEL.NS, TCS.NS, DRREDDY.NS, HINDUNILVR.NS","BAJFINANCE.NS, SBIN.NS, ONGC.NS, HEROMOTOCO.NS, SHREECEM.NS, BPCL.NS, INDUSINDBK.NS, NESTLEIND.NS, SBILIFE.NS, BRITANNIA.NS",0.0669596176213418,0.0645596176213418,-0.003733015775702217,0.8,0.06367079001939607
2021-12,normal,0.966,0.3059,0.161,9,9,"BHARTIARTL.NS, RELIANCE.NS, JSWSTEEL.NS, KOTAKBANK.NS, ADANIPORTS.NS, APOLLOHOSP.NS, M&M.NS, COALINDIA.NS, AXISBANK.NS","WIPRO.NS, INFY.NS, HINDALCO.NS, ASIANPAINT.NS, SHREECEM.NS, BRITANNIA.NS, HINDUNILVR.NS, DRREDDY.NS, CIPLA.NS",0.00039101084237225557,-0.0018762835262684007,0.06730913289826188,0.7777777777777777,-0.020239106431845025
2022-01,normal,0.95,0.4651,0.1662,9,9,"TITAN.NS, TATASTEEL.NS, TATACONSUM.NS, JSWSTEEL.NS, SUNPHARMA.NS, ULTRACEMCO.NS, INDUSINDBK.NS, ASIANPAINT.NS, APOLLOHOSP.NS","TECHM.NS, HEROMOTOCO.NS, BAJAJ-AUTO.NS, TCS.NS, COALINDIA.NS, SBIN.NS, MARUTI.NS, KOTAKBANK.NS, ONGC.NS",0.026152588413470085,0.022469958992796583,0.06653197286022092,0.8333333333333333,-0.026983717453787876
2022-02,normal,0.943,0.3255,0.1686,9,9,"ADANIPORTS.NS, TATASTEEL.NS, SHREECEM.NS, TECHM.NS, JSWSTEEL.NS, HCLTECH.NS, DIVISLAB.NS, ONGC.NS, LT.NS","HINDUNILVR.NS, BHARTIARTL.NS, KOTAKBANK.NS, COALINDIA.NS, HDFCBANK.NS, TITAN.NS, NESTLEIND.NS, HINDALCO.NS, BRITANNIA.NS",0.07073062293224863,0.06449864409177712,0.051606761441322396,0.7777777777777778,0.05288138205352481
2022-03,crisis,0.35,0.6042,0.2827,3,3,"TATASTEEL.NS, APOLLOHOSP.NS, KOTAKBANK.NS","INFY.NS, BHARTIARTL.NS, SUNPHARMA.NS",-0.06567147710592557,-0.023860016987073948,0.009364088902098437,0.8333333333333333,-0.04512082195828996
2022-04,normal,0.856,0.2963,0.1969,8,8,"POWERGRID.NS, TATASTEEL.NS, HDFCLIFE.NS, BHARTIARTL.NS, HINDALCO.NS, APOLLOHOSP.NS, ONGC.NS, TCS.NS","ADANIPORTS.NS, EICHERMOT.NS, BAJAJ-AUTO.NS, TATACONSUM.NS, MARUTI.NS, NTPC.NS, SHREECEM.NS, NESTLEIND.NS",-0.09795840218350506,-0.08642039226908033,-0.032109454984252474,1.0,-0.08197144077324757
2022-05,normal,0.892,0.3727,0.1852,8,8,"HINDALCO.NS, TECHM.NS, APOLLOHOSP.NS, TATASTEEL.NS, DIVISLAB.NS, HCLTECH.NS, ASIANPAINT.NS, INDUSINDBK.NS","BAJAJ-AUTO.NS, SBILIFE.NS, HEROMOTOCO.NS, DRREDDY.NS, BRITANNIA.NS, HINDUNILVR.NS, NESTLEIND.NS, EICHERMOT.NS",-0.07500315901384048,-0.06924431784034571,-0.09940740762081628,0.875,-0.0302223699998822
2022-06,elevated,0.732,0.4013,0.2372,7,7,"M&M.NS, HINDALCO.NS, ITC.NS, WIPRO.NS, TECHM.NS, BAJAJFINSV.NS, TATASTEEL.NS","HINDUNILVR.NS, DRREDDY.NS, RELIANCE.NS, HDFCLIFE.NS, SBILIFE.NS, BRITANNIA.NS, MARUTI.NS",0.17750048439148294,0.12820492600313693,0.08214919093551523,0.7857142857142857,0.13481982518962354
2022-07,normal,0.922,0.3997,0.1753,9,9,"NTPC.NS, ITC.NS, TECHM.NS, APOLLOHOSP.NS, INFY.NS, CIPLA.NS, DIVISLAB.NS, POWERGRID.NS, ONGC.NS","M&M.NS, ULTRACEMCO.NS, TATACONSUM.NS, BRITANNIA.NS, NESTLEIND.NS, ICICIBANK.NS, HINDUNILVR.NS, ASIANPAINT.NS, BAJAJ-AUTO.NS",0.054749357960578025,0.04817390803965294,0.017930665750397555,0.8333333333333333,0.0617408165014652
2022-08,normal,1.0,0.1986,0.1244,10,10,"HINDALCO.NS, GRASIM.NS, APOLLOHOSP.NS, TATASTEEL.NS, ONGC.NS, TECHM.NS, SUNPHARMA.NS, LT.NS, BAJAJ-AUTO.NS, COALINDIA.NS","ASIANPAINT.NS, DIVISLAB.NS, WIPRO.NS, CIPLA.NS, BAJAJFINSV.NS, MARUTI.NS, KOTAKBANK.NS, UPL.NS, NESTLEIND.NS, SHREECEM.NS",-0.03536540094624291,-0.03761540094624291,0.00602279678186677,0.75,-0.03316475999166083
2022-09,normal,1.0,0.2926,0.1423,10,10,"HINDALCO.NS, TATASTEEL.NS, AXISBANK.NS, BAJAJFINSV.NS, APOLLOHOSP.NS, LT.NS, JSWSTEEL.NS, UPL.NS, COALINDIA.NS, ITC.NS","BAJAJ-AUTO.NS, SBIN.NS, DRREDDY.NS, TITAN.NS, TATACONSUM.NS, SUNPHARMA.NS, ASIANPAINT.NS, HDFCLIFE.NS, EICHERMOT.NS, MARUTI.NS",0.09731594460918407,0.09506594460918406,0.0747267288034113,0.75,0.05519316447253527
2022-10,normal,0.983,0.319,0.1556,9,9,"DIVISLAB.NS, POWERGRID.NS, ADANIPORTS.NS, HINDALCO.NS, LT.NS, ITC.NS, COALINDIA.NS, APOLLOHOSP.NS, JSWSTEEL.NS","RELIANCE.NS, BRITANNIA.NS, DRREDDY.NS, ASIANPAINT.NS, MARUTI.NS, HDFCLIFE.NS, WIPRO.NS, NESTLEIND.NS, AXISBANK.NS",0.035977693641765535,0.03307240618318885,-0.000703433353428852,0.7777777777777778,0.02595451794312825
2022-11,normal,1.0,0.3211,0.1463,10,10,"ITC.NS, TITAN.NS, NTPC.NS, COALINDIA.NS, CIPLA.NS, GRASIM.NS, TECHM.NS, HINDALCO.NS, ONGC.NS, SBIN.NS","INFY.NS, HINDUNILVR.NS, HEROMOTOCO.NS, HDFCBANK.NS, HCLTECH.NS, TCS.NS, DIVISLAB.NS, BRITANNIA.NS, SHREECEM.NS, JSWSTEEL.NS",-0.0299118222366491,-0.0323118222366491,-0.005979281037216951,0.8,-0.03605982917296386
2022-12,normal,1.0,0.1864,0.0968,10,10,"DIVISLAB.NS, UPL.NS, AXISBANK.NS, EICHERMOT.NS, GRASIM.NS, KOTAKBANK.NS, POWERGRID.NS, BPCL.NS, TITAN.NS, ONGC.NS","HINDUNILVR.NS, INDUSINDBK.NS, TATACONSUM.NS, M&M.NS, ULTRACEMCO.NS, HINDALCO.NS, ITC.NS, BRITANNIA.NS, BAJAJ-AUTO.NS, SHREECEM.NS",-0.029579394536666463,-0.03167939453666646,-0.05549519030092874,0.7,-0.01642910403922165
2023-01,normal,1.0,0.293,0.1164,10,10,"HINDALCO.NS, ADANIPORTS.NS, ONGC.NS, TATASTEEL.NS, BHARTIARTL.NS, COALINDIA.NS, INFY.NS, ICICIBANK.NS, TITAN.NS, AXISBANK.NS","HCLTECH.NS, BRITANNIA.NS, TATACONSUM.NS, TCS.NS, DRREDDY.NS, HINDUNILVR.NS, DIVISLAB.NS, TECHM.NS, HDFCLIFE.NS, NESTLEIND.NS",-0.01783126708969644,-0.01993126708969644,0.030231042041043946,0.7,-0.033516695224209365
2023-02,normal,1.0,0.1886,0.1187,10,10,"COALINDIA.NS, AXISBANK.NS, ADANIPORTS.NS, SUNPHARMA.NS, BPCL.NS, HINDALCO.NS, TATASTEEL.NS, ITC.NS, ICICIBANK.NS, SBIN.NS","HEROMOTOCO.NS, ULTRACEMCO.NS, TATACONSUM.NS, EICHERMOT.NS, HCLTECH.NS, TCS.NS, RELIANCE.NS, DRREDDY.NS, BAJAJ-AUTO.NS, SHREECEM.NS",0.058498569425607425,0.05624856942560742,0.027594864125088936,0.75,0.03284191139883252
2023-03,normal,1.0,0.1195,0.1005,10,10,"TCS.NS, ADANIPORTS.NS, BAJAJFINSV.NS, COALINDIA.NS, INFY.NS, ITC.NS, BAJFINANCE.NS, NTPC.NS, BRITANNIA.NS, TATASTEEL.NS","SHREECEM.NS, TATACONSUM.NS, DRREDDY.NS, HCLTECH.NS, ASIANPAINT.NS, BAJAJ-AUTO.NS, NESTLEIND.NS, HINDUNILVR.NS, DIVISLAB.NS, ULTRACEMCO.NS",0.05460764947312728,0.052507649473127284,-0.0011389071086944577,0.7,0.056353547300190855
2023-04,normal,1.0,0.2483,0.1351,10,10,"COALINDIA.NS, ADANIPORTS.NS, INFY.NS, INDUSINDBK.NS, SBIN.NS, SUNPHARMA.NS, HINDUNILVR.NS, M&M.NS, ITC.NS, HDFCLIFE.NS","UPL.NS, KOTAKBANK.NS, RELIANCE.NS, HINDALCO.NS, DRREDDY.NS, SBILIFE.NS, JSWSTEEL.NS, BRITANNIA.NS, BAJAJ-AUTO.NS, ULTRACEMCO.NS",0.06578397043538253,0.06383397043538254,0.04471284891266186,0.6499999999999999,0.04910511340458915
2023-05,normal,1.0,0.1181,0.0819,10,10,"ADANIPORTS.NS, HINDALCO.NS, APOLLOHOSP.NS, HDFCBANK.NS, AXISBANK.NS, DRREDDY.NS, NESTLEIND.NS, LT.NS, SBIN.NS, NTPC.NS","BPCL.NS, INDUSINDBK.NS, ULTRACEMCO.NS, HEROMOTOCO.NS, SHREECEM.NS, TCS.NS, TECHM.NS, HDFCLIFE.NS, DIVISLAB.NS, BRITANNIA.NS",0.0655385766229554,0.0631385766229554,-0.0013714964543575237,0.8,0.053312810638751845
2023-06,normal,1.0,0.1433,0.0901,10,10,"HINDALCO.NS, COALINDIA.NS, BHARTIARTL.NS, NTPC.NS, ADANIPORTS.NS, TITAN.NS, ITC.NS, LT.NS, ICICIBANK.NS, EICHERMOT.NS","TECHM.NS, SBILIFE.NS, INDUSINDBK.NS, BPCL.NS, POWERGRID.NS, TCS.NS, INFY.NS, HEROMOTOCO.NS, TATACONSUM.NS, HDFCLIFE.NS",0.038288828195748734,0.03573882819574874,0.017563033782658957,0.8500000000000001,0.018794988787675663
2023-07,normal,1.0,0.207,0.0793,10,10,"INFY.NS, TECHM.NS, TITAN.NS, HCLTECH.NS, SUNPHARMA.NS, NESTLEIND.NS, COALINDIA.NS, BHARTIARTL.NS, HINDALCO.NS, BPCL.NS","POWERGRID.NS, TATACONSUM.NS, BAJFINANCE.NS, SBILIFE.NS, UPL.NS, HEROMOTOCO.NS, DIVISLAB.NS, MARUTI.NS, BAJAJFINSV.NS, APOLLOHOSP.NS",0.06218029501214434,0.060380295012144335,0.05630449869300125,0.6,0.024714410292252558
2023-08,normal,1.0,0.1106,0.0854,10,10,"RELIANCE.NS, APOLLOHOSP.NS, ASIANPAINT.NS, HINDALCO.NS, ITC.NS, BAJAJ-AUTO.NS, UPL.NS, COALINDIA.NS, BAJFINANCE.NS, BPCL.NS","M&M.NS, ICICIBANK.NS, EICHERMOT.NS, MARUTI.NS, HINDUNILVR.NS, ADANIPORTS.NS, DIVISLAB.NS, HCLTECH.NS, WIPRO.NS, CIPLA.NS",0.06095838882105299,0.05870838882105299,0.038765696912233985,0.75,0.04416201251382967
2023-09,normal,1.0,0.1637,0.065,10,10,"JSWSTEEL.NS, ITC.NS, UPL.NS, WIPRO.NS, BAJAJFINSV.NS, BPCL.NS, EICHERMOT.NS, SBIN.NS, TITAN.NS, GRASIM.NS","SUNPHARMA.NS, HINDUNILVR.NS, HDFCBANK.NS, KOTAKBANK.NS, HDFCLIFE.NS, MARUTI.NS, NTPC.NS, INDUSINDBK.NS, TATACONSUM.NS, DIVISLAB.NS",0.01657935266321713,0.01447935266321713,0.0038283393042907385,0.7,0.01744789502645411
2023-10,normal,1.0,0.2176,0.0913,10,10,"UPL.NS, JSWSTEEL.NS, WIPRO.NS, TATASTEEL.NS, COALINDIA.NS, ITC.NS, LT.NS, DRREDDY.NS, HINDALCO.NS, APOLLOHOSP.NS","ADANIPORTS.NS, NESTLEIND.NS, INDUSINDBK.NS, ICICIBANK.NS, BRITANNIA.NS, TATACONSUM.NS, HCLTECH.NS, BAJFINANCE.NS, HDFCLIFE.NS, SBILIFE.NS",0.12762898705307396,0.12567898705307395,0.02590796686953034,0.6499999999999999,0.11985943545175476
2023-11,normal,1.0,0.324,0.1104,10,10,"BAJFINANCE.NS, JSWSTEEL.NS, TATASTEEL.NS, DIVISLAB.NS, COALINDIA.NS, MARUTI.NS, BPCL.NS, ITC.NS, BRITANNIA.NS, M&M.NS","NESTLEIND.NS, POWERGRID.NS, SBIN.NS, APOLLOHOSP.NS, HCLTECH.NS, ICICIBANK.NS, RELIANCE.NS, HEROMOTOCO.NS, HDFCLIFE.NS, UPL.NS",0.04624685032845323,0.04414685032845323,-0.038441888448913684,0.7,0.07783578275759163
2023-12,normal,1.0,0.1682,0.0718,10,10,"AXISBANK.NS, LT.NS, INDUSINDBK.NS, HDFCLIFE.NS, M&M.NS, COALINDIA.NS, APOLLOHOSP.NS, SUNPHARMA.NS, HEROMOTOCO.NS, NTPC.NS","HCLTECH.NS, BAJAJFINSV.NS, HDFCBANK.NS, UPL.NS, KOTAKBANK.NS, INFY.NS, ICICIBANK.NS, EICHERMOT.NS, HINDUNILVR.NS, NESTLEIND.NS",0.04949310729525912,0.04709310729525912,0.09614668541008842,0.8,0.023821196647081395
2024-01,normal,1.0,0.225,0.116,10,10,"HDFCBANK.NS, INDUSINDBK.NS, COALINDIA.NS, EICHERMOT.NS, HEROMOTOCO.NS, M&M.NS, NTPC.NS, AXISBANK.NS, BRITANNIA.NS, JSWSTEEL.NS","BAJAJFINSV.NS, KOTAKBANK.NS, HINDUNILVR.NS, RELIANCE.NS, INFY.NS, HCLTECH.NS, ADANIPORTS.NS, APOLLOHOSP.NS, BAJFINANCE.NS, UPL.NS",0.010828569871605843,0.009628569871605843,0.03732676124686518,0.4,0.020231361037889688
2024-02,normal,0.973,0.271,0.1589,9,9,"M&M.NS, HINDALCO.NS, COALINDIA.NS, NTPC.NS, LT.NS, ONGC.NS, ITC.NS, EICHERMOT.NS, TITAN.NS","KOTAKBANK.NS, TCS.NS, CIPLA.NS, SHREECEM.NS, UPL.NS, RELIANCE.NS, APOLLOHOSP.NS, TATACONSUM.NS, HDFCBANK.NS",0.05809468931573963,0.05490446603754799,0.0637305562459739,0.5555555555555556,0.002519793616983051
2024-03,normal,1.0,0.1741,0.0925,10,10,"AXISBANK.NS, ONGC.NS, TATASTEEL.NS, ITC.NS, COALINDIA.NS, HCLTECH.NS, BRITANNIA.NS, JSWSTEEL.NS, BPCL.NS, EICHERMOT.NS","MARUTI.NS, RELIANCE.NS, APOLLOHOSP.NS, UPL.NS, HINDUNILVR.NS, GRASIM.NS, ICICIBANK.NS, ADANIPORTS.NS, KOTAKBANK.NS, CIPLA.NS",0.03860389148120171,0.03695389148120171,0.038583350866239395,0.55,0.0077346349242125535
2024-04,normal,1.0,0.3031,0.1215,10,10,"TECHM.NS, LT.NS, BAJAJ-AUTO.NS, BPCL.NS, BAJFINANCE.NS, COALINDIA.NS, NESTLEIND.NS, BHARTIARTL.NS, CIPLA.NS, M&M.NS","RELIANCE.NS, DIVISLAB.NS, BAJAJFINSV.NS, MARUTI.NS, UPL.NS, HCLTECH.NS, HINDUNILVR.NS, ICICIBANK.NS, SBIN.NS, GRASIM.NS",0.08260245960445126,0.08065245960445126,0.03475427800569276,0.6499999999999999,0.05431589543955362
2024-05,normal,1.0,0.1885,0.0994,10,10,"COALINDIA.NS, M&M.NS, ONGC.NS, ULTRACEMCO.NS, CIPLA.NS, NTPC.NS, SHREECEM.NS, INDUSINDBK.NS, TITAN.NS, TATASTEEL.NS","ICICIBANK.NS, RELIANCE.NS, HINDUNILVR.NS, BAJAJFINSV.NS, BHARTIARTL.NS, SBILIFE.NS, AXISBANK.NS, SBIN.NS, HINDALCO.NS, WIPRO.NS",0.07800535200446898,0.07575535200446898,-0.03547277201867413,0.75,0.0964825032611268
2024-06,normal,1.0,0.2293,0.111,10,10,"LT.NS, ONGC.NS, HCLTECH.NS, SUNPHARMA.NS, COALINDIA.NS, BAJAJ-AUTO.NS, TCS.NS, NTPC.NS, HEROMOTOCO.NS, HDFCLIFE.NS","ULTRACEMCO.NS, TECHM.NS, DRREDDY.NS, BRITANNIA.NS, ICICIBANK.NS, BHARTIARTL.NS, HINDUNILVR.NS, RELIANCE.NS, GRASIM.NS, DIVISLAB.NS",0.09032805445346395,0.08837805445346396,0.060287656254429584,0.6499999999999999,0.02699031539728439
2024-07,elevated,0.6,0.3792,0.2865,6,6,"ONGC.NS, BAJAJ-AUTO.NS, WIPRO.NS, LT.NS, NTPC.NS, SBIN.NS","ASIANPAINT.NS, KOTAKBANK.NS, BAJAJFINSV.NS, TECHM.NS, HINDUNILVR.NS, DIVISLAB.NS",-0.008589748171782968,-0.00590384890306978,-0.05675913845461997,0.41666666666666663,0.02687695288651189
2024-08,normal,1.0,0.2083,0.0901,10,10,"HEROMOTOCO.NS, ONGC.NS, BAJAJ-AUTO.NS, COALINDIA.NS, LT.NS, BPCL.NS, TATASTEEL.NS, JSWSTEEL.NS, NTPC.NS, BAJAJFINSV.NS","SUNPHARMA.NS, UPL.NS, INFY.NS, TECHM.NS, KOTAKBANK.NS, TCS.NS, INDUSINDBK.NS, HDFCLIFE.NS, SBILIFE.NS, DIVISLAB.NS",0.0018061315370874816,-0.0004438684629125187,-0.018947266059251924,0.75,0.0025645658470157024
2024-09,normal,1.0,0.3609,0.148,10,10,"ONGC.NS, BAJAJ-AUTO.NS, COALINDIA.NS, M&M.NS, POWERGRID.NS, ULTRACEMCO.NS, WIPRO.NS, HEROMOTOCO.NS, BHARTIARTL.NS, ADANIPORTS.NS","JSWSTEEL.NS, SUNPHARMA.NS, APOLLOHOSP.NS, CIPLA.NS, KOTAKBANK.NS, BRITANNIA.NS, DIVISLAB.NS, EICHERMOT.NS, INDUSINDBK.NS, HINDALCO.NS",-0.10320306962768462,-0.10545306962768462,-0.033245727085245855,0.75,-0.08724815708920575
2024-10,normal,1.0,0.2541,0.1191,10,10,"INDUSINDBK.NS, POWERGRID.NS, ONGC.NS, BAJAJ-AUTO.NS, NTPC.NS, COALINDIA.NS, TATASTEEL.NS, BPCL.NS, HEROMOTOCO.NS, ITC.NS","AXISBANK.NS, BAJAJFINSV.NS, DIVISLAB.NS, HDFCBANK.NS, UPL.NS, ICICIBANK.NS, EICHERMOT.NS, BAJFINANCE.NS, SUNPHARMA.NS, HDFCLIFE.NS",-0.05973954214875314,-0.06228954214875314,-0.0592567929248252,0.8500000000000001,-0.0043592504346599975
2024-11,normal,1.0,0.1509,0.0958,10,10,"ADANIPORTS.NS, HEROMOTOCO.NS, COALINDIA.NS, POWERGRID.NS, BPCL.NS, ONGC.NS, CIPLA.NS, TATASTEEL.NS, BAJAJ-AUTO.NS, TCS.NS","JSWSTEEL.NS, TATACONSUM.NS, HINDUNILVR.NS, GRASIM.NS, LT.NS, RELIANCE.NS, NESTLEIND.NS, EICHERMOT.NS, SBILIFE.NS, ICICIBANK.NS",-0.08603224024413136,-0.08783224024413136,-0.055759741066030544,0.6000000000000001,-0.03918679547136333
2024-12,normal,0.963,0.3706,0.1621,9,9,"ITC.NS, NTPC.NS, HEROMOTOCO.NS, INFY.NS, HCLTECH.NS, BAJAJ-AUTO.NS, ONGC.NS, WIPRO.NS, INDUSINDBK.NS","M&M.NS, EICHERMOT.NS, DIVISLAB.NS, HDFCLIFE.NS, DRREDDY.NS, ICICIBANK.NS, SBIN.NS, CIPLA.NS, HDFCBANK.NS",0.0012685422834016978,-0.0008648937810841648,0.011281399837556053,0.7222222222222222,0.014641457734891054
2025-01,normal,1.0,0.2629,0.109,10,10,"BAJAJ-AUTO.NS, ADANIPORTS.NS, HEROMOTOCO.NS, COALINDIA.NS, BHARTIARTL.NS, DIVISLAB.NS, HDFCLIFE.NS, HINDALCO.NS, HCLTECH.NS, SUNPHARMA.NS","SBIN.NS, SHREECEM.NS, TECHM.NS, TITAN.NS, MARUTI.NS, HDFCBANK.NS, TCS.NS, ICICIBANK.NS, UPL.NS, HINDUNILVR.NS",-0.028414753843768105,-0.030814753843768104,0.028268049003652845,0.8,-0.03885119123206205
2025-02,normal,1.0,0.2684,0.1293,10,10,"LT.NS, M&M.NS, ONGC.NS, BPCL.NS, BAJAJFINSV.NS, ADANIPORTS.NS, NTPC.NS, ULTRACEMCO.NS, ASIANPAINT.NS, HCLTECH.NS","SHREECEM.NS, SBILIFE.NS, HINDALCO.NS, TITAN.NS, HINDUNILVR.NS, NESTLEIND.NS, HDFCBANK.NS, JSWSTEEL.NS, TATASTEEL.NS, MARUTI.NS",0.10547432197355103,0.10322432197355103,0.037843212580412774,0.75,0.08505460280935172
2025-03,normal,1.0,0.2473,0.1188,10,10,"HEROMOTOCO.NS, DRREDDY.NS, M&M.NS, ADANIPORTS.NS, BPCL.NS, DIVISLAB.NS, POWERGRID.NS, TCS.NS, BAJAJ-AUTO.NS, INDUSINDBK.NS","GRASIM.NS, AXISBANK.NS, HDFCBANK.NS, TATASTEEL.NS, ICICIBANK.NS, HINDALCO.NS, JSWSTEEL.NS, SHREECEM.NS, BAJAJFINSV.NS, HDFCLIFE.NS",0.11441933275343397,0.11201933275343397,0.06985926530796459,0.8,0.06404038525083271
2025-04,normal,1.0,0.3713,0.127,10,10,"HEROMOTOCO.NS, INDUSINDBK.NS, ONGC.NS, BAJFINANCE.NS, BAJAJ-AUTO.NS, EICHERMOT.NS, TATASTEEL.NS, ADANIPORTS.NS, HINDALCO.NS, HCLTECH.NS","JSWSTEEL.NS, UPL.NS, NESTLEIND.NS, RELIANCE.NS, GRASIM.NS, HDFCBANK.NS, KOTAKBANK.NS, HDFCLIFE.NS, AXISBANK.NS, BRITANNIA.NS",0.0690130491365608,0.0673630491365608,0.07041720405153178,0.55,0.021624686368803936
2025-05,normal,0.79,0.3939,0.2182,7,7,"INDUSINDBK.NS, HINDALCO.NS, ONGC.NS, CIPLA.NS, BAJAJ-AUTO.NS, HCLTECH.NS, ITC.NS","AXISBANK.NS, BAJFINANCE.NS, SBILIFE.NS, TITAN.NS, BRITANNIA.NS, ICICIBANK.NS, RELIANCE.NS",0.01475943664391657,0.010644240662979804,0.0046473056132074145,0.42857142857142855,0.022484210558227788
2025-06,normal,0.899,0.4563,0.1829,8,8,"HEROMOTOCO.NS, NTPC.NS, ONGC.NS, COALINDIA.NS, HINDALCO.NS, BHARTIARTL.NS, CIPLA.NS, JSWSTEEL.NS","GRASIM.NS, DRREDDY.NS, TATACONSUM.NS, HDFCBANK.NS, BPCL.NS, TITAN.NS, HDFCLIFE.NS, SBILIFE.NS",-0.001480044224045499,-0.0031847472574169037,0.02197590928682215,0.6875,-0.030446239912812048
2025-07,normal,1.0,0.3046,0.1066,10,10,"NTPC.NS, COALINDIA.NS, AXISBANK.NS, SUNPHARMA.NS, ASIANPAINT.NS, MARUTI.NS, EICHERMOT.NS, M&M.NS, POWERGRID.NS, HEROMOTOCO.NS","WIPRO.NS, HDFCBANK.NS, NESTLEIND.NS, BRITANNIA.NS, SBILIFE.NS, HINDALCO.NS, ICICIBANK.NS, TCS.NS, HDFCLIFE.NS, APOLLOHOSP.NS",0.0911104235788621,0.08901042357886209,0.05651629392546097,0.7,0.03407045536732469
2025-08,normal,1.0,0.118,0.0745,10,10,"SHREECEM.NS, BAJAJ-AUTO.NS, HINDUNILVR.NS, BPCL.NS, SBILIFE.NS, BHARTIARTL.NS, AXISBANK.NS, M&M.NS, RELIANCE.NS, ADANIPORTS.NS","BAJFINANCE.NS, ONGC.NS, ULTRACEMCO.NS, TCS.NS, WIPRO.NS, KOTAKBANK.NS, CIPLA.NS, UPL.NS, TITAN.NS, DRREDDY.NS",0.04639302157816378,0.04399302157816378,0.026573553759484926,0.8,0.03650672029699708
2025-09,normal,1.0,0.2655,0.0993,10,10,"HEROMOTOCO.NS, BAJAJ-AUTO.NS, TECHM.NS, INDUSINDBK.NS, HDFCBANK.NS, ICICIBANK.NS, RELIANCE.NS, WIPRO.NS, ULTRACEMCO.NS, AXISBANK.NS","TCS.NS, ASIANPAINT.NS, TATACONSUM.NS, TATASTEEL.NS, SBIN.NS, HINDUNILVR.NS, KOTAKBANK.NS, NESTLEIND.NS, BPCL.NS, MARUTI.NS",0.048509525341903274,0.04625952534190327,-0.025681249825697312,0.75,0.052442586947169106
2025-10,normal,1.0,0.1596,0.0688,10,10,"BAJFINANCE.NS, DRREDDY.NS, INFY.NS, WIPRO.NS, TECHM.NS, HDFCLIFE.NS, ASIANPAINT.NS, HINDUNILVR.NS, BHARTIARTL.NS, ADANIPORTS.NS","HINDALCO.NS, SBILIFE.NS, SUNPHARMA.NS, TATACONSUM.NS, ITC.NS, TCS.NS, POWERGRID.NS, TITAN.NS, TATASTEEL.NS, JSWSTEEL.NS",0.04698731802351665,0.044737318023516645,0.04876017486388494,0.75,0.01521672554795502
2025-11,normal,1.0,0.1501,0.0762,10,10,"INFY.NS, EICHERMOT.NS, ULTRACEMCO.NS, M&M.NS, TECHM.NS, BAJAJ-AUTO.NS, CIPLA.NS, HCLTECH.NS, DRREDDY.NS, WIPRO.NS","KOTAKBANK.NS, ICICIBANK.NS, SUNPHARMA.NS, ADANIPORTS.NS, HDFCLIFE.NS, NTPC.NS, TATACONSUM.NS, BRITANNIA.NS, HINDALCO.NS, TITAN.NS",0.01949616899083908,0.01769616899083908,-0.0037987234575932796,0.6,0.007699758587839166
2025-12,normal,1.0,0.195,0.0781,10,10,"ULTRACEMCO.NS, DRREDDY.NS, BAJAJ-AUTO.NS, SUNPHARMA.NS, APOLLOHOSP.NS, SHREECEM.NS, HCLTECH.NS, HINDUNILVR.NS, HEROMOTOCO.NS, INFY.NS","M&M.NS, KOTAKBANK.NS, HDFCLIFE.NS, BPCL.NS, NESTLEIND.NS, AXISBANK.NS, TATACONSUM.NS, TITAN.NS, UPL.NS, SBILIFE.NS",0.00541243586554096,0.00376243586554096,0.01109680270581337,0.55,0.004880040825333617
2026-01,normal,1.0,0.2518,0.076,10,10,"CIPLA.NS, SUNPHARMA.NS, RELIANCE.NS, COALINDIA.NS, INDUSINDBK.NS, GRASIM.NS, BHARTIARTL.NS, M&M.NS, BAJAJFINSV.NS, UPL.NS","HCLTECH.NS, NESTLEIND.NS, TATACONSUM.NS, NTPC.NS, HEROMOTOCO.NS, APOLLOHOSP.NS, TITAN.NS, BPCL.NS, HINDALCO.NS, TATASTEEL.NS",-0.04061817850064547,-0.04316817850064547,-0.006747724142897107,0.8500000000000001,-0.06014482839269242
2026-02,normal,1.0,0.2131,0.0916,10,10,"DIVISLAB.NS, INFY.NS, HCLTECH.NS, M&M.NS, TCS.NS, TECHM.NS, UPL.NS, CIPLA.NS, WIPRO.NS, HINDUNILVR.NS","NESTLEIND.NS, NTPC.NS, AXISBANK.NS, ULTRACEMCO.NS, ASIANPAINT.NS, APOLLOHOSP.NS, LT.NS, JSWSTEEL.NS, TATASTEEL.NS, BPCL.NS",-0.0927608706973754,-0.0950108706973754,0.0033136216599787965,0.75,-0.09519509253318438
