year_month,regime,avg_pairwise_corr,nifty_vol_20d,position_scale
2013-03,normal,0.0,0.0,1.0
2013-04,normal,0.0,0.0,1.0
2013-05,normal,0.2168,0.1637,0.958
2013-06,normal,0.214,0.1861,0.889
2013-07,normal,0.271,0.2003,0.845
2013-08,normal,0.1385,0.1617,0.964
2013-09,elevated,0.3466,0.2769,0.61
2013-10,elevated,0.2898,0.3026,0.6
2013-11,normal,0.1783,0.1497,1.0
2013-12,normal,0.2447,0.1769,0.917
2014-01,normal,0.2027,0.1355,1.0
2014-02,normal,0.1739,0.1303,1.0
2014-03,normal,0.1558,0.115,1.0
2014-04,normal,0.1177,0.1112,1.0
2014-05,normal,0.0993,0.107,1.0
2014-06,normal,0.1068,0.1611,0.966
2014-07,normal,0.1418,0.1331,1.0
2014-08,normal,0.2042,0.1326,1.0
2014-09,normal,0.1535,0.1225,1.0
2014-10,normal,0.2356,0.1271,1.0
2014-11,normal,0.2525,0.1413,1.0
2014-12,normal,0.1109,0.0943,1.0
2015-01,normal,0.2601,0.1386,1.0
2015-02,normal,0.2025,0.1886,0.881
2015-03,normal,0.2062,0.1395,1.0
2015-04,normal,0.2453,0.1512,0.996
2015-05,normal,0.232,0.1421,1.0
2015-06,normal,0.3314,0.1975,0.854
2015-07,normal,0.2426,0.1342,1.0
2015-08,normal,0.2163,0.1438,1.0
2015-09,elevated,0.4807,0.2566,0.672
2015-10,normal,0.3396,0.2033,0.836
2015-11,normal,0.1158,0.1121,1.0
2015-12,normal,0.1578,0.1164,1.0
2016-01,normal,0.3055,0.1307,1.0
2016-02,normal,0.3297,0.1828,0.899
2016-03,normal,0.3242,0.217,0.794
2016-04,normal,0.293,0.1743,0.925
2016-05,normal,0.2939,0.1617,0.964
2016-06,normal,0.1846,0.1452,1.0
2016-07,normal,0.1858,0.1296,1.0
2016-08,normal,0.1074,0.0934,1.0
2016-09,normal,0.1952,0.1099,1.0
2016-10,normal,0.3013,0.1309,1.0
2016-11,normal,0.2845,0.1324,1.0
2016-12,normal,0.3211,0.1891,0.88
2017-01,normal,0.3607,0.1274,1.0
2017-02,normal,0.1854,0.0996,1.0
2017-03,normal,0.1528,0.0919,1.0
2017-04,normal,0.1979,0.0924,1.0
2017-05,normal,0.109,0.0788,1.0
2017-06,normal,0.1619,0.0966,1.0
2017-07,normal,0.0942,0.0563,1.0
2017-08,normal,0.0982,0.0759,1.0
2017-09,normal,0.2298,0.1167,1.0
2017-10,normal,0.2358,0.1006,1.0
2017-11,normal,0.0833,0.0769,1.0
2017-12,normal,0.1052,0.0821,1.0
2018-01,normal,0.2298,0.0987,1.0
2018-02,normal,0.1065,0.0711,1.0
2018-03,normal,0.276,0.1382,1.0
2018-04,normal,0.2867,0.1402,1.0
2018-05,normal,0.1602,0.089,1.0
2018-06,normal,0.1564,0.1061,1.0
2018-07,normal,0.2132,0.0978,1.0
2018-08,normal,0.0943,0.0711,1.0
2018-09,normal,0.0724,0.0883,1.0
2018-10,normal,0.2422,0.1261,1.0
2018-11,elevated,0.3138,0.2367,0.733
2018-12,normal,0.1659,0.114,1.0
2019-01,normal,0.3617,0.1536,0.989
2019-02,normal,0.1465,0.1068,1.0
2019-03,normal,0.2191,0.1177,1.0
2019-04,normal,0.1705,0.1015,1.0
2019-05,normal,0.1418,0.1142,1.0
2019-06,normal,0.298,0.1933,0.867
2019-07,normal,0.2552,0.1188,1.0
2019-08,normal,0.2567,0.1173,1.0
2019-09,normal,0.2596,0.1692,0.941
2019-10,elevated,0.3119,0.2591,0.664
2019-11,normal,0.1981,0.1268,1.0
2019-12,normal,0.1425,0.0842,1.0
2020-01,normal,0.1735,0.0913,1.0
2020-02,normal,0.2238,0.1249,1.0
2020-03,normal,0.2979,0.2052,0.83
2020-04,crisis,0.6739,0.8078,0.0
2020-05,elevated,0.4301,0.4976,0.6
2020-06,elevated,0.386,0.3424,0.6
2020-07,normal,0.2454,0.1844,0.894
2020-08,normal,0.2132,0.1543,0.987
2020-09,normal,0.2122,0.139,1.0
2020-10,normal,0.405,0.1955,0.86
2020-11,normal,0.1284,0.1484,1.0
2020-12,normal,0.2151,0.1394,1.0
2021-01,normal,0.3532,0.1454,1.0
2021-02,normal,0.3046,0.1626,0.961
2021-03,elevated,0.3878,0.2708,0.628
2021-04,normal,0.3962,0.1961,0.858
2021-05,normal,0.3009,0.2072,0.824
2021-06,normal,0.1741,0.1311,1.0
2021-07,normal,0.1055,0.0728,1.0
2021-08,normal,0.1196,0.0919,1.0
2021-09,normal,0.1531,0.0923,1.0
2021-10,normal,0.1515,0.0971,1.0
2021-11,normal,0.2013,0.1307,1.0
2021-12,normal,0.3059,0.161,0.966
2022-01,normal,0.4651,0.1662,0.95
2022-02,normal,0.3255,0.1686,0.943
2022-03,crisis,0.6042,0.2827,0.0
2022-04,normal,0.2963,0.1969,0.856
2022-05,normal,0.3727,0.1852,0.892
2022-06,elevated,0.4013,0.2372,0.732
2022-07,normal,0.3997,0.1753,0.922
2022-08,normal,0.1986,0.1244,1.0
2022-09,normal,0.2926,0.1423,1.0
2022-10,normal,0.319,0.1556,0.983
2022-11,normal,0.3211,0.1463,1.0
2022-12,normal,0.1864,0.0968,1.0
2023-01,normal,0.293,0.1164,1.0
2023-02,normal,0.1886,0.1187,1.0
2023-03,normal,0.1195,0.1005,1.0
2023-04,normal,0.2483,0.1351,1.0
2023-05,normal,0.1181,0.0819,1.0
2023-06,normal,0.1433,0.0901,1.0
2023-07,normal,0.207,0.0793,1.0
2023-08,normal,0.1106,0.0854,1.0
2023-09,normal,0.1637,0.065,1.0
2023-10,normal,0.2176,0.0913,1.0
2023-11,normal,0.324,0.1104,1.0
2023-12,normal,0.1682,0.0718,1.0
2024-01,normal,0.225,0.116,1.0
2024-02,normal,0.271,0.1589,0.973
2024-03,normal,0.1741,0.0925,1.0
2024-04,normal,0.3031,0.1215,1.0
2024-05,normal,0.1885,0.0994,1.0
2024-06,normal,0.2293,0.111,1.0
2024-07,elevated,0.3792,0.2865,0.6
2024-08,normal,0.2083,0.0901,1.0
2024-09,normal,0.3609,0.148,1.0
2024-10,normal,0.2541,0.1191,1.0
2024-11,normal,0.1509,0.0958,1.0
2024-12,normal,0.3706,0.1621,0.963
2025-01,normal,0.2629,0.109,1.0
2025-02,normal,0.2684,0.1293,1.0
2025-03,normal,0.2473,0.1188,1.0
2025-04,normal,0.3713,0.127,1.0
2025-05,normal,0.3939,0.2182,0.79
2025-06,normal,0.4563,0.1829,0.899
2025-07,normal,0.3046,0.1066,1.0
2025-08,normal,0.118,0.0745,1.0
2025-09,normal,0.2655,0.0993,1.0
2025-10,normal,0.1596,0.0688,1.0
2025-11,normal,0.1501,0.0762,1.0
2025-12,normal,0.195,0.0781,1.0
2026-01,normal,0.2518,0.076,1.0
2026-02,normal,0.2131,0.0916,1.0
