month,long_portfolio,short_portfolio,long_return_gross,long_return_net,ls_spread_net,turnover,nifty_return
2016-03,"BAJFINANCE.NS, EICHERMOT.NS, ADANIPORTS.NS, DIVISLAB.NS, CIPLA.NS, SUNPHARMA.NS, UPL.NS, INDUSINDBK.NS, ICICIBANK.NS, SHREECEM.NS","WIPRO.NS, ULTRACEMCO.NS, COALINDIA.NS, AXISBANK.NS, TCS.NS, ONGC.NS, ITC.NS, GRASIM.NS, HEROMOTOCO.NS, INFY.NS",0.031303832604009804,0.028303832604009805,0.006790659005645638,1.0,0.027751114084171892
2016-04,"MARUTI.NS, BAJFINANCE.NS, SBIN.NS, EICHERMOT.NS, NESTLEIND.NS, JSWSTEEL.NS, DIVISLAB.NS, BAJAJFINSV.NS, SUNPHARMA.NS, BHARTIARTL.NS","CIPLA.NS, NTPC.NS, DRREDDY.NS, POWERGRID.NS, M&M.NS, ITC.NS, BRITANNIA.NS, WIPRO.NS, AXISBANK.NS, COALINDIA.NS",0.032533595605410665,0.030733595605410665,-0.004201947060985273,0.6,0.03881352735889965
2016-05,"BAJFINANCE.NS, SBIN.NS, TECHM.NS, MARUTI.NS, HINDALCO.NS, EICHERMOT.NS, BRITANNIA.NS, SHREECEM.NS, NESTLEIND.NS, INDUSINDBK.NS","BPCL.NS, AXISBANK.NS, NTPC.NS, DRREDDY.NS, CIPLA.NS, BAJAJ-AUTO.NS, COALINDIA.NS, TATASTEEL.NS, JSWSTEEL.NS, ITC.NS",0.09035258562310655,0.08795258562310655,-0.007021327693417109,0.8,0.0739034093557742
2016-06,"BAJFINANCE.NS, HINDALCO.NS, ADANIPORTS.NS, SHREECEM.NS, BAJAJFINSV.NS, MARUTI.NS, ONGC.NS, JSWSTEEL.NS, SBIN.NS, INDUSINDBK.NS","NTPC.NS, TCS.NS, HINDUNILVR.NS, RELIANCE.NS, COALINDIA.NS, LT.NS, POWERGRID.NS, TECHM.NS, ITC.NS, TITAN.NS",0.16766854768716746,0.16496854768716745,0.1219193659028055,0.9,0.07806144247902785
2016-07,"BAJFINANCE.NS, BAJAJFINSV.NS, ADANIPORTS.NS, ICICIBANK.NS, HINDALCO.NS, SHREECEM.NS, MARUTI.NS, BRITANNIA.NS, JSWSTEEL.NS, TATASTEEL.NS","TECHM.NS, COALINDIA.NS, SUNPHARMA.NS, POWERGRID.NS, NESTLEIND.NS, TATACONSUM.NS, INFY.NS, TCS.NS, HCLTECH.NS, ASIANPAINT.NS",0.08661308075357751,0.08526308075357751,0.11141411966262564,0.44999999999999996,0.027829868968168636
2016-08,"BAJAJFINSV.NS, BAJFINANCE.NS, BRITANNIA.NS, MARUTI.NS, EICHERMOT.NS, APOLLOHOSP.NS, SUNPHARMA.NS, GRASIM.NS, INDUSINDBK.NS, SHREECEM.NS","TITAN.NS, BAJAJ-AUTO.NS, RELIANCE.NS, NTPC.NS, COALINDIA.NS, ONGC.NS, TECHM.NS, NESTLEIND.NS, CIPLA.NS, ITC.NS",0.03741075200534742,0.03561075200534742,0.0457523339087179,0.6,0.0048497252552174444
2016-09,"BAJFINANCE.NS, BAJAJFINSV.NS, ADANIPORTS.NS, DRREDDY.NS, SHREECEM.NS, UPL.NS, MARUTI.NS, EICHERMOT.NS, JSWSTEEL.NS, INDUSINDBK.NS","M&M.NS, NTPC.NS, TCS.NS, HINDALCO.NS, ITC.NS, TITAN.NS, COALINDIA.NS, ONGC.NS, NESTLEIND.NS, POWERGRID.NS",-0.08302630341567238,-0.08422630341567239,-0.054315442772061205,0.4,-0.06212920469914317
2016-10,"BAJFINANCE.NS, BAJAJFINSV.NS, HINDALCO.NS, AXISBANK.NS, INFY.NS, UPL.NS, ASIANPAINT.NS, JSWSTEEL.NS, TATASTEEL.NS, WIPRO.NS","SBIN.NS, M&M.NS, TCS.NS, DIVISLAB.NS, ITC.NS, BHARTIARTL.NS, ONGC.NS, NTPC.NS, NESTLEIND.NS, KOTAKBANK.NS",-0.039924228514079084,-0.041424228514079085,-0.016729143270072314,0.5,-0.04738134087789096
2016-11,"BAJAJFINSV.NS, SHREECEM.NS, APOLLOHOSP.NS, HINDALCO.NS, BAJFINANCE.NS, KOTAKBANK.NS, INDUSINDBK.NS, UPL.NS, BRITANNIA.NS, EICHERMOT.NS","ITC.NS, CIPLA.NS, SUNPHARMA.NS, COALINDIA.NS, WIPRO.NS, TECHM.NS, HCLTECH.NS, POWERGRID.NS, NTPC.NS, ONGC.NS",0.017142197674526342,0.014742197674526343,0.003973034099010172,0.8,0.011307394585830128
2016-12,"BAJAJFINSV.NS, DIVISLAB.NS, SHREECEM.NS, HINDALCO.NS, BAJFINANCE.NS, UPL.NS, MARUTI.NS, ONGC.NS, INDUSINDBK.NS, TITAN.NS","ASIANPAINT.NS, TECHM.NS, NESTLEIND.NS, COALINDIA.NS, ITC.NS, TCS.NS, RELIANCE.NS, POWERGRID.NS, NTPC.NS, HCLTECH.NS",0.15000229765363432,0.14850229765363432,0.09897214548917027,0.5,0.09639725514595693
2017-01,"DIVISLAB.NS, BAJFINANCE.NS, SHREECEM.NS, ADANIPORTS.NS, INDUSINDBK.NS, HINDALCO.NS, UPL.NS, EICHERMOT.NS, BAJAJFINSV.NS, BPCL.NS","ULTRACEMCO.NS, COALINDIA.NS, POWERGRID.NS, TCS.NS, ONGC.NS, INFY.NS, NESTLEIND.NS, NTPC.NS, HCLTECH.NS, ITC.NS",0.08181795536765048,0.07956795536765048,0.04252541667222389,0.75,0.07058185897362441
2017-02,"BAJFINANCE.NS, HINDALCO.NS, MARUTI.NS, DIVISLAB.NS, SHREECEM.NS, BAJAJFINSV.NS, SUNPHARMA.NS, ASIANPAINT.NS, BHARTIARTL.NS, ULTRACEMCO.NS","ICICIBANK.NS, UPL.NS, WIPRO.NS, SBIN.NS, ONGC.NS, NESTLEIND.NS, CIPLA.NS, TATACONSUM.NS, ITC.NS, HCLTECH.NS",0.037142373966736766,0.03474237396673677,0.010000701306247615,0.8,0.026559231565686233
2017-03,"BAJFINANCE.NS, BAJAJFINSV.NS, HINDALCO.NS, SHREECEM.NS, MARUTI.NS, TATASTEEL.NS, GRASIM.NS, JSWSTEEL.NS, EICHERMOT.NS, HEROMOTOCO.NS","WIPRO.NS, KOTAKBANK.NS, COALINDIA.NS, ITC.NS, APOLLOHOSP.NS, NESTLEIND.NS, ONGC.NS, HCLTECH.NS, M&M.NS, TECHM.NS",0.10130268248262428,0.09860268248262428,0.08661567597985037,0.9,0.04991115938728706
2017-04,"BAJFINANCE.NS, BAJAJFINSV.NS, INDUSINDBK.NS, HINDALCO.NS, TITAN.NS, MARUTI.NS, BPCL.NS, ADANIPORTS.NS, SHREECEM.NS, BRITANNIA.NS","WIPRO.NS, POWERGRID.NS, CIPLA.NS, HDFCBANK.NS, NESTLEIND.NS, BHARTIARTL.NS, SUNPHARMA.NS, COALINDIA.NS, LT.NS, DIVISLAB.NS",0.026500432902124234,0.024700432902124234,0.028432824810011748,0.6,0.026908187392228798
2017-05,"BAJFINANCE.NS, HINDALCO.NS, JSWSTEEL.NS, APOLLOHOSP.NS, ULTRACEMCO.NS, BAJAJFINSV.NS, INDUSINDBK.NS, ADANIPORTS.NS, MARUTI.NS, SHREECEM.NS","HCLTECH.NS, BHARTIARTL.NS, WIPRO.NS, TCS.NS, HEROMOTOCO.NS, LT.NS, COALINDIA.NS, CIPLA.NS, HINDUNILVR.NS, ITC.NS",0.06037999725294866,0.05872999725294866,0.03135553125172867,0.55,0.043131907757117775
2017-06,"BAJFINANCE.NS, TECHM.NS, SUNPHARMA.NS, BAJAJFINSV.NS, HINDALCO.NS, MARUTI.NS, BPCL.NS, DIVISLAB.NS, TATASTEEL.NS, UPL.NS","KOTAKBANK.NS, HINDUNILVR.NS, NTPC.NS, HCLTECH.NS, TCS.NS, ICICIBANK.NS, WIPRO.NS, POWERGRID.NS, DRREDDY.NS, ITC.NS",0.0713773526827197,0.0692773526827197,0.0631224472021015,0.7,0.04319178266430648
2017-07,"BAJFINANCE.NS, BAJAJFINSV.NS, MARUTI.NS, GRASIM.NS, DIVISLAB.NS, INDUSINDBK.NS, SHREECEM.NS, HEROMOTOCO.NS, TATACONSUM.NS, JSWSTEEL.NS","ICICIBANK.NS, HCLTECH.NS, NTPC.NS, RELIANCE.NS, BPCL.NS, INFY.NS, DRREDDY.NS, WIPRO.NS, BHARTIARTL.NS, ONGC.NS",0.12832397757886166,0.12622397757886167,0.14034730204895562,0.7,0.03760352896014248
2017-08,"BAJFINANCE.NS, BAJAJFINSV.NS, JSWSTEEL.NS, MARUTI.NS, INDUSINDBK.NS, TATACONSUM.NS, RELIANCE.NS, GRASIM.NS, DIVISLAB.NS, TITAN.NS","ITC.NS, TCS.NS, HCLTECH.NS, ONGC.NS, DRREDDY.NS, SBIN.NS, WIPRO.NS, NESTLEIND.NS, BHARTIARTL.NS, TECHM.NS",0.05567154299658282,0.05357154299658282,0.019112340174447913,0.7,0.03890919417358605
2017-09,"BAJFINANCE.NS, BAJAJFINSV.NS, TATASTEEL.NS, JSWSTEEL.NS, TITAN.NS, HINDALCO.NS, RELIANCE.NS, DIVISLAB.NS, GRASIM.NS, TATACONSUM.NS","ICICIBANK.NS, ITC.NS, M&M.NS, COALINDIA.NS, SBIN.NS, BAJAJ-AUTO.NS, NESTLEIND.NS, HCLTECH.NS, ONGC.NS, TECHM.NS",0.09651381588318739,0.09471381588318739,0.009845025238791674,0.6,0.06272486628166032
2017-10,"BAJFINANCE.NS, BAJAJFINSV.NS, SBIN.NS, JSWSTEEL.NS, TATASTEEL.NS, HINDALCO.NS, ULTRACEMCO.NS, GRASIM.NS, HINDUNILVR.NS, MARUTI.NS","NTPC.NS, ONGC.NS, COALINDIA.NS, TCS.NS, POWERGRID.NS, WIPRO.NS, UPL.NS, ITC.NS, HCLTECH.NS, TECHM.NS",-0.010496049498989506,-0.012596049498989506,0.00932707545536463,0.7,0.004518534577474025
2017-11,"DIVISLAB.NS, TITAN.NS, BAJFINANCE.NS, SBIN.NS, TATACONSUM.NS, BAJAJFINSV.NS, DRREDDY.NS, BHARTIARTL.NS, AXISBANK.NS, TATASTEEL.NS","TECHM.NS, ITC.NS, TCS.NS, NTPC.NS, INFY.NS, NESTLEIND.NS, HCLTECH.NS, APOLLOHOSP.NS, BAJAJ-AUTO.NS, COALINDIA.NS",0.047181182851098936,0.04553118285109894,-0.009522239265550708,0.55,0.049190279067096464
2017-12,"DIVISLAB.NS, TATACONSUM.NS, TITAN.NS, BAJFINANCE.NS, SUNPHARMA.NS, INDUSINDBK.NS, BPCL.NS, TATASTEEL.NS, RELIANCE.NS, BRITANNIA.NS","AXISBANK.NS, HINDUNILVR.NS, HDFCBANK.NS, POWERGRID.NS, BAJAJ-AUTO.NS, ASIANPAINT.NS, EICHERMOT.NS, TCS.NS, COALINDIA.NS, WIPRO.NS",-0.028913168951636998,-0.030713168951636997,-0.033464242483382874,0.6000000000000001,-0.013171674882177133
2018-01,"TATACONSUM.NS, TITAN.NS, DIVISLAB.NS, GRASIM.NS, JSWSTEEL.NS, TATASTEEL.NS, UPL.NS, APOLLOHOSP.NS, BAJFINANCE.NS, DRREDDY.NS","KOTAKBANK.NS, AXISBANK.NS, COALINDIA.NS, BAJAJ-AUTO.NS, ICICIBANK.NS, HDFCBANK.NS, TECHM.NS, HCLTECH.NS, INFY.NS, TCS.NS",-0.036350039948118786,-0.03785003994811879,0.020181934727170676,0.5,-0.049574301770367785
2018-02,"TITAN.NS, TATASTEEL.NS, TATACONSUM.NS, BAJFINANCE.NS, JSWSTEEL.NS, UPL.NS, BAJAJFINSV.NS, MARUTI.NS, HINDALCO.NS, GRASIM.NS","ONGC.NS, HCLTECH.NS, HDFCBANK.NS, TECHM.NS, BRITANNIA.NS, TCS.NS, KOTAKBANK.NS, NESTLEIND.NS, COALINDIA.NS, INFY.NS",0.035202639616970524,0.034302639616970526,-0.008998590886883998,0.3,0.01970048087999154
2018-03,"TATASTEEL.NS, TITAN.NS, TATACONSUM.NS, BAJAJFINSV.NS, JSWSTEEL.NS, BAJFINANCE.NS, SHREECEM.NS, GRASIM.NS, HINDALCO.NS, BPCL.NS","INFY.NS, AXISBANK.NS, TCS.NS, ICICIBANK.NS, NTPC.NS, SUNPHARMA.NS, COALINDIA.NS, CIPLA.NS, NESTLEIND.NS, HCLTECH.NS",0.03948412918393014,0.03708412918393014,-0.021064578812593965,0.8,0.05595792635071558
2018-04,"TITAN.NS, BAJFINANCE.NS, TATACONSUM.NS, BPCL.NS, TATASTEEL.NS, JSWSTEEL.NS, HINDALCO.NS, BAJAJFINSV.NS, TECHM.NS, MARUTI.NS","CIPLA.NS, DRREDDY.NS, COALINDIA.NS, UPL.NS, TCS.NS, WIPRO.NS, INFY.NS, ONGC.NS, M&M.NS, NESTLEIND.NS",0.031318471748575084,0.028918471748575085,0.028143169724125294,0.8,0.001660216552271592
2018-05,"TATASTEEL.NS, TITAN.NS, JSWSTEEL.NS, HINDALCO.NS, BAJFINANCE.NS, BPCL.NS, TATACONSUM.NS, BAJAJFINSV.NS, MARUTI.NS, RELIANCE.NS","TCS.NS, NTPC.NS, SHREECEM.NS, KOTAKBANK.NS, HDFCBANK.NS, CIPLA.NS, HCLTECH.NS, SBIN.NS, INFY.NS, COALINDIA.NS",0.01749120602832303,0.01554120602832303,-0.024303332939232303,0.6499999999999999,0.015806357251170338
2018-06,"BAJAJFINSV.NS, HINDALCO.NS, BPCL.NS, BAJFINANCE.NS, TATASTEEL.NS, TITAN.NS, MARUTI.NS, UPL.NS, JSWSTEEL.NS, HEROMOTOCO.NS","COALINDIA.NS, CIPLA.NS, ULTRACEMCO.NS, BHARTIARTL.NS, SUNPHARMA.NS, HCLTECH.NS, NTPC.NS, TCS.NS, APOLLOHOSP.NS, INFY.NS",0.06651604058157497,0.06426604058157497,0.041167295598047514,0.75,0.05144235066671429
2018-07,"BAJFINANCE.NS, BAJAJFINSV.NS, UPL.NS, JSWSTEEL.NS, BPCL.NS, HINDALCO.NS, TATASTEEL.NS, MARUTI.NS, SBIN.NS, INDUSINDBK.NS","GRASIM.NS, INFY.NS, CIPLA.NS, DIVISLAB.NS, RELIANCE.NS, COALINDIA.NS, ONGC.NS, SUNPHARMA.NS, ADANIPORTS.NS, TECHM.NS",0.03639295216901905,0.03519295216901905,-0.03866359239360767,0.4,0.045823698344993016
2018-08,"BAJAJFINSV.NS, BAJFINANCE.NS, BPCL.NS, JSWSTEEL.NS, TATASTEEL.NS, UPL.NS, MARUTI.NS, TATACONSUM.NS, TITAN.NS, BHARTIARTL.NS","NTPC.NS, WIPRO.NS, SHREECEM.NS, AXISBANK.NS, INFY.NS, COALINDIA.NS, TCS.NS, DRREDDY.NS, ONGC.NS, CIPLA.NS",-0.14280954041778388,-0.14505954041778388,-0.09857685223630801,0.75,-0.10197246995370846
2018-09,"BAJFINANCE.NS, JSWSTEEL.NS, TATASTEEL.NS, HINDALCO.NS, UPL.NS, BAJAJFINSV.NS, MARUTI.NS, NESTLEIND.NS, ADANIPORTS.NS, M&M.NS","DIVISLAB.NS, TECHM.NS, HINDUNILVR.NS, SUNPHARMA.NS, INFY.NS, DRREDDY.NS, TCS.NS, HCLTECH.NS, RELIANCE.NS, CIPLA.NS",0.0011668428677239565,-0.0009331571322760434,0.06550061101748623,0.7,-0.02434058374820182
2018-10,"BAJFINANCE.NS, HINDALCO.NS, JSWSTEEL.NS, BAJAJFINSV.NS, TITAN.NS, ADANIPORTS.NS, MARUTI.NS, RELIANCE.NS, DIVISLAB.NS, EICHERMOT.NS","ITC.NS, SBIN.NS, SUNPHARMA.NS, TECHM.NS, BAJAJ-AUTO.NS, WIPRO.NS, HCLTECH.NS, ICICIBANK.NS, INFY.NS, CIPLA.NS",0.06033530822227397,0.05778530822227397,0.09116267811346178,0.8500000000000001,0.04470207677727112
2018-11,"BAJFINANCE.NS, BAJAJFINSV.NS, EICHERMOT.NS, HINDALCO.NS, BHARTIARTL.NS, SUNPHARMA.NS, MARUTI.NS, NTPC.NS, DIVISLAB.NS, TITAN.NS","TCS.NS, HEROMOTOCO.NS, JSWSTEEL.NS, BAJAJ-AUTO.NS, ONGC.NS, INFY.NS, COALINDIA.NS, TATASTEEL.NS, ITC.NS, SHREECEM.NS",-0.010479142352019927,-0.012429142352019928,0.020617395492853952,0.6499999999999999,-0.01676187361277861
2018-12,"BAJFINANCE.NS, BHARTIARTL.NS, TITAN.NS, MARUTI.NS, ADANIPORTS.NS, BPCL.NS, GRASIM.NS, EICHERMOT.NS, INDUSINDBK.NS, HEROMOTOCO.NS","APOLLOHOSP.NS, TECHM.NS, COALINDIA.NS, SHREECEM.NS, LT.NS, ONGC.NS, POWERGRID.NS, JSWSTEEL.NS, NTPC.NS, CIPLA.NS",-0.047512413253834304,-0.049012413253834305,0.014404028118508924,0.5,-0.020511882559838365
2019-01,"BAJAJFINSV.NS, BAJFINANCE.NS, BHARTIARTL.NS, EICHERMOT.NS, ADANIPORTS.NS, M&M.NS, BAJAJ-AUTO.NS, JSWSTEEL.NS, MARUTI.NS, HEROMOTOCO.NS","AXISBANK.NS, KOTAKBANK.NS, ASIANPAINT.NS, ONGC.NS, SHREECEM.NS, DIVISLAB.NS, RELIANCE.NS, HCLTECH.NS, TECHM.NS, CIPLA.NS",0.09558538529519126,0.09393538529519126,0.018635297294492703,0.55,0.06316405460995868
2019-02,"BAJFINANCE.NS, TITAN.NS, JSWSTEEL.NS, MARUTI.NS, DRREDDY.NS, BAJAJFINSV.NS, HINDUNILVR.NS, HDFCBANK.NS, WIPRO.NS, INDUSINDBK.NS","DIVISLAB.NS, LT.NS, COALINDIA.NS, GRASIM.NS, NTPC.NS, CIPLA.NS, BHARTIARTL.NS, SHREECEM.NS, TECHM.NS, SUNPHARMA.NS",0.09713224481243934,0.09518224481243935,0.010523229074276302,0.6499999999999999,0.0885019672340586
2019-03,"TATACONSUM.NS, TATASTEEL.NS, BPCL.NS, ONGC.NS, NTPC.NS, WIPRO.NS, EICHERMOT.NS, BAJAJFINSV.NS, BRITANNIA.NS, HINDALCO.NS","TECHM.NS, SBIN.NS, LT.NS, INDUSINDBK.NS, GRASIM.NS, HCLTECH.NS, UPL.NS, ITC.NS, SUNPHARMA.NS, APOLLOHOSP.NS",0.0017678591368258986,-0.0004821408631741017,0.03246733203444995,0.75,-0.00919286707045328
2019-04,"BPCL.NS, BAJFINANCE.NS, BAJAJFINSV.NS, TATACONSUM.NS, TATASTEEL.NS, TITAN.NS, ADANIPORTS.NS, HINDALCO.NS, EICHERMOT.NS, MARUTI.NS","HINDUNILVR.NS, WIPRO.NS, DRREDDY.NS, SHREECEM.NS, APOLLOHOSP.NS, ULTRACEMCO.NS, HCLTECH.NS, COALINDIA.NS, CIPLA.NS, TCS.NS",0.05761612130496059,0.055066121304960594,0.04744523322441242,0.8500000000000001,0.017745677792411162
2019-05,"BAJAJFINSV.NS, TITAN.NS, TATACONSUM.NS, WIPRO.NS, EICHERMOT.NS, MARUTI.NS, JSWSTEEL.NS, TCS.NS, BPCL.NS, TATASTEEL.NS","ICICIBANK.NS, UPL.NS, APOLLOHOSP.NS, COALINDIA.NS, ASIANPAINT.NS, TECHM.NS, NESTLEIND.NS, SBIN.NS, BHARTIARTL.NS, LT.NS",-0.05667814300090428,-0.058328143000904276,-0.04046347495780388,0.55,-0.027603759912222477
2019-06,"BAJAJFINSV.NS, BAJFINANCE.NS, INDUSINDBK.NS, EICHERMOT.NS, ADANIPORTS.NS, TATACONSUM.NS, UPL.NS, TITAN.NS, HEROMOTOCO.NS, AXISBANK.NS","CIPLA.NS, NTPC.NS, BRITANNIA.NS, APOLLOHOSP.NS, TATASTEEL.NS, SHREECEM.NS, BHARTIARTL.NS, HINDALCO.NS, M&M.NS, POWERGRID.NS",-0.08491508678895711,-0.0867150867889571,-0.009073830005190492,0.6,-0.06157960713687418
2019-07,"BAJAJFINSV.NS, BAJFINANCE.NS, TITAN.NS, AXISBANK.NS, ADANIPORTS.NS, DIVISLAB.NS, HDFCBANK.NS, GRASIM.NS, JSWSTEEL.NS, EICHERMOT.NS","DRREDDY.NS, POWERGRID.NS, BAJAJ-AUTO.NS, KOTAKBANK.NS, NTPC.NS, INFY.NS, WIPRO.NS, ICICIBANK.NS, BPCL.NS, SUNPHARMA.NS",-0.01654701195773601,-0.01879701195773601,-0.026257393454793033,0.75,-0.011131901841812243
2019-08,"TITAN.NS, BAJFINANCE.NS, BAJAJFINSV.NS, JSWSTEEL.NS, KOTAKBANK.NS, ULTRACEMCO.NS, SBIN.NS, ICICIBANK.NS, GRASIM.NS, INDUSINDBK.NS","HEROMOTOCO.NS, INFY.NS, ONGC.NS, BAJAJ-AUTO.NS, HINDALCO.NS, TCS.NS, TECHM.NS, MARUTI.NS, BHARTIARTL.NS, SUNPHARMA.NS",0.07778226064793696,0.07553226064793696,0.03295213217302281,0.75,0.06469276928177602
2019-09,"TITAN.NS, BAJAJFINSV.NS, POWERGRID.NS, M&M.NS, APOLLOHOSP.NS, JSWSTEEL.NS, SBILIFE.NS, BAJFINANCE.NS, TCS.NS, UPL.NS","COALINDIA.NS, ADANIPORTS.NS, ONGC.NS, LT.NS, BAJAJ-AUTO.NS, HINDALCO.NS, ITC.NS, ULTRACEMCO.NS, SUNPHARMA.NS, BHARTIARTL.NS",0.02049044274942216,0.01809044274942216,0.01880228849768314,0.8,0.03158661489390182
2019-10,"BAJAJFINSV.NS, BAJFINANCE.NS, POWERGRID.NS, JSWSTEEL.NS, TITAN.NS, HDFCBANK.NS, EICHERMOT.NS, CIPLA.NS, SBILIFE.NS, TATACONSUM.NS","SHREECEM.NS, HINDALCO.NS, BPCL.NS, BAJAJ-AUTO.NS, GRASIM.NS, ITC.NS, COALINDIA.NS, HCLTECH.NS, SUNPHARMA.NS, SBIN.NS",0.018553787950026372,0.01630378795002637,0.01103628720380603,0.75,-0.003131533924763128
2019-11,"TITAN.NS, BAJFINANCE.NS, KOTAKBANK.NS, AXISBANK.NS, GRASIM.NS, HDFCLIFE.NS, HINDUNILVR.NS, BRITANNIA.NS, TATASTEEL.NS, NTPC.NS","SHREECEM.NS, COALINDIA.NS, TATACONSUM.NS, JSWSTEEL.NS, EICHERMOT.NS, INDUSINDBK.NS, HINDALCO.NS, ADANIPORTS.NS, ULTRACEMCO.NS, BPCL.NS",0.03077776134412777,0.02822776134412777,0.0019838610383984476,0.8500000000000001,0.024467716648444094
2019-12,"TITAN.NS, ADANIPORTS.NS, KOTAKBANK.NS, TATASTEEL.NS, ULTRACEMCO.NS, LT.NS, SBILIFE.NS, DIVISLAB.NS, NESTLEIND.NS, GRASIM.NS","BHARTIARTL.NS, UPL.NS, HCLTECH.NS, NTPC.NS, MARUTI.NS, COALINDIA.NS, HEROMOTOCO.NS, ONGC.NS, CIPLA.NS, BPCL.NS",0.03673637730444991,0.03463637730444991,0.05724605062138256,0.7,0.01365849363359084
2020-01,"TITAN.NS, BAJAJFINSV.NS, KOTAKBANK.NS, INDUSINDBK.NS, BAJFINANCE.NS, EICHERMOT.NS, RELIANCE.NS, ICICIBANK.NS, COALINDIA.NS, HDFCBANK.NS","TECHM.NS, DRREDDY.NS, CIPLA.NS, HEROMOTOCO.NS, GRASIM.NS, INFY.NS, M&M.NS, LT.NS, BPCL.NS, HCLTECH.NS",-0.17219549148505536,-0.17489549148505537,-0.00633486798830829,0.9,-0.16252939863756308
2020-02,"M&M.NS, TITAN.NS, EICHERMOT.NS, TATACONSUM.NS, ADANIPORTS.NS, SUNPHARMA.NS, HINDALCO.NS, RELIANCE.NS, NESTLEIND.NS, BRITANNIA.NS","ONGC.NS, MARUTI.NS, NTPC.NS, POWERGRID.NS, ITC.NS, BHARTIARTL.NS, BPCL.NS, COALINDIA.NS, KOTAKBANK.NS, CIPLA.NS",-0.07919622423242337,-0.08189622423242336,-0.024440255384821745,0.9,-0.08041078776362878
2020-03,"TITAN.NS, DIVISLAB.NS, APOLLOHOSP.NS, BAJFINANCE.NS, ICICIBANK.NS, BAJAJFINSV.NS, BRITANNIA.NS, SHREECEM.NS, ASIANPAINT.NS, HINDUNILVR.NS","BHARTIARTL.NS, SUNPHARMA.NS, ITC.NS, POWERGRID.NS, TCS.NS, WIPRO.NS, TATACONSUM.NS, COALINDIA.NS, BPCL.NS, ONGC.NS",0.01074567141272693,0.00819567141272693,-0.05899724795633802,0.8500000000000001,0.07903240386576653
2020-04,"BAJFINANCE.NS, BAJAJFINSV.NS, TITAN.NS, DIVISLAB.NS, SBILIFE.NS, M&M.NS, APOLLOHOSP.NS, ASIANPAINT.NS, TECHM.NS, TATACONSUM.NS","HINDALCO.NS, EICHERMOT.NS, TCS.NS, HEROMOTOCO.NS, BAJAJ-AUTO.NS, BPCL.NS, UPL.NS, INFY.NS, HCLTECH.NS, ONGC.NS",0.028140943445827925,0.025590943445827925,-0.031206368455681224,0.8500000000000001,0.02624483667229857
2020-05,"TITAN.NS, BAJAJFINSV.NS, ICICIBANK.NS, AXISBANK.NS, APOLLOHOSP.NS, HDFCLIFE.NS, BAJFINANCE.NS, SBILIFE.NS, HINDUNILVR.NS, INDUSINDBK.NS","DRREDDY.NS, CIPLA.NS, NTPC.NS, HINDALCO.NS, MARUTI.NS, ONGC.NS, ITC.NS, ULTRACEMCO.NS, HEROMOTOCO.NS, BPCL.NS",0.13260497817602512,0.13035497817602512,0.09475746510239266,0.75,0.08868301809929331
2020-06,"AXISBANK.NS, BAJAJFINSV.NS, DIVISLAB.NS, SBIN.NS, ASIANPAINT.NS, HDFCLIFE.NS, HINDUNILVR.NS, TECHM.NS, ADANIPORTS.NS, SBILIFE.NS","ONGC.NS, M&M.NS, INFY.NS, LT.NS, MARUTI.NS, BPCL.NS, HEROMOTOCO.NS, HDFCBANK.NS, UPL.NS, GRASIM.NS",0.09630813240310457,0.09405813240310457,-0.010412584037911302,0.75,0.11312846695387242
2020-07,"BAJFINANCE.NS, BAJAJFINSV.NS, NESTLEIND.NS, NTPC.NS, HDFCLIFE.NS, ICICIBANK.NS, AXISBANK.NS, TATACONSUM.NS, SBILIFE.NS, ASIANPAINT.NS","GRASIM.NS, DRREDDY.NS, ONGC.NS, MARUTI.NS, HCLTECH.NS, INFY.NS, UPL.NS, ULTRACEMCO.NS, POWERGRID.NS, HEROMOTOCO.NS",0.06169547855376887,0.05974547855376887,0.023452168231945993,0.6499999999999999,0.04208917643195067
2020-08,"BAJAJFINSV.NS, TITAN.NS, BAJFINANCE.NS, SBILIFE.NS, HINDALCO.NS, HINDUNILVR.NS, NESTLEIND.NS, SHREECEM.NS, NTPC.NS, HDFCLIFE.NS","AXISBANK.NS, MARUTI.NS, POWERGRID.NS, HDFCBANK.NS, HEROMOTOCO.NS, UPL.NS, GRASIM.NS, BPCL.NS, ITC.NS, ONGC.NS",-0.02314909792083463,-0.025849097920834632,-0.007249193055952695,0.9,0.021036632980354977
2020-09,"HINDUNILVR.NS, BHARTIARTL.NS, NESTLEIND.NS, BAJFINANCE.NS, ASIANPAINT.NS, BRITANNIA.NS, JSWSTEEL.NS, ADANIPORTS.NS, BAJAJFINSV.NS, SBILIFE.NS","UPL.NS, AXISBANK.NS, HEROMOTOCO.NS, CIPLA.NS, ULTRACEMCO.NS, TATASTEEL.NS, GRASIM.NS, COALINDIA.NS, ITC.NS, BPCL.NS",0.1108302043837712,0.1084302043837712,0.02305043529183408,0.8,0.09982544977810738
2020-10,"DIVISLAB.NS, BAJFINANCE.NS, DRREDDY.NS, TITAN.NS, SBILIFE.NS, NESTLEIND.NS, TECHM.NS, TATACONSUM.NS, ICICIBANK.NS, BAJAJ-AUTO.NS","HINDALCO.NS, AXISBANK.NS, SBIN.NS, GRASIM.NS, KOTAKBANK.NS, LT.NS, ONGC.NS, COALINDIA.NS, NTPC.NS, BPCL.NS",0.16261165570790573,0.15991165570790572,-0.07834881994065385,0.9,0.16130628800776356
2020-11,"INDUSINDBK.NS, TECHM.NS, ICICIBANK.NS, HINDUNILVR.NS, BAJFINANCE.NS, SBILIFE.NS, TCS.NS, INFY.NS, KOTAKBANK.NS, UPL.NS","ULTRACEMCO.NS, HINDALCO.NS, HDFCBANK.NS, ITC.NS, EICHERMOT.NS, BAJAJ-AUTO.NS, ONGC.NS, LT.NS, CIPLA.NS, COALINDIA.NS",0.1393385749670727,0.1367885749670727,-0.015432145549967635,0.8500000000000001,0.13635345320109798
2020-12,"BAJAJFINSV.NS, RELIANCE.NS, BRITANNIA.NS, KOTAKBANK.NS, HINDUNILVR.NS, BAJFINANCE.NS, NESTLEIND.NS, INDUSINDBK.NS, UPL.NS, TATACONSUM.NS","HCLTECH.NS, DIVISLAB.NS, ITC.NS, ULTRACEMCO.NS, GRASIM.NS, COALINDIA.NS, INFY.NS, WIPRO.NS, APOLLOHOSP.NS, MARUTI.NS",0.037300087595456784,0.03460008759545678,-0.04581991821773124,0.9,0.08289934599043101
2021-01,"BAJAJFINSV.NS, KOTAKBANK.NS, BAJFINANCE.NS, NESTLEIND.NS, SHREECEM.NS, TATASTEEL.NS, HINDUNILVR.NS, RELIANCE.NS, TECHM.NS, INDUSINDBK.NS","BHARTIARTL.NS, HEROMOTOCO.NS, ITC.NS, BAJAJ-AUTO.NS, GRASIM.NS, ADANIPORTS.NS, ONGC.NS, COALINDIA.NS, BPCL.NS, UPL.NS",0.12224897250514852,0.11954897250514852,-0.015504667478898684,0.9,0.10588456513481188
2021-02,"BAJAJFINSV.NS, BAJFINANCE.NS, ICICIBANK.NS, HCLTECH.NS, INFY.NS, AXISBANK.NS, ASIANPAINT.NS, TECHM.NS, SUNPHARMA.NS, KOTAKBANK.NS","BHARTIARTL.NS, INDUSINDBK.NS, NTPC.NS, SBIN.NS, SBILIFE.NS, UPL.NS, APOLLOHOSP.NS, JSWSTEEL.NS, BPCL.NS, COALINDIA.NS",0.023430719899300033,0.021480719899300033,0.045764165763765324,0.6499999999999999,0.026544684760654552
2021-03,"ADANIPORTS.NS, RELIANCE.NS, BAJFINANCE.NS, ICICIBANK.NS, BAJAJFINSV.NS, SBIN.NS, AXISBANK.NS, NESTLEIND.NS, KOTAKBANK.NS, EICHERMOT.NS","INFY.NS, BRITANNIA.NS, HINDUNILVR.NS, SHREECEM.NS, NTPC.NS, COALINDIA.NS, HDFCLIFE.NS, SBILIFE.NS, BPCL.NS, ITC.NS",0.05330962448834349,0.05120962448834349,0.03690595804922375,0.7,0.05389105644381507
2021-04,"ADANIPORTS.NS, HINDALCO.NS, TECHM.NS, M&M.NS, AXISBANK.NS, DIVISLAB.NS, JSWSTEEL.NS, BHARTIARTL.NS, BAJFINANCE.NS, SHREECEM.NS","BRITANNIA.NS, SBILIFE.NS, GRASIM.NS, SUNPHARMA.NS, DRREDDY.NS, CIPLA.NS, ONGC.NS, COALINDIA.NS, WIPRO.NS, BPCL.NS",0.06536356127703587,0.06326356127703586,-0.03966454018187378,0.7,0.09320224705704565
2021-05,"TATASTEEL.NS, HINDALCO.NS, JSWSTEEL.NS, SHREECEM.NS, ADANIPORTS.NS, BAJFINANCE.NS, HCLTECH.NS, TATACONSUM.NS, POWERGRID.NS, HINDUNILVR.NS","M&M.NS, BHARTIARTL.NS, HEROMOTOCO.NS, WIPRO.NS, ULTRACEMCO.NS, MARUTI.NS, EICHERMOT.NS, BPCL.NS, CIPLA.NS, ITC.NS",0.04150648482914983,0.03895648482914983,0.04765693814701407,0.8500000000000001,0.02383085623065369
2021-06,"TATASTEEL.NS, KOTAKBANK.NS, HINDALCO.NS, BAJFINANCE.NS, ADANIPORTS.NS, TITAN.NS, ICICIBANK.NS, SBIN.NS, JSWSTEEL.NS, CIPLA.NS","TCS.NS, ITC.NS, UPL.NS, BAJAJ-AUTO.NS, BPCL.NS, BRITANNIA.NS, HINDUNILVR.NS, APOLLOHOSP.NS, MARUTI.NS, INFY.NS",0.07262950674099963,0.07067950674099964,0.0650775054935969,0.65,0.0448156786773491
2021-07,"TATASTEEL.NS, ADANIPORTS.NS, TATACONSUM.NS, TITAN.NS, DRREDDY.NS, POWERGRID.NS, TCS.NS, ASIANPAINT.NS, KOTAKBANK.NS, HINDALCO.NS","APOLLOHOSP.NS, ULTRACEMCO.NS, BPCL.NS, BAJAJFINSV.NS, SUNPHARMA.NS, INDUSINDBK.NS, LT.NS, INFY.NS, ITC.NS, SBILIFE.NS",0.11532143602356822,0.11367143602356822,0.03195007434477279,0.55,0.09334485065522007
2021-08,"TATASTEEL.NS, BHARTIARTL.NS, DRREDDY.NS, ADANIPORTS.NS, DIVISLAB.NS, RELIANCE.NS, HINDALCO.NS, ONGC.NS, BAJFINANCE.NS, JSWSTEEL.NS","CIPLA.NS, TECHM.NS, INDUSINDBK.NS, AXISBANK.NS, ITC.NS, HDFCLIFE.NS, SBILIFE.NS, HINDUNILVR.NS, TCS.NS, BPCL.NS",0.07496417999181795,0.07286417999181795,0.037580049595843434,0.7,0.06379722329183862
2021-09,"TATACONSUM.NS, DIVISLAB.NS, ICICIBANK.NS, AXISBANK.NS, APOLLOHOSP.NS, DRREDDY.NS, TATASTEEL.NS, WIPRO.NS, INFY.NS, BAJFINANCE.NS","POWERGRID.NS, BAJAJFINSV.NS, ONGC.NS, HDFCBANK.NS, INDUSINDBK.NS, SBIN.NS, KOTAKBANK.NS, MARUTI.NS, ITC.NS, COALINDIA.NS",0.032702869688610026,0.029852869688610027,0.01025568129100237,0.95,0.018337915529188575
2021-10,"TATACONSUM.NS, BAJFINANCE.NS, BHARTIARTL.NS, RELIANCE.NS, APOLLOHOSP.NS, ASIANPAINT.NS, JSWSTEEL.NS, POWERGRID.NS, TATASTEEL.NS, ADANIPORTS.NS","HDFCLIFE.NS, KOTAKBANK.NS, SBILIFE.NS, ONGC.NS, TECHM.NS, LT.NS, ITC.NS, INDUSINDBK.NS, MARUTI.NS, SBIN.NS",0.02401753670498081,0.022517536704980808,0.02536924199827642,0.5,-0.011144060013276514
2021-11,"DIVISLAB.NS, ICICIBANK.NS, HINDUNILVR.NS, TITAN.NS, TATASTEEL.NS, ASIANPAINT.NS, M&M.NS, BAJAJFINSV.NS, ADANIPORTS.NS, WIPRO.NS","ITC.NS, HDFCLIFE.NS, BAJAJ-AUTO.NS, SHREECEM.NS, DRREDDY.NS, BPCL.NS, SBILIFE.NS, POWERGRID.NS, APOLLOHOSP.NS, TECHM.NS",0.06432576243615407,0.062375762436154066,0.03819153654255131,0.6499999999999999,0.06367079001939607
2021-12,"APOLLOHOSP.NS, BAJFINANCE.NS, TITAN.NS, RELIANCE.NS, BAJAJFINSV.NS, DIVISLAB.NS, INDUSINDBK.NS, BHARTIARTL.NS, ICICIBANK.NS, M&M.NS","ITC.NS, DRREDDY.NS, SHREECEM.NS, NESTLEIND.NS, WIPRO.NS, HCLTECH.NS, ASIANPAINT.NS, INFY.NS, TECHM.NS, CIPLA.NS",-0.025189444098458136,-0.027889444098458137,0.0746991201511368,0.9,-0.020239106431845025
2022-01,"APOLLOHOSP.NS, TATACONSUM.NS, TATASTEEL.NS, BAJFINANCE.NS, SHREECEM.NS, DIVISLAB.NS, TITAN.NS, RELIANCE.NS, GRASIM.NS, ASIANPAINT.NS","COALINDIA.NS, BPCL.NS, HDFCLIFE.NS, TCS.NS, HEROMOTOCO.NS, MARUTI.NS, BAJAJ-AUTO.NS, POWERGRID.NS, SBIN.NS, ONGC.NS",0.015263741882688548,0.012713741882688548,0.07559410411818945,0.85,-0.026983717453787876
2022-02,"WIPRO.NS, TECHM.NS, CIPLA.NS, SHREECEM.NS, ADANIPORTS.NS, HCLTECH.NS, BAJFINANCE.NS, APOLLOHOSP.NS, HEROMOTOCO.NS, INFY.NS","SUNPHARMA.NS, MARUTI.NS, BRITANNIA.NS, BAJAJ-AUTO.NS, ITC.NS, TITAN.NS, POWERGRID.NS, HDFCBANK.NS, BPCL.NS, HINDALCO.NS",0.02896627303670119,0.02701627303670119,-0.015853792708094172,0.6499999999999999,0.05288138205352481
2022-03,"APOLLOHOSP.NS, COALINDIA.NS, HEROMOTOCO.NS, HCLTECH.NS, ASIANPAINT.NS, ONGC.NS, BAJAJFINSV.NS, KOTAKBANK.NS, TECHM.NS, TITAN.NS","RELIANCE.NS, INFY.NS, BPCL.NS, POWERGRID.NS, AXISBANK.NS, JSWSTEEL.NS, DRREDDY.NS, BHARTIARTL.NS, M&M.NS, ADANIPORTS.NS",-0.059309041332425295,-0.0615590413324253,-0.012125493051047598,0.75,-0.04512082195828996
2022-04,"APOLLOHOSP.NS, POWERGRID.NS, JSWSTEEL.NS, COALINDIA.NS, ITC.NS, M&M.NS, BHARTIARTL.NS, TECHM.NS, ADANIPORTS.NS, BAJFINANCE.NS","SHREECEM.NS, BPCL.NS, TATACONSUM.NS, HINDUNILVR.NS, SUNPHARMA.NS, EICHERMOT.NS, RELIANCE.NS, ULTRACEMCO.NS, MARUTI.NS, INDUSINDBK.NS",-0.08812637243042655,-0.09022637243042655,-0.006615791139283178,0.7,-0.08197144077324757
2022-05,"DIVISLAB.NS, APOLLOHOSP.NS, HINDALCO.NS, ASIANPAINT.NS, BAJAJFINSV.NS, TECHM.NS, SHREECEM.NS, HCLTECH.NS, BAJFINANCE.NS, ADANIPORTS.NS","INDUSINDBK.NS, CIPLA.NS, DRREDDY.NS, HEROMOTOCO.NS, BAJAJ-AUTO.NS, NESTLEIND.NS, JSWSTEEL.NS, SBILIFE.NS, MARUTI.NS, EICHERMOT.NS",-0.06319244794235618,-0.06514244794235617,-0.08149792282887096,0.6499999999999999,-0.0302223699998822
2022-06,"HINDALCO.NS, TITAN.NS, BAJAJFINSV.NS, BAJAJ-AUTO.NS, JSWSTEEL.NS, SHREECEM.NS, ONGC.NS, TECHM.NS, APOLLOHOSP.NS, ADANIPORTS.NS","ULTRACEMCO.NS, DRREDDY.NS, AXISBANK.NS, SBILIFE.NS, ITC.NS, RELIANCE.NS, HDFCBANK.NS, EICHERMOT.NS, BRITANNIA.NS, SBIN.NS",0.1656288397070535,0.1633788397070535,0.04771838760237679,0.75,0.13481982518962354
2022-07,"WIPRO.NS, APOLLOHOSP.NS, HINDALCO.NS, DIVISLAB.NS, TCS.NS, JSWSTEEL.NS, GRASIM.NS, BAJFINANCE.NS, ICICIBANK.NS, SHREECEM.NS","ASIANPAINT.NS, ULTRACEMCO.NS, BPCL.NS, HEROMOTOCO.NS, HINDUNILVR.NS, ITC.NS, BAJAJ-AUTO.NS, EICHERMOT.NS, SUNPHARMA.NS, COALINDIA.NS",0.06055229244131073,0.058002292441310735,0.01479470119418877,0.8500000000000001,0.0617408165014652
2022-08,"TATASTEEL.NS, HINDALCO.NS, GRASIM.NS, ONGC.NS, COALINDIA.NS, APOLLOHOSP.NS, BAJFINANCE.NS, BHARTIARTL.NS, HINDUNILVR.NS, ADANIPORTS.NS","TCS.NS, SBIN.NS, AXISBANK.NS, HEROMOTOCO.NS, ASIANPAINT.NS, MARUTI.NS, INDUSINDBK.NS, EICHERMOT.NS, TITAN.NS, NESTLEIND.NS",-0.030395084667496984,-0.032345084667496984,-0.019619804508757967,0.6499999999999999,-0.03316475999166083
2022-09,"ADANIPORTS.NS, APOLLOHOSP.NS, TATASTEEL.NS, POWERGRID.NS, HINDUNILVR.NS, ITC.NS, BAJAJFINSV.NS, HINDALCO.NS, DIVISLAB.NS, JSWSTEEL.NS","HDFCLIFE.NS, ONGC.NS, NESTLEIND.NS, SUNPHARMA.NS, SHREECEM.NS, EICHERMOT.NS, BRITANNIA.NS, MARUTI.NS, TITAN.NS, BPCL.NS",0.034370474310048346,0.032420474310048346,-0.013585902082603893,0.6499999999999999,0.05519316447253527
2022-10,"JSWSTEEL.NS, HINDALCO.NS, ADANIPORTS.NS, SHREECEM.NS, DIVISLAB.NS, HINDUNILVR.NS, LT.NS, BAJFINANCE.NS, POWERGRID.NS, ITC.NS","HDFCBANK.NS, BPCL.NS, INFY.NS, DRREDDY.NS, BRITANNIA.NS, NESTLEIND.NS, HDFCLIFE.NS, MARUTI.NS, EICHERMOT.NS, AXISBANK.NS",0.03466972313652195,0.03241972313652195,-0.0029322052085089603,0.75,0.02595451794312825
2022-11,"SUNPHARMA.NS, HINDALCO.NS, HDFCLIFE.NS, NTPC.NS, ADANIPORTS.NS, COALINDIA.NS, CIPLA.NS, TATASTEEL.NS, M&M.NS, TITAN.NS","HCLTECH.NS, SBILIFE.NS, HEROMOTOCO.NS, INFY.NS, HINDUNILVR.NS, ULTRACEMCO.NS, TCS.NS, BAJAJ-AUTO.NS, JSWSTEEL.NS, BRITANNIA.NS",-0.01575535525852449,-0.018155355258524488,0.01155669166295065,0.8,-0.03605982917296386
2022-12,"HINDALCO.NS, TATASTEEL.NS, UPL.NS, APOLLOHOSP.NS, GRASIM.NS, AXISBANK.NS, DIVISLAB.NS, BHARTIARTL.NS, POWERGRID.NS, EICHERMOT.NS","SBILIFE.NS, ITC.NS, LT.NS, TITAN.NS, ULTRACEMCO.NS, BRITANNIA.NS, ADANIPORTS.NS, BAJAJ-AUTO.NS, BAJFINANCE.NS, SHREECEM.NS",-0.04633395304795872,-0.048433953047958715,-0.05842776099645323,0.7,-0.01642910403922165
2023-01,"INDUSINDBK.NS, HINDALCO.NS, BAJAJFINSV.NS, SHREECEM.NS, BAJFINANCE.NS, ONGC.NS, BHARTIARTL.NS, HDFCBANK.NS, RELIANCE.NS, TATASTEEL.NS","UPL.NS, NESTLEIND.NS, TECHM.NS, TCS.NS, BAJAJ-AUTO.NS, SUNPHARMA.NS, M&M.NS, BPCL.NS, NTPC.NS, MARUTI.NS",-0.028747170408106683,-0.031147170408106682,0.0011871707206113982,0.8,-0.033516695224209365
2023-02,"ADANIPORTS.NS, COALINDIA.NS, HINDALCO.NS, TATASTEEL.NS, JSWSTEEL.NS, SBIN.NS, ITC.NS, SUNPHARMA.NS, BAJFINANCE.NS, GRASIM.NS","ASIANPAINT.NS, EICHERMOT.NS, RELIANCE.NS, DIVISLAB.NS, DRREDDY.NS, TCS.NS, NESTLEIND.NS, TATACONSUM.NS, BAJAJ-AUTO.NS, SHREECEM.NS",0.05841570198505652,0.05616570198505652,0.0017851823268703465,0.75,0.03284191139883252
2023-03,"ADANIPORTS.NS, INDUSINDBK.NS, BAJAJFINSV.NS, TATASTEEL.NS, TCS.NS, HINDALCO.NS, BAJFINANCE.NS, ITC.NS, ONGC.NS, M&M.NS","SBILIFE.NS, TATACONSUM.NS, BPCL.NS, BAJAJ-AUTO.NS, ICICIBANK.NS, HINDUNILVR.NS, SHREECEM.NS, ULTRACEMCO.NS, DIVISLAB.NS, NESTLEIND.NS",0.0817005781428101,0.0796005781428101,0.018078700091615607,0.7,0.056353547300190855
2023-04,"ADANIPORTS.NS, INFY.NS, TECHM.NS, SBIN.NS, CIPLA.NS, M&M.NS, HINDALCO.NS, GRASIM.NS, TATASTEEL.NS, BAJAJFINSV.NS","UPL.NS, SBILIFE.NS, EICHERMOT.NS, DIVISLAB.NS, DRREDDY.NS, KOTAKBANK.NS, ULTRACEMCO.NS, NESTLEIND.NS, BRITANNIA.NS, BAJAJ-AUTO.NS",0.04461473150616352,0.04311473150616352,0.009266032402405852,0.5,0.04910511340458915
2023-05,"ADANIPORTS.NS, BAJAJFINSV.NS, HINDALCO.NS, UPL.NS, ITC.NS, DRREDDY.NS, SBIN.NS, ONGC.NS, GRASIM.NS, M&M.NS","ASIANPAINT.NS, ULTRACEMCO.NS, MARUTI.NS, TCS.NS, HINDUNILVR.NS, HDFCLIFE.NS, TECHM.NS, BAJAJ-AUTO.NS, INDUSINDBK.NS, BRITANNIA.NS",0.0565945864581497,0.054044586458149704,-0.01379488879947953,0.8500000000000001,0.053312810638751845
2023-06,"ADANIPORTS.NS, JSWSTEEL.NS, SHREECEM.NS, TATASTEEL.NS, HINDALCO.NS, BAJAJFINSV.NS, COALINDIA.NS, ONGC.NS, GRASIM.NS, SBIN.NS","POWERGRID.NS, HCLTECH.NS, HEROMOTOCO.NS, SBILIFE.NS, TATACONSUM.NS, ULTRACEMCO.NS, HDFCLIFE.NS, TECHM.NS, BRITANNIA.NS, MARUTI.NS",0.0491261857678935,0.046576185767893505,0.0523996740211603,0.8500000000000001,0.018794988787675663
2023-07,"ADANIPORTS.NS, HINDALCO.NS, UPL.NS, TITAN.NS, AXISBANK.NS, INFY.NS, HDFCLIFE.NS, BAJAJFINSV.NS, BAJFINANCE.NS, COALINDIA.NS","MARUTI.NS, APOLLOHOSP.NS, DIVISLAB.NS, RELIANCE.NS, ICICIBANK.NS, ASIANPAINT.NS, HEROMOTOCO.NS, TCS.NS, BAJAJ-AUTO.NS, CIPLA.NS",0.05499307323984417,0.05289307323984417,0.048103780650778104,0.7,0.024714410292252558
2023-08,"SBIN.NS, APOLLOHOSP.NS, ITC.NS, BAJAJFINSV.NS, HINDALCO.NS, UPL.NS, ASIANPAINT.NS, HDFCBANK.NS, INFY.NS, HEROMOTOCO.NS","M&M.NS, AXISBANK.NS, ICICIBANK.NS, TATACONSUM.NS, SBILIFE.NS, HCLTECH.NS, CIPLA.NS, WIPRO.NS, MARUTI.NS, LT.NS",0.032349650007091446,0.030549650007091447,-0.008045987127212797,0.6,0.04416201251382967
2023-09,"BPCL.NS, ITC.NS, KOTAKBANK.NS, INFY.NS, BAJAJFINSV.NS, TATASTEEL.NS, JSWSTEEL.NS, RELIANCE.NS, SBIN.NS, M&M.NS","TCS.NS, BAJAJ-AUTO.NS, WIPRO.NS, DIVISLAB.NS, SUNPHARMA.NS, INDUSINDBK.NS, TATACONSUM.NS, AXISBANK.NS, NESTLEIND.NS, MARUTI.NS",0.010121685114296779,0.008171685114296778,-0.009745998964500863,0.6499999999999999,0.01744789502645411
2023-10,"COALINDIA.NS, UPL.NS, HINDALCO.NS, TATASTEEL.NS, NTPC.NS, ADANIPORTS.NS, APOLLOHOSP.NS, JSWSTEEL.NS, AXISBANK.NS, TECHM.NS","CIPLA.NS, HCLTECH.NS, ULTRACEMCO.NS, TATACONSUM.NS, HEROMOTOCO.NS, SBILIFE.NS, SHREECEM.NS, NESTLEIND.NS, BAJAJ-AUTO.NS, MARUTI.NS",0.1670855774935541,0.1648355774935541,0.060553313261721975,0.75,0.11985943545175476
2023-11,"CIPLA.NS, COALINDIA.NS, JSWSTEEL.NS, ADANIPORTS.NS, BAJFINANCE.NS, NESTLEIND.NS, M&M.NS, ONGC.NS, MARUTI.NS, TATACONSUM.NS","HCLTECH.NS, SUNPHARMA.NS, ULTRACEMCO.NS, UPL.NS, HDFCLIFE.NS, DIVISLAB.NS, APOLLOHOSP.NS, HEROMOTOCO.NS, BAJAJ-AUTO.NS, EICHERMOT.NS",0.09423899927471217,0.09198899927471217,0.025063133489419867,0.75,0.07783578275759163
2023-12,"COALINDIA.NS, HEROMOTOCO.NS, APOLLOHOSP.NS, TECHM.NS, HINDALCO.NS, LT.NS, ONGC.NS, AXISBANK.NS, M&M.NS, POWERGRID.NS","HINDUNILVR.NS, HDFCLIFE.NS, INFY.NS, BRITANNIA.NS, ICICIBANK.NS, KOTAKBANK.NS, TCS.NS, NESTLEIND.NS, TATACONSUM.NS, ULTRACEMCO.NS",0.06711241523754384,0.06471241523754384,0.08432079873972737,0.8,0.023821196647081395
2024-01,"HDFCBANK.NS, COALINDIA.NS, INDUSINDBK.NS, BPCL.NS, NTPC.NS, ONGC.NS, AXISBANK.NS, ITC.NS, BHARTIARTL.NS, M&M.NS","BAJFINANCE.NS, DRREDDY.NS, BAJAJ-AUTO.NS, SHREECEM.NS, ICICIBANK.NS, HCLTECH.NS, RELIANCE.NS, SUNPHARMA.NS, UPL.NS, INFY.NS",0.04384050422643434,0.04174050422643434,0.03760079498970864,0.7,0.020231361037889688
2024-02,"ONGC.NS, BPCL.NS, COALINDIA.NS, POWERGRID.NS, NTPC.NS, HINDALCO.NS, TITAN.NS, LT.NS, ITC.NS, BHARTIARTL.NS","TATACONSUM.NS, RELIANCE.NS, SUNPHARMA.NS, HDFCBANK.NS, DRREDDY.NS, ICICIBANK.NS, HEROMOTOCO.NS, MARUTI.NS, TCS.NS, SBILIFE.NS",0.04210535964373373,0.04060535964373373,0.05363189321848796,0.5,0.002519793616983051
2024-03,"ONGC.NS, BPCL.NS, POWERGRID.NS, COALINDIA.NS, NTPC.NS, TATASTEEL.NS, BAJFINANCE.NS, JSWSTEEL.NS, TECHM.NS, APOLLOHOSP.NS","BHARTIARTL.NS, SUNPHARMA.NS, BRITANNIA.NS, GRASIM.NS, ICICIBANK.NS, HINDUNILVR.NS, UPL.NS, RELIANCE.NS, CIPLA.NS, MARUTI.NS",0.03234983777997048,0.030699837779970485,0.012516194847779029,0.55,0.0077346349242125535
2024-04,"BAJFINANCE.NS, COALINDIA.NS, TECHM.NS, BPCL.NS, KOTAKBANK.NS, JSWSTEEL.NS, ITC.NS, LT.NS, CIPLA.NS, TITAN.NS","HINDUNILVR.NS, ULTRACEMCO.NS, GRASIM.NS, EICHERMOT.NS, HDFCBANK.NS, ICICIBANK.NS, SBIN.NS, AXISBANK.NS, DIVISLAB.NS, MARUTI.NS",0.045472196308956374,0.043372196308956376,-0.00992958208286885,0.7,0.05431589543955362
2024-05,"COALINDIA.NS, ONGC.NS, NTPC.NS, CIPLA.NS, TITAN.NS, LT.NS, HDFCLIFE.NS, UPL.NS, ASIANPAINT.NS, BPCL.NS","KOTAKBANK.NS, TATACONSUM.NS, HINDALCO.NS, WIPRO.NS, HDFCBANK.NS, HEROMOTOCO.NS, ICICIBANK.NS, ADANIPORTS.NS, EICHERMOT.NS, DIVISLAB.NS",0.06480842594557132,0.06240842594557132,-0.026281195206007774,0.8,0.0964825032611268
2024-06,"LT.NS, ONGC.NS, COALINDIA.NS, NTPC.NS, SUNPHARMA.NS, ITC.NS, CIPLA.NS, BPCL.NS, HCLTECH.NS, WIPRO.NS","GRASIM.NS, BRITANNIA.NS, HDFCBANK.NS, AXISBANK.NS, HINDUNILVR.NS, JSWSTEEL.NS, ULTRACEMCO.NS, HINDALCO.NS, DIVISLAB.NS, RELIANCE.NS",0.09908595732712458,0.09743595732712458,0.10452514724555732,0.55,0.02699031539728439
2024-07,"WIPRO.NS, BAJAJ-AUTO.NS, TITAN.NS, ONGC.NS, COALINDIA.NS, LT.NS, CIPLA.NS, GRASIM.NS, SBIN.NS, POWERGRID.NS","ASIANPAINT.NS, INDUSINDBK.NS, TATASTEEL.NS, ADANIPORTS.NS, TECHM.NS, HINDUNILVR.NS, ULTRACEMCO.NS, HDFCLIFE.NS, SBILIFE.NS, DIVISLAB.NS",0.00728358338599395,0.0054835833859939506,-0.025061457393435432,0.6,0.02687695288651189
2024-08,"ONGC.NS, COALINDIA.NS, TITAN.NS, BAJAJ-AUTO.NS, JSWSTEEL.NS, NTPC.NS, TATASTEEL.NS, HEROMOTOCO.NS, SHREECEM.NS, AXISBANK.NS","CIPLA.NS, ICICIBANK.NS, BAJAJFINSV.NS, APOLLOHOSP.NS, TCS.NS, BRITANNIA.NS, DRREDDY.NS, SBILIFE.NS, HDFCLIFE.NS, DIVISLAB.NS",-0.0005368066803073757,-0.0026368066803073758,-0.012500720421993131,0.7,0.0025645658470157024
2024-09,"M&M.NS, COALINDIA.NS, ONGC.NS, POWERGRID.NS, HEROMOTOCO.NS, WIPRO.NS, BHARTIARTL.NS, ICICIBANK.NS, ITC.NS, SBIN.NS","BRITANNIA.NS, BPCL.NS, KOTAKBANK.NS, BAJAJFINSV.NS, ASIANPAINT.NS, APOLLOHOSP.NS, INDUSINDBK.NS, HDFCLIFE.NS, JSWSTEEL.NS, HINDALCO.NS",-0.06958019191627896,-0.07198019191627895,0.035294969860342695,0.8,-0.08724815708920575
2024-10,"INDUSINDBK.NS, ITC.NS, COALINDIA.NS, MARUTI.NS, NTPC.NS, BPCL.NS, POWERGRID.NS, TATACONSUM.NS, ONGC.NS, M&M.NS","APOLLOHOSP.NS, BAJFINANCE.NS, WIPRO.NS, BAJAJFINSV.NS, EICHERMOT.NS, HDFCBANK.NS, SUNPHARMA.NS, ICICIBANK.NS, HDFCLIFE.NS, DIVISLAB.NS",-0.023144279327802664,-0.025244279327802665,-0.038974300140786164,0.7,-0.0043592504346599975
2024-11,"ADANIPORTS.NS, BRITANNIA.NS, COALINDIA.NS, HEROMOTOCO.NS, UPL.NS, NTPC.NS, ASIANPAINT.NS, BPCL.NS, ITC.NS, TATASTEEL.NS","APOLLOHOSP.NS, BAJFINANCE.NS, HDFCBANK.NS, INDUSINDBK.NS, DIVISLAB.NS, WIPRO.NS, EICHERMOT.NS, TECHM.NS, INFY.NS, LT.NS",-0.09630270522749897,-0.09795270522749897,-0.08551751595543788,0.55,-0.03918679547136333
2024-12,"BHARTIARTL.NS, UPL.NS, GRASIM.NS, HEROMOTOCO.NS, COALINDIA.NS, ITC.NS, JSWSTEEL.NS, ONGC.NS, ADANIPORTS.NS, NTPC.NS","WIPRO.NS, NESTLEIND.NS, HDFCLIFE.NS, EICHERMOT.NS, APOLLOHOSP.NS, DRREDDY.NS, ICICIBANK.NS, ULTRACEMCO.NS, TECHM.NS, DIVISLAB.NS",0.021644162341308514,0.020294162341308514,0.017471745584460876,0.45,0.014641457734891054
2025-01,"DRREDDY.NS, HCLTECH.NS, COALINDIA.NS, ADANIPORTS.NS, HEROMOTOCO.NS, AXISBANK.NS, ITC.NS, BAJAJ-AUTO.NS, BHARTIARTL.NS, INDUSINDBK.NS","HINDUNILVR.NS, SBILIFE.NS, ASIANPAINT.NS, BAJFINANCE.NS, NESTLEIND.NS, ULTRACEMCO.NS, KOTAKBANK.NS, SHREECEM.NS, MARUTI.NS, UPL.NS",-0.05245606098365171,-0.05470606098365171,-0.03580880672302754,0.75,-0.03885119123206205
2025-02,"ADANIPORTS.NS, M&M.NS, BPCL.NS, COALINDIA.NS, LT.NS, ONGC.NS, ITC.NS, SUNPHARMA.NS, HEROMOTOCO.NS, TCS.NS","BAJAJFINSV.NS, TATASTEEL.NS, TATACONSUM.NS, HINDALCO.NS, TITAN.NS, BAJFINANCE.NS, JSWSTEEL.NS, UPL.NS, SHREECEM.NS, MARUTI.NS",0.08113253530848495,0.07858253530848495,0.018368747189290713,0.8500000000000001,0.08505460280935172
2025-03,"INDUSINDBK.NS, BAJAJ-AUTO.NS, HEROMOTOCO.NS, LT.NS, POWERGRID.NS, ADANIPORTS.NS, KOTAKBANK.NS, M&M.NS, CIPLA.NS, MARUTI.NS","GRASIM.NS, JSWSTEEL.NS, RELIANCE.NS, ULTRACEMCO.NS, ICICIBANK.NS, TATASTEEL.NS, UPL.NS, SHREECEM.NS, BAJAJFINSV.NS, HDFCLIFE.NS",0.10152666221807109,0.09942666221807109,0.05053101170622055,0.7,0.06404038525083271
2025-04,"INDUSINDBK.NS, M&M.NS, HEROMOTOCO.NS, HINDALCO.NS, ITC.NS, HCLTECH.NS, BAJAJ-AUTO.NS, MARUTI.NS, ONGC.NS, TCS.NS","BHARTIARTL.NS, BAJAJFINSV.NS, TATACONSUM.NS, RELIANCE.NS, SHREECEM.NS, GRASIM.NS, SBILIFE.NS, DIVISLAB.NS, UPL.NS, JSWSTEEL.NS",0.039006525724602586,0.03765652572460259,0.03732374869060068,0.45,0.021624686368803936
2025-05,"BAJAJ-AUTO.NS, ITC.NS, INDUSINDBK.NS, HINDALCO.NS, INFY.NS, HEROMOTOCO.NS, CIPLA.NS, GRASIM.NS, TATASTEEL.NS, COALINDIA.NS","HDFCBANK.NS, NESTLEIND.NS, UPL.NS, TATACONSUM.NS, SBILIFE.NS, BAJAJFINSV.NS, ICICIBANK.NS, HDFCLIFE.NS, RELIANCE.NS, BAJFINANCE.NS",0.015159309733759872,0.013659309733759872,0.0015262354390952523,0.5,0.022484210558227788
2025-06,"BPCL.NS, COALINDIA.NS, TATASTEEL.NS, HINDUNILVR.NS, HEROMOTOCO.NS, BAJFINANCE.NS, UPL.NS, POWERGRID.NS, EICHERMOT.NS, ONGC.NS","TCS.NS, TATACONSUM.NS, HDFCBANK.NS, RELIANCE.NS, NESTLEIND.NS, HINDALCO.NS, AXISBANK.NS, SBILIFE.NS, TITAN.NS, HDFCLIFE.NS",0.007323722004277141,0.00567372200427714,0.06089491333485967,0.55,-0.030446239912812048
2025-07,"NTPC.NS, KOTAKBANK.NS, COALINDIA.NS, BAJFINANCE.NS, INDUSINDBK.NS, HINDUNILVR.NS, ONGC.NS, TECHM.NS, WIPRO.NS, EICHERMOT.NS","SHREECEM.NS, TCS.NS, LT.NS, HDFCBANK.NS, HDFCLIFE.NS, BRITANNIA.NS, JSWSTEEL.NS, ICICIBANK.NS, ULTRACEMCO.NS, APOLLOHOSP.NS",0.045020402400939644,0.04322040240093964,0.03008380472323164,0.6,0.03407045536732469
2025-08,"BPCL.NS, SUNPHARMA.NS, ONGC.NS, SHREECEM.NS, SBIN.NS, DIVISLAB.NS, ITC.NS, HEROMOTOCO.NS, NTPC.NS, INDUSINDBK.NS","DRREDDY.NS, GRASIM.NS, ULTRACEMCO.NS, HINDUNILVR.NS, CIPLA.NS, UPL.NS, EICHERMOT.NS, ASIANPAINT.NS, MARUTI.NS, TITAN.NS",0.052223124474620394,0.049823124474620395,0.049901023837645594,0.8,0.03650672029699708
2025-09,"INFY.NS, UPL.NS, HEROMOTOCO.NS, SHREECEM.NS, HDFCBANK.NS, WIPRO.NS, BAJAJ-AUTO.NS, AXISBANK.NS, ONGC.NS, POWERGRID.NS","APOLLOHOSP.NS, TATACONSUM.NS, TATASTEEL.NS, BRITANNIA.NS, TCS.NS, JSWSTEEL.NS, EICHERMOT.NS, HINDUNILVR.NS, HINDALCO.NS, MARUTI.NS",0.036316100054539564,0.03421610005453957,0.022983656402918586,0.7,0.052442586947169106
2025-10,"INFY.NS, HDFCLIFE.NS, DRREDDY.NS, CIPLA.NS, INDUSINDBK.NS, ULTRACEMCO.NS, WIPRO.NS, HINDUNILVR.NS, TECHM.NS, SHREECEM.NS","BPCL.NS, AXISBANK.NS, SBILIFE.NS, NESTLEIND.NS, SBIN.NS, KOTAKBANK.NS, TATACONSUM.NS, JSWSTEEL.NS, TATASTEEL.NS, TITAN.NS",0.03405221075360279,0.03195221075360279,0.02228212993195982,0.7,0.01521672554795502
2025-11,"HEROMOTOCO.NS, ULTRACEMCO.NS, EICHERMOT.NS, GRASIM.NS, WIPRO.NS, BAJAJ-AUTO.NS, INFY.NS, BAJAJFINSV.NS, TECHM.NS, M&M.NS","TATASTEEL.NS, ICICIBANK.NS, ONGC.NS, UPL.NS, TITAN.NS, SUNPHARMA.NS, JSWSTEEL.NS, ADANIPORTS.NS, TATACONSUM.NS, RELIANCE.NS",0.015240015622873717,0.013440015622873717,0.005408670210062548,0.6,0.007699758587839166
2025-12,"ULTRACEMCO.NS, APOLLOHOSP.NS, HEROMOTOCO.NS, EICHERMOT.NS, SHREECEM.NS, HCLTECH.NS, SUNPHARMA.NS, BAJAJFINSV.NS, HINDUNILVR.NS, JSWSTEEL.NS","KOTAKBANK.NS, TITAN.NS, AXISBANK.NS, TATACONSUM.NS, SBIN.NS, RELIANCE.NS, SBILIFE.NS, UPL.NS, NESTLEIND.NS, HINDALCO.NS",0.02963770447254977,0.02783770447254977,0.004311186549373132,0.6,0.004880040825333617
2026-01,"ADANIPORTS.NS, CIPLA.NS, UPL.NS, COALINDIA.NS, RELIANCE.NS, ASIANPAINT.NS, BHARTIARTL.NS, M&M.NS, ONGC.NS, BAJAJFINSV.NS","TITAN.NS, INFY.NS, NTPC.NS, SBILIFE.NS, SHREECEM.NS, TCS.NS, HCLTECH.NS, TECHM.NS, HINDALCO.NS, ULTRACEMCO.NS",-0.05214576838215488,-0.05454576838215488,0.0511736186153904,0.8,-0.06014482839269242
2026-02,"UPL.NS, M&M.NS, DIVISLAB.NS, HEROMOTOCO.NS, ONGC.NS, EICHERMOT.NS, HCLTECH.NS, INFY.NS, SHREECEM.NS, ITC.NS","ICICIBANK.NS, GRASIM.NS, TITAN.NS, TATASTEEL.NS, JSWSTEEL.NS, INDUSINDBK.NS, NESTLEIND.NS, AXISBANK.NS, SBILIFE.NS, ULTRACEMCO.NS",-0.08446796075260252,-0.08671796075260252,0.02020637836397937,0.75,-0.09519509253318438
