month,long_portfolio,short_portfolio,long_return,short_return,ls_spread,nifty_return
2016-03,"['INDUSINDBK.NS', 'BAJFINANCE.NS', 'DIVISLAB.NS', 'ADANIPORTS.NS', 'NESTLEIND.NS', 'CIPLA.NS', 'EICHERMOT.NS', 'UPL.NS', 'SUNPHARMA.NS', 'BAJAJFINSV.NS']","['ITC.NS', 'WIPRO.NS', 'BPCL.NS', 'POWERGRID.NS', 'ULTRACEMCO.NS', 'COALINDIA.NS', 'GRASIM.NS', 'AXISBANK.NS', 'HEROMOTOCO.NS', 'INFY.NS']",0.04867096777424536,0.02703504897169095,0.02163591880255441,0.027751114084171892
2016-04,"['MARUTI.NS', 'SUNPHARMA.NS', 'SBIN.NS', 'ADANIPORTS.NS', 'BAJFINANCE.NS', 'BHARTIARTL.NS', 'EICHERMOT.NS', 'BAJAJFINSV.NS', 'DIVISLAB.NS', 'NESTLEIND.NS']","['ITC.NS', 'AXISBANK.NS', 'DRREDDY.NS', 'POWERGRID.NS', 'M&M.NS', 'TATASTEEL.NS', 'HCLTECH.NS', 'NTPC.NS', 'BRITANNIA.NS', 'COALINDIA.NS']",0.014337734593315688,0.04219966141322746,-0.027861926819911773,0.03881352735889965
2016-05,"['BAJFINANCE.NS', 'LT.NS', 'INDUSINDBK.NS', 'TECHM.NS', 'MARUTI.NS', 'SBIN.NS', 'HINDALCO.NS', 'NESTLEIND.NS', 'SHREECEM.NS', 'EICHERMOT.NS']","['ICICIBANK.NS', 'BPCL.NS', 'COALINDIA.NS', 'DRREDDY.NS', 'NTPC.NS', 'RELIANCE.NS', 'ITC.NS', 'BAJAJ-AUTO.NS', 'TATASTEEL.NS', 'JSWSTEEL.NS']",0.08967166331546508,0.08885864006043591,0.0008130232550291744,0.0739034093557742
2016-06,"['SHREECEM.NS', 'BAJFINANCE.NS', 'INDUSINDBK.NS', 'MARUTI.NS', 'ADANIPORTS.NS', 'JSWSTEEL.NS', 'HDFCBANK.NS', 'BRITANNIA.NS', 'UPL.NS', 'BHARTIARTL.NS']","['SUNPHARMA.NS', 'NESTLEIND.NS', 'HINDUNILVR.NS', 'AXISBANK.NS', 'POWERGRID.NS', 'RELIANCE.NS', 'TECHM.NS', 'NTPC.NS', 'TITAN.NS', 'ITC.NS']",0.14397854909312652,0.0482554273419707,0.09572312175115583,0.07806144247902785
2016-07,"['ADANIPORTS.NS', 'BAJFINANCE.NS', 'EICHERMOT.NS', 'BAJAJFINSV.NS', 'MARUTI.NS', 'SHREECEM.NS', 'DIVISLAB.NS', 'TATASTEEL.NS', 'INDUSINDBK.NS', 'ICICIBANK.NS']","['RELIANCE.NS', 'TECHM.NS', 'SUNPHARMA.NS', 'POWERGRID.NS', 'NESTLEIND.NS', 'INFY.NS', 'ITC.NS', 'TATACONSUM.NS', 'TCS.NS', 'ASIANPAINT.NS']",0.0646445289461463,-0.02755543536869055,0.09219996431483686,0.027829868968168636
2016-08,"['BAJFINANCE.NS', 'UPL.NS', 'BAJAJFINSV.NS', 'SUNPHARMA.NS', 'APOLLOHOSP.NS', 'INDUSINDBK.NS', 'AXISBANK.NS', 'EICHERMOT.NS', 'BRITANNIA.NS', 'SBIN.NS']","['COALINDIA.NS', 'JSWSTEEL.NS', 'ICICIBANK.NS', 'NTPC.NS', 'CIPLA.NS', 'TITAN.NS', 'RELIANCE.NS', 'TECHM.NS', 'ITC.NS', 'NESTLEIND.NS']",0.016161168900189142,-0.016244595676690336,0.03240576457687948,0.0048497252552174444
2016-09,"['BAJFINANCE.NS', 'ADANIPORTS.NS', 'DRREDDY.NS', 'BAJAJFINSV.NS', 'SHREECEM.NS', 'UPL.NS', 'MARUTI.NS', 'JSWSTEEL.NS', 'INDUSINDBK.NS', 'BRITANNIA.NS']","['ITC.NS', 'NTPC.NS', 'TCS.NS', 'COALINDIA.NS', 'BHARTIARTL.NS', 'POWERGRID.NS', 'TITAN.NS', 'CIPLA.NS', 'NESTLEIND.NS', 'HINDALCO.NS']",-0.08050508609443864,-0.03738810314815831,-0.04311698294628033,-0.06212920469914317
2016-10,"['BAJAJFINSV.NS', 'HINDALCO.NS', 'BAJFINANCE.NS', 'AXISBANK.NS', 'INFY.NS', 'UPL.NS', 'ASIANPAINT.NS', 'WIPRO.NS', 'INDUSINDBK.NS', 'SHREECEM.NS']","['ICICIBANK.NS', 'SBIN.NS', 'ITC.NS', 'BHARTIARTL.NS', 'TCS.NS', 'M&M.NS', 'NTPC.NS', 'NESTLEIND.NS', 'DIVISLAB.NS', 'ONGC.NS']",-0.06261233977837957,-0.019903070868074423,-0.042709268910305145,-0.04738134087789096
2016-11,"['BAJAJFINSV.NS', 'APOLLOHOSP.NS', 'BRITANNIA.NS', 'KOTAKBANK.NS', 'SHREECEM.NS', 'AXISBANK.NS', 'ADANIPORTS.NS', 'HINDALCO.NS', 'UPL.NS', 'EICHERMOT.NS']","['HEROMOTOCO.NS', 'ITC.NS', 'WIPRO.NS', 'HCLTECH.NS', 'TECHM.NS', 'SUNPHARMA.NS', 'COALINDIA.NS', 'POWERGRID.NS', 'NTPC.NS', 'ONGC.NS']",0.00910045113902586,0.003958817716252631,0.005141633422773228,0.011307394585830128
2016-12,"['DIVISLAB.NS', 'SHREECEM.NS', 'BAJAJFINSV.NS', 'HINDALCO.NS', 'TITAN.NS', 'UPL.NS', 'INDUSINDBK.NS', 'MARUTI.NS', 'EICHERMOT.NS', 'APOLLOHOSP.NS']","['ASIANPAINT.NS', 'M&M.NS', 'ITC.NS', 'TCS.NS', 'AXISBANK.NS', 'ICICIBANK.NS', 'NTPC.NS', 'POWERGRID.NS', 'RELIANCE.NS', 'HCLTECH.NS']",0.13979387604088234,0.06492211183340836,0.07487176420747398,0.09639725514595693
2017-01,"['DIVISLAB.NS', 'TITAN.NS', 'SHREECEM.NS', 'ADANIPORTS.NS', 'BAJAJFINSV.NS', 'BAJFINANCE.NS', 'KOTAKBANK.NS', 'UPL.NS', 'BPCL.NS', 'EICHERMOT.NS']","['TCS.NS', 'MARUTI.NS', 'POWERGRID.NS', 'NESTLEIND.NS', 'RELIANCE.NS', 'COALINDIA.NS', 'HCLTECH.NS', 'NTPC.NS', 'ONGC.NS', 'ITC.NS']",0.10587648959057176,0.04278025446535784,0.06309623512521392,0.07058185897362441
2017-02,"['BAJFINANCE.NS', 'DIVISLAB.NS', 'SHREECEM.NS', 'MARUTI.NS', 'HINDALCO.NS', 'ASIANPAINT.NS', 'LT.NS', 'BRITANNIA.NS', 'JSWSTEEL.NS', 'SUNPHARMA.NS']","['CIPLA.NS', 'KOTAKBANK.NS', 'HINDUNILVR.NS', 'M&M.NS', 'ICICIBANK.NS', 'TCS.NS', 'ITC.NS', 'ONGC.NS', 'HCLTECH.NS', 'TATACONSUM.NS']",0.04133182851061446,0.01685183091549544,0.02447999759511902,0.026559231565686233
2017-03,"['BAJFINANCE.NS', 'BAJAJFINSV.NS', 'SHREECEM.NS', 'MARUTI.NS', 'HINDALCO.NS', 'TATASTEEL.NS', 'GRASIM.NS', 'SUNPHARMA.NS', 'RELIANCE.NS', 'DRREDDY.NS']","['ADANIPORTS.NS', 'COALINDIA.NS', 'NESTLEIND.NS', 'ONGC.NS', 'M&M.NS', 'TECHM.NS', 'UPL.NS', 'HCLTECH.NS', 'WIPRO.NS', 'DIVISLAB.NS']",0.06560711485462334,0.006113272295649423,0.059493842558973914,0.04991115938728706
2017-04,"['BAJFINANCE.NS', 'BAJAJFINSV.NS', 'ONGC.NS', 'MARUTI.NS', 'HCLTECH.NS', 'EICHERMOT.NS', 'BPCL.NS', 'TATASTEEL.NS', 'TATACONSUM.NS', 'SHREECEM.NS']","['AXISBANK.NS', 'KOTAKBANK.NS', 'ITC.NS', 'SUNPHARMA.NS', 'NESTLEIND.NS', 'BHARTIARTL.NS', 'COALINDIA.NS', 'CIPLA.NS', 'LT.NS', 'DIVISLAB.NS']",0.02552599752759992,1.4180116169928286e-05,0.025511817411429993,0.026908187392228798
2017-05,"['BAJFINANCE.NS', 'HINDALCO.NS', 'BPCL.NS', 'ULTRACEMCO.NS', 'DIVISLAB.NS', 'ADANIPORTS.NS', 'JSWSTEEL.NS', 'APOLLOHOSP.NS', 'TATASTEEL.NS', 'INDUSINDBK.NS']","['WIPRO.NS', 'BHARTIARTL.NS', 'HCLTECH.NS', 'TCS.NS', 'RELIANCE.NS', 'HEROMOTOCO.NS', 'LT.NS', 'CIPLA.NS', 'ITC.NS', 'HINDUNILVR.NS']",0.07572772236808215,0.0435470337011085,0.03218068866697364,0.043131907757117775
2017-06,"['TECHM.NS', 'SUNPHARMA.NS', 'BAJFINANCE.NS', 'HINDALCO.NS', 'COALINDIA.NS', 'TATASTEEL.NS', 'MARUTI.NS', 'SBIN.NS', 'LT.NS', 'GRASIM.NS']","['TCS.NS', 'HDFCBANK.NS', 'ULTRACEMCO.NS', 'HINDUNILVR.NS', 'HCLTECH.NS', 'KOTAKBANK.NS', 'DRREDDY.NS', 'ICICIBANK.NS', 'POWERGRID.NS', 'ITC.NS']",0.055360042724634476,-0.009117419113033898,0.06447746183766838,0.04319178266430648
2017-07,"['MARUTI.NS', 'BAJAJFINSV.NS', 'BAJFINANCE.NS', 'DIVISLAB.NS', 'SHREECEM.NS', 'INDUSINDBK.NS', 'GRASIM.NS', 'HEROMOTOCO.NS', 'ADANIPORTS.NS', 'JSWSTEEL.NS']","['INFY.NS', 'HCLTECH.NS', 'NTPC.NS', 'TATASTEEL.NS', 'HINDUNILVR.NS', 'DRREDDY.NS', 'BPCL.NS', 'RELIANCE.NS', 'BHARTIARTL.NS', 'ONGC.NS']",0.10284186941207349,0.012780516241775008,0.09006135317029848,0.03760352896014248
2017-08,"['BAJFINANCE.NS', 'BAJAJFINSV.NS', 'SUNPHARMA.NS', 'MARUTI.NS', 'JSWSTEEL.NS', 'M&M.NS', 'HINDALCO.NS', 'ASIANPAINT.NS', 'INDUSINDBK.NS', 'SHREECEM.NS']","['AXISBANK.NS', 'HDFCBANK.NS', 'DRREDDY.NS', 'ULTRACEMCO.NS', 'ADANIPORTS.NS', 'LT.NS', 'TECHM.NS', 'CIPLA.NS', 'NESTLEIND.NS', 'BHARTIARTL.NS']",0.04407577847776743,0.04946731643826152,-0.005391537960494089,0.03890919417358605
2017-09,"['BAJFINANCE.NS', 'BAJAJFINSV.NS', 'ASIANPAINT.NS', 'JSWSTEEL.NS', 'DIVISLAB.NS', 'RELIANCE.NS', 'BPCL.NS', 'TATASTEEL.NS', 'TITAN.NS', 'TATACONSUM.NS']","['SBIN.NS', 'INFY.NS', 'ONGC.NS', 'SHREECEM.NS', 'BHARTIARTL.NS', 'M&M.NS', 'HINDUNILVR.NS', 'HCLTECH.NS', 'NESTLEIND.NS', 'TECHM.NS']",0.08853114748305305,0.10596318409677301,-0.01743203661371996,0.06272486628166032
2017-10,"['BAJFINANCE.NS', 'BAJAJFINSV.NS', 'SBIN.NS', 'TATASTEEL.NS', 'JSWSTEEL.NS', 'HINDUNILVR.NS', 'ULTRACEMCO.NS', 'MARUTI.NS', 'SHREECEM.NS', 'GRASIM.NS']","['BAJAJ-AUTO.NS', 'ITC.NS', 'APOLLOHOSP.NS', 'COALINDIA.NS', 'DIVISLAB.NS', 'POWERGRID.NS', 'WIPRO.NS', 'HCLTECH.NS', 'UPL.NS', 'TECHM.NS']",-0.008669690826683302,0.014195273081250171,-0.022864963907933473,0.004518534577474025
2017-11,"['TITAN.NS', 'DIVISLAB.NS', 'TATACONSUM.NS', 'BAJFINANCE.NS', 'SBIN.NS', 'BAJAJFINSV.NS', 'MARUTI.NS', 'DRREDDY.NS', 'BPCL.NS', 'TATASTEEL.NS']","['TCS.NS', 'ASIANPAINT.NS', 'ONGC.NS', 'INFY.NS', 'HCLTECH.NS', 'NTPC.NS', 'BAJAJ-AUTO.NS', 'NESTLEIND.NS', 'COALINDIA.NS', 'APOLLOHOSP.NS']",0.04809592336774919,0.05121369530841806,-0.0031177719406688675,0.049190279067096464
2017-12,"['TATACONSUM.NS', 'DIVISLAB.NS', 'TITAN.NS', 'BAJFINANCE.NS', 'SUNPHARMA.NS', 'APOLLOHOSP.NS', 'SHREECEM.NS', 'RELIANCE.NS', 'ULTRACEMCO.NS', 'BRITANNIA.NS']","['BAJAJ-AUTO.NS', 'SBIN.NS', 'M&M.NS', 'EICHERMOT.NS', 'ASIANPAINT.NS', 'POWERGRID.NS', 'TCS.NS', 'WIPRO.NS', 'AXISBANK.NS', 'TECHM.NS']",-0.03708829376993132,-0.002284974936192172,-0.03480331883373915,-0.013171674882177133
2018-01,"['TATACONSUM.NS', 'APOLLOHOSP.NS', 'TITAN.NS', 'JSWSTEEL.NS', 'DIVISLAB.NS', 'GRASIM.NS', 'DRREDDY.NS', 'TATASTEEL.NS', 'UPL.NS', 'ONGC.NS']","['NTPC.NS', 'ICICIBANK.NS', 'CIPLA.NS', 'KOTAKBANK.NS', 'LT.NS', 'BPCL.NS', 'TECHM.NS', 'HCLTECH.NS', 'INFY.NS', 'TCS.NS']",-0.04879714086610504,-0.0491592061322413,0.00036206526613626056,-0.049574301770367785
2018-02,"['BAJFINANCE.NS', 'TITAN.NS', 'MARUTI.NS', 'TATASTEEL.NS', 'BAJAJFINSV.NS', 'EICHERMOT.NS', 'TATACONSUM.NS', 'SHREECEM.NS', 'ASIANPAINT.NS', 'DIVISLAB.NS']","['ONGC.NS', 'LT.NS', 'KOTAKBANK.NS', 'TECHM.NS', 'TCS.NS', 'BRITANNIA.NS', 'SUNPHARMA.NS', 'COALINDIA.NS', 'NESTLEIND.NS', 'INFY.NS']",0.07511079981148469,0.03379995635439848,0.04131084345708621,0.01970048087999154
2018-03,"['TATASTEEL.NS', 'TATACONSUM.NS', 'TITAN.NS', 'SHREECEM.NS', 'BAJAJ-AUTO.NS', 'EICHERMOT.NS', 'JSWSTEEL.NS', 'GRASIM.NS', 'MARUTI.NS', 'HINDALCO.NS']","['COALINDIA.NS', 'DIVISLAB.NS', 'AXISBANK.NS', 'NTPC.NS', 'TCS.NS', 'ICICIBANK.NS', 'CIPLA.NS', 'HCLTECH.NS', 'SUNPHARMA.NS', 'NESTLEIND.NS']",0.04420387429139407,0.05823114893533686,-0.014027274643942787,0.05595792635071558
2018-04,"['TITAN.NS', 'HINDALCO.NS', 'TATACONSUM.NS', 'BPCL.NS', 'BAJFINANCE.NS', 'JSWSTEEL.NS', 'POWERGRID.NS', 'LT.NS', 'TATASTEEL.NS', 'MARUTI.NS']","['TCS.NS', 'INDUSINDBK.NS', 'COALINDIA.NS', 'UPL.NS', 'WIPRO.NS', 'DRREDDY.NS', 'INFY.NS', 'ONGC.NS', 'M&M.NS', 'NESTLEIND.NS']",0.006086524528947291,0.008000141369733848,-0.0019136168407865575,0.001660216552271592
2018-05,"['TITAN.NS', 'TATASTEEL.NS', 'JSWSTEEL.NS', 'BAJFINANCE.NS', 'HINDALCO.NS', 'BPCL.NS', 'RELIANCE.NS', 'TATACONSUM.NS', 'MARUTI.NS', 'LT.NS']","['DIVISLAB.NS', 'HDFCBANK.NS', 'NTPC.NS', 'KOTAKBANK.NS', 'TCS.NS', 'SHREECEM.NS', 'HCLTECH.NS', 'COALINDIA.NS', 'INFY.NS', 'SBIN.NS']",0.008680383808980344,0.02283363087076128,-0.014153247061780935,0.015806357251170338
2018-06,"['BAJAJFINSV.NS', 'HINDALCO.NS', 'MARUTI.NS', 'JSWSTEEL.NS', 'TATASTEEL.NS', 'HEROMOTOCO.NS', 'BAJFINANCE.NS', 'TITAN.NS', 'BPCL.NS', 'DIVISLAB.NS']","['CIPLA.NS', 'SBIN.NS', 'LT.NS', 'HCLTECH.NS', 'BHARTIARTL.NS', 'TCS.NS', 'NTPC.NS', 'ULTRACEMCO.NS', 'INFY.NS', 'APOLLOHOSP.NS']",0.07065778065472769,0.03486049936828363,0.03579728128644406,0.05144235066671429
2018-07,"['JSWSTEEL.NS', 'BAJFINANCE.NS', 'UPL.NS', 'BAJAJFINSV.NS', 'BPCL.NS', 'MARUTI.NS', 'TCS.NS', 'HINDALCO.NS', 'INDUSINDBK.NS', 'HEROMOTOCO.NS']","['INFY.NS', 'BHARTIARTL.NS', 'CIPLA.NS', 'COALINDIA.NS', 'GRASIM.NS', 'ONGC.NS', 'ADANIPORTS.NS', 'DIVISLAB.NS', 'SUNPHARMA.NS', 'TECHM.NS']",0.03131821082632893,0.0658452467731316,-0.03452703594680267,0.045823698344993016
2018-08,"['BPCL.NS', 'BAJFINANCE.NS', 'BAJAJFINSV.NS', 'JSWSTEEL.NS', 'UPL.NS', 'TATASTEEL.NS', 'MARUTI.NS', 'EICHERMOT.NS', 'TATACONSUM.NS', 'INDUSINDBK.NS']","['ITC.NS', 'HDFCBANK.NS', 'INFY.NS', 'ULTRACEMCO.NS', 'TCS.NS', 'WIPRO.NS', 'COALINDIA.NS', 'DRREDDY.NS', 'ONGC.NS', 'CIPLA.NS']",-0.1450424352670186,-0.045194999523716334,-0.09984743574330227,-0.10197246995370846
2018-09,"['JSWSTEEL.NS', 'TATASTEEL.NS', 'BAJFINANCE.NS', 'TITAN.NS', 'HEROMOTOCO.NS', 'MARUTI.NS', 'BAJAJ-AUTO.NS', 'LT.NS', 'SBIN.NS', 'HINDALCO.NS']","['SUNPHARMA.NS', 'ULTRACEMCO.NS', 'INDUSINDBK.NS', 'HINDUNILVR.NS', 'INFY.NS', 'AXISBANK.NS', 'DRREDDY.NS', 'RELIANCE.NS', 'HCLTECH.NS', 'CIPLA.NS']",0.01945344232868843,-0.07753935668393083,0.09699279901261926,-0.02434058374820182
2018-10,"['BAJFINANCE.NS', 'JSWSTEEL.NS', 'HINDALCO.NS', 'TATASTEEL.NS', 'TITAN.NS', 'EICHERMOT.NS', 'MARUTI.NS', 'NTPC.NS', 'RELIANCE.NS', 'DIVISLAB.NS']","['ITC.NS', 'HCLTECH.NS', 'SUNPHARMA.NS', 'WIPRO.NS', 'SBIN.NS', 'TECHM.NS', 'BAJAJ-AUTO.NS', 'INFY.NS', 'CIPLA.NS', 'ICICIBANK.NS']",0.013037664350380871,-0.03592736989118781,0.048965034241568686,0.04470207677727112
2018-11,"['BAJFINANCE.NS', 'BAJAJFINSV.NS', 'HINDALCO.NS', 'INDUSINDBK.NS', 'SUNPHARMA.NS', 'NTPC.NS', 'EICHERMOT.NS', 'TITAN.NS', 'TECHM.NS', 'TATACONSUM.NS']","['COALINDIA.NS', 'BAJAJ-AUTO.NS', 'HEROMOTOCO.NS', 'AXISBANK.NS', 'TCS.NS', 'TATASTEEL.NS', 'INFY.NS', 'ITC.NS', 'ONGC.NS', 'SHREECEM.NS']",-0.031395371075991295,-0.019993021355074397,-0.011402349720916898,-0.01676187361277861
2018-12,"['BAJFINANCE.NS', 'MARUTI.NS', 'HEROMOTOCO.NS', 'BHARTIARTL.NS', 'TITAN.NS', 'BPCL.NS', 'RELIANCE.NS', 'INDUSINDBK.NS', 'HINDUNILVR.NS', 'HCLTECH.NS']","['ONGC.NS', 'WIPRO.NS', 'APOLLOHOSP.NS', 'ULTRACEMCO.NS', 'LT.NS', 'SHREECEM.NS', 'JSWSTEEL.NS', 'HDFCBANK.NS', 'CIPLA.NS', 'SUNPHARMA.NS']",0.014358386824605959,-0.0494058590070108,0.06376424583161676,-0.020511882559838365
2019-01,"['BAJAJFINSV.NS', 'BAJFINANCE.NS', 'BHARTIARTL.NS', 'LT.NS', 'JSWSTEEL.NS', 'BAJAJ-AUTO.NS', 'WIPRO.NS', 'M&M.NS', 'POWERGRID.NS', 'HDFCBANK.NS']","['TITAN.NS', 'HCLTECH.NS', 'HINDALCO.NS', 'ASIANPAINT.NS', 'TCS.NS', 'ONGC.NS', 'SHREECEM.NS', 'SUNPHARMA.NS', 'TECHM.NS', 'CIPLA.NS']",0.07604185010749612,0.05736509295184398,0.01867675715565214,0.06316405460995868
2019-02,"['BAJFINANCE.NS', 'BAJAJFINSV.NS', 'HINDUNILVR.NS', 'JSWSTEEL.NS', 'DRREDDY.NS', 'HDFCBANK.NS', 'TITAN.NS', 'MARUTI.NS', 'M&M.NS', 'KOTAKBANK.NS']","['HINDALCO.NS', 'BPCL.NS', 'HCLTECH.NS', 'LT.NS', 'NTPC.NS', 'BHARTIARTL.NS', 'GRASIM.NS', 'CIPLA.NS', 'SHREECEM.NS', 'SUNPHARMA.NS']",0.09326742498238372,0.0906884097372254,0.0025790152451583143,0.0885019672340586
2019-03,"['TATASTEEL.NS', 'ONGC.NS', 'BPCL.NS', 'BAJAJFINSV.NS', 'NESTLEIND.NS', 'MARUTI.NS', 'TCS.NS', 'DIVISLAB.NS', 'BRITANNIA.NS', 'TATACONSUM.NS']","['LT.NS', 'UPL.NS', 'ULTRACEMCO.NS', 'SBIN.NS', 'SUNPHARMA.NS', 'TECHM.NS', 'ITC.NS', 'GRASIM.NS', 'AXISBANK.NS', 'APOLLOHOSP.NS']",-0.0001544692448696622,-0.008767599152485688,0.008613129907616026,-0.00919286707045328
2019-04,"['BPCL.NS', 'BAJFINANCE.NS', 'TATACONSUM.NS', 'TATASTEEL.NS', 'EICHERMOT.NS', 'BAJAJFINSV.NS', 'DIVISLAB.NS', 'AXISBANK.NS', 'MARUTI.NS', 'ADANIPORTS.NS']","['M&M.NS', 'HCLTECH.NS', 'ULTRACEMCO.NS', 'DRREDDY.NS', 'APOLLOHOSP.NS', 'WIPRO.NS', 'NESTLEIND.NS', 'COALINDIA.NS', 'CIPLA.NS', 'TCS.NS']",0.044389854528658665,0.001242222973401957,0.04314763155525671,0.017745677792411162
2019-05,"['TITAN.NS', 'BAJAJFINSV.NS', 'TATACONSUM.NS', 'TCS.NS', 'WIPRO.NS', 'MARUTI.NS', 'JSWSTEEL.NS', 'HEROMOTOCO.NS', 'BAJFINANCE.NS', 'ADANIPORTS.NS']","['CIPLA.NS', 'UPL.NS', 'COALINDIA.NS', 'ONGC.NS', 'NESTLEIND.NS', 'TECHM.NS', 'INDUSINDBK.NS', 'BHARTIARTL.NS', 'SBIN.NS', 'LT.NS']",-0.04256414344928854,-0.049670426769192685,0.007106283319904143,-0.027603759912222477
2019-06,"['BAJAJFINSV.NS', 'BAJFINANCE.NS', 'INDUSINDBK.NS', 'TATACONSUM.NS', 'EICHERMOT.NS', 'ADANIPORTS.NS', 'MARUTI.NS', 'KOTAKBANK.NS', 'TITAN.NS', 'AXISBANK.NS']","['HDFCBANK.NS', 'DRREDDY.NS', 'TECHM.NS', 'GRASIM.NS', 'TATASTEEL.NS', 'CIPLA.NS', 'BHARTIARTL.NS', 'HINDALCO.NS', 'POWERGRID.NS', 'M&M.NS']",-0.07601696649686515,-0.08136969397025107,0.005352727473385915,-0.06157960713687418
2019-07,"['BAJAJFINSV.NS', 'DIVISLAB.NS', 'BAJFINANCE.NS', 'AXISBANK.NS', 'EICHERMOT.NS', 'MARUTI.NS', 'SBIN.NS', 'ADANIPORTS.NS', 'HDFCBANK.NS', 'UPL.NS']","['ICICIBANK.NS', 'BHARTIARTL.NS', 'LT.NS', 'BAJAJ-AUTO.NS', 'INFY.NS', 'APOLLOHOSP.NS', 'POWERGRID.NS', 'WIPRO.NS', 'BPCL.NS', 'SUNPHARMA.NS']",-0.01626873017550284,0.006524843325348359,-0.0227935735008512,-0.011131901841812243
2019-08,"['BAJFINANCE.NS', 'TITAN.NS', 'BAJAJFINSV.NS', 'NESTLEIND.NS', 'HDFCBANK.NS', 'ITC.NS', 'BRITANNIA.NS', 'SBIN.NS', 'ULTRACEMCO.NS', 'JSWSTEEL.NS']","['GRASIM.NS', 'ASIANPAINT.NS', 'HEROMOTOCO.NS', 'TCS.NS', 'TECHM.NS', 'INFY.NS', 'APOLLOHOSP.NS', 'SUNPHARMA.NS', 'BHARTIARTL.NS', 'MARUTI.NS']",0.10277548291097016,0.02277446857728791,0.08000101433368226,0.06469276928177602
2019-09,"['TITAN.NS', 'POWERGRID.NS', 'M&M.NS', 'SBILIFE.NS', 'TECHM.NS', 'BAJAJFINSV.NS', 'JSWSTEEL.NS', 'APOLLOHOSP.NS', 'UPL.NS', 'INFY.NS']","['LT.NS', 'INDUSINDBK.NS', 'CIPLA.NS', 'TATACONSUM.NS', 'BHARTIARTL.NS', 'HINDALCO.NS', 'SBIN.NS', 'BAJAJ-AUTO.NS', 'ULTRACEMCO.NS', 'SUNPHARMA.NS']",0.0047949688937944015,0.042291967635864215,-0.03749699874206981,0.03158661489390182
2019-10,"['BAJFINANCE.NS', 'TATACONSUM.NS', 'BAJAJFINSV.NS', 'HDFCBANK.NS', 'JSWSTEEL.NS', 'ICICIBANK.NS', 'INDUSINDBK.NS', 'APOLLOHOSP.NS', 'EICHERMOT.NS', 'BRITANNIA.NS']","['GRASIM.NS', 'NTPC.NS', 'COALINDIA.NS', 'ASIANPAINT.NS', 'HINDALCO.NS', 'BAJAJ-AUTO.NS', 'HCLTECH.NS', 'UPL.NS', 'SUNPHARMA.NS', 'SBIN.NS']",0.052422676171303764,-0.0019160785712931297,0.0543387547425969,-0.003131533924763128
2019-11,"['TITAN.NS', 'BAJFINANCE.NS', 'KOTAKBANK.NS', 'GRASIM.NS', 'BRITANNIA.NS', 'HINDUNILVR.NS', 'HDFCLIFE.NS', 'BAJAJ-AUTO.NS', 'TATASTEEL.NS', 'ASIANPAINT.NS']","['HEROMOTOCO.NS', 'HINDALCO.NS', 'SBIN.NS', 'ULTRACEMCO.NS', 'INDUSINDBK.NS', 'APOLLOHOSP.NS', 'SBILIFE.NS', 'ADANIPORTS.NS', 'BPCL.NS', 'JSWSTEEL.NS']",0.029567453889786387,0.00932435676068993,0.020243097129096457,0.024467716648444094
2019-12,"['TITAN.NS', 'KOTAKBANK.NS', 'TATASTEEL.NS', 'ADANIPORTS.NS', 'SBILIFE.NS', 'ULTRACEMCO.NS', 'INFY.NS', 'WIPRO.NS', 'DIVISLAB.NS', 'LT.NS']","['JSWSTEEL.NS', 'SBIN.NS', 'EICHERMOT.NS', 'HCLTECH.NS', 'BHARTIARTL.NS', 'ONGC.NS', 'HEROMOTOCO.NS', 'CIPLA.NS', 'MARUTI.NS', 'BPCL.NS']",0.030780157000884996,-0.017841407294991098,0.048621564295876094,0.01365849363359084
2020-01,"['TITAN.NS', 'KOTAKBANK.NS', 'BAJAJFINSV.NS', 'SHREECEM.NS', 'RELIANCE.NS', 'COALINDIA.NS', 'HDFCBANK.NS', 'EICHERMOT.NS', 'INDUSINDBK.NS', 'ASIANPAINT.NS']","['INFY.NS', 'ITC.NS', 'APOLLOHOSP.NS', 'CIPLA.NS', 'GRASIM.NS', 'DRREDDY.NS', 'BPCL.NS', 'M&M.NS', 'LT.NS', 'HCLTECH.NS']",-0.1520340637423056,-0.16829360502816912,0.016259541285863516,-0.16252939863756308
2020-02,"['M&M.NS', 'BRITANNIA.NS', 'EICHERMOT.NS', 'SUNPHARMA.NS', 'TITAN.NS', 'HINDALCO.NS', 'HINDUNILVR.NS', 'RELIANCE.NS', 'ASIANPAINT.NS', 'HEROMOTOCO.NS']","['DRREDDY.NS', 'NTPC.NS', 'POWERGRID.NS', 'MARUTI.NS', 'CIPLA.NS', 'BHARTIARTL.NS', 'BPCL.NS', 'COALINDIA.NS', 'KOTAKBANK.NS', 'ITC.NS']",-0.06474209903134312,-0.02342116055099481,-0.04132093848034831,-0.08041078776362878
2020-03,"['DIVISLAB.NS', 'TITAN.NS', 'AXISBANK.NS', 'APOLLOHOSP.NS', 'KOTAKBANK.NS', 'BRITANNIA.NS', 'ICICIBANK.NS', 'BAJFINANCE.NS', 'SHREECEM.NS', 'ADANIPORTS.NS']","['TCS.NS', 'BHARTIARTL.NS', 'SBILIFE.NS', 'NESTLEIND.NS', 'WIPRO.NS', 'JSWSTEEL.NS', 'COALINDIA.NS', 'TATACONSUM.NS', 'BPCL.NS', 'ONGC.NS']",0.02764258167891408,0.09053619441924696,-0.06289361274033288,0.07903240386576653
2020-04,"['BAJFINANCE.NS', 'BAJAJFINSV.NS', 'TITAN.NS', 'SBIN.NS', 'BRITANNIA.NS', 'TECHM.NS', 'AXISBANK.NS', 'APOLLOHOSP.NS', 'SHREECEM.NS', 'M&M.NS']","['BHARTIARTL.NS', 'BAJAJ-AUTO.NS', 'CIPLA.NS', 'TCS.NS', 'EICHERMOT.NS', 'BPCL.NS', 'INFY.NS', 'NESTLEIND.NS', 'HCLTECH.NS', 'ONGC.NS']",0.024949629222080744,0.03195473490254532,-0.007005105680464578,0.02624483667229857
2020-05,"['BAJAJFINSV.NS', 'ICICIBANK.NS', 'AXISBANK.NS', 'HDFCLIFE.NS', 'TECHM.NS', 'SBIN.NS', 'TITAN.NS', 'SHREECEM.NS', 'SBILIFE.NS', 'APOLLOHOSP.NS']","['CIPLA.NS', 'NTPC.NS', 'TATACONSUM.NS', 'MARUTI.NS', 'NESTLEIND.NS', 'ONGC.NS', 'HEROMOTOCO.NS', 'ULTRACEMCO.NS', 'BPCL.NS', 'ITC.NS']",0.11945764414966538,0.03345103721750002,0.08600660693216536,0.08868301809929331
2020-06,"['HDFCLIFE.NS', 'ASIANPAINT.NS', 'BAJAJFINSV.NS', 'AXISBANK.NS', 'HINDUNILVR.NS', 'BRITANNIA.NS', 'SBILIFE.NS', 'BHARTIARTL.NS', 'TECHM.NS', 'SBIN.NS']","['HDFCBANK.NS', 'INFY.NS', 'SUNPHARMA.NS', 'HEROMOTOCO.NS', 'MARUTI.NS', 'NESTLEIND.NS', 'LT.NS', 'ONGC.NS', 'UPL.NS', 'GRASIM.NS']",0.08687184646770044,0.07483407331759243,0.012037773150108011,0.11312846695387242
2020-07,"['BAJFINANCE.NS', 'BAJAJFINSV.NS', 'AXISBANK.NS', 'HDFCLIFE.NS', 'ADANIPORTS.NS', 'NESTLEIND.NS', 'ICICIBANK.NS', 'HINDALCO.NS', 'SBILIFE.NS', 'NTPC.NS']","['ITC.NS', 'TCS.NS', 'ONGC.NS', 'MARUTI.NS', 'GRASIM.NS', 'HEROMOTOCO.NS', 'EICHERMOT.NS', 'INFY.NS', 'ULTRACEMCO.NS', 'POWERGRID.NS']",0.03365623759430893,0.03255916674476638,0.001097070849542546,0.04208917643195067
2020-08,"['HINDUNILVR.NS', 'BAJFINANCE.NS', 'SHREECEM.NS', 'SBILIFE.NS', 'NESTLEIND.NS', 'SBIN.NS', 'HINDALCO.NS', 'BAJAJFINSV.NS', 'TITAN.NS', 'TCS.NS']","['MARUTI.NS', 'ITC.NS', 'POWERGRID.NS', 'GRASIM.NS', 'DIVISLAB.NS', 'HDFCBANK.NS', 'BPCL.NS', 'HEROMOTOCO.NS', 'UPL.NS', 'ONGC.NS']",0.0061145340086739604,-0.01971938653318256,0.02583392054185652,0.021036632980354977
2020-09,"['BHARTIARTL.NS', 'SHREECEM.NS', 'HINDUNILVR.NS', 'JSWSTEEL.NS', 'NESTLEIND.NS', 'BAJFINANCE.NS', 'SBILIFE.NS', 'APOLLOHOSP.NS', 'HDFCLIFE.NS', 'DIVISLAB.NS']","['WIPRO.NS', 'HEROMOTOCO.NS', 'COALINDIA.NS', 'TECHM.NS', 'GRASIM.NS', 'CIPLA.NS', 'ITC.NS', 'BPCL.NS', 'ULTRACEMCO.NS', 'TATASTEEL.NS']",0.11815582216512768,0.08991076043941529,0.028245061725712395,0.09982544977810738
2020-10,"['BAJFINANCE.NS', 'DIVISLAB.NS', 'INDUSINDBK.NS', 'NESTLEIND.NS', 'HCLTECH.NS', 'TECHM.NS', 'TITAN.NS', 'BAJAJ-AUTO.NS', 'DRREDDY.NS', 'SBILIFE.NS']","['HEROMOTOCO.NS', 'APOLLOHOSP.NS', 'ULTRACEMCO.NS', 'KOTAKBANK.NS', 'COALINDIA.NS', 'LT.NS', 'HINDALCO.NS', 'ONGC.NS', 'BPCL.NS', 'NTPC.NS']",0.14623784054897476,0.1971260038219103,-0.05088816327293555,0.16130628800776356
2020-11,"['INDUSINDBK.NS', 'TECHM.NS', 'SHREECEM.NS', 'BAJFINANCE.NS', 'TATASTEEL.NS', 'ICICIBANK.NS', 'NESTLEIND.NS', 'RELIANCE.NS', 'TCS.NS', 'WIPRO.NS']","['AXISBANK.NS', 'HEROMOTOCO.NS', 'POWERGRID.NS', 'HDFCBANK.NS', 'APOLLOHOSP.NS', 'ONGC.NS', 'EICHERMOT.NS', 'LT.NS', 'COALINDIA.NS', 'CIPLA.NS']",0.1292719102847974,0.13102084746276862,-0.001748937177971227,0.13635345320109798
2020-12,"['RELIANCE.NS', 'BAJAJFINSV.NS', 'HINDUNILVR.NS', 'UPL.NS', 'KOTAKBANK.NS', 'TATACONSUM.NS', 'AXISBANK.NS', 'ONGC.NS', 'BAJFINANCE.NS', 'BRITANNIA.NS']","['ITC.NS', 'POWERGRID.NS', 'INFY.NS', 'NTPC.NS', 'HCLTECH.NS', 'CIPLA.NS', 'WIPRO.NS', 'GRASIM.NS', 'MARUTI.NS', 'APOLLOHOSP.NS']",0.053649304669561935,0.07618327460414583,-0.02253396993458389,0.08289934599043101
2021-01,"['BAJAJFINSV.NS', 'SHREECEM.NS', 'TECHM.NS', 'ICICIBANK.NS', 'KOTAKBANK.NS', 'BAJFINANCE.NS', 'M&M.NS', 'TATASTEEL.NS', 'WIPRO.NS', 'HCLTECH.NS']","['HEROMOTOCO.NS', 'POWERGRID.NS', 'GRASIM.NS', 'SBIN.NS', 'ADANIPORTS.NS', 'ITC.NS', 'COALINDIA.NS', 'ONGC.NS', 'UPL.NS', 'BPCL.NS']",0.12429697304350973,0.19717717024125186,-0.07288019719774214,0.10588456513481188
2021-02,"['INFY.NS', 'BAJAJFINSV.NS', 'ICICIBANK.NS', 'HCLTECH.NS', 'WIPRO.NS', 'BAJFINANCE.NS', 'ASIANPAINT.NS', 'TECHM.NS', 'HINDUNILVR.NS', 'DRREDDY.NS']","['NTPC.NS', 'HINDALCO.NS', 'TATACONSUM.NS', 'CIPLA.NS', 'BHARTIARTL.NS', 'BPCL.NS', 'COALINDIA.NS', 'JSWSTEEL.NS', 'APOLLOHOSP.NS', 'UPL.NS']",0.05489868243090372,0.02835453408091443,0.02654414834998929,0.026544684760654552
2021-03,"['RELIANCE.NS', 'ICICIBANK.NS', 'ADANIPORTS.NS', 'BAJFINANCE.NS', 'KOTAKBANK.NS', 'BAJAJFINSV.NS', 'UPL.NS', 'DIVISLAB.NS', 'NESTLEIND.NS', 'WIPRO.NS']","['HEROMOTOCO.NS', 'CIPLA.NS', 'NTPC.NS', 'HDFCLIFE.NS', 'SHREECEM.NS', 'COALINDIA.NS', 'BRITANNIA.NS', 'SBILIFE.NS', 'BPCL.NS', 'ITC.NS']",0.10119722711556993,0.02488234039865015,0.07631488671691977,0.05389105644381507
2021-04,"['HINDALCO.NS', 'TECHM.NS', 'MARUTI.NS', 'ADANIPORTS.NS', 'DIVISLAB.NS', 'HCLTECH.NS', 'BHARTIARTL.NS', 'JSWSTEEL.NS', 'TATASTEEL.NS', 'SHREECEM.NS']","['GRASIM.NS', 'SBILIFE.NS', 'BRITANNIA.NS', 'LT.NS', 'ONGC.NS', 'CIPLA.NS', 'DRREDDY.NS', 'COALINDIA.NS', 'WIPRO.NS', 'BPCL.NS']",0.07478768710076095,0.11044488692695072,-0.03565719982618977,0.09320224705704565
2021-05,"['HINDALCO.NS', 'SHREECEM.NS', 'TATASTEEL.NS', 'BAJFINANCE.NS', 'HCLTECH.NS', 'TATACONSUM.NS', 'DIVISLAB.NS', 'JSWSTEEL.NS', 'TCS.NS', 'ADANIPORTS.NS']","['KOTAKBANK.NS', 'ULTRACEMCO.NS', 'M&M.NS', 'NTPC.NS', 'BPCL.NS', 'COALINDIA.NS', 'CIPLA.NS', 'MARUTI.NS', 'EICHERMOT.NS', 'ITC.NS']",0.0453044808577959,-0.002604901225625091,0.047909382083420986,0.02383085623065369
2021-06,"['TATASTEEL.NS', 'KOTAKBANK.NS', 'DIVISLAB.NS', 'TITAN.NS', 'HEROMOTOCO.NS', 'ASIANPAINT.NS', 'SHREECEM.NS', 'BAJFINANCE.NS', 'ADANIPORTS.NS', 'CIPLA.NS']","['HDFCLIFE.NS', 'BRITANNIA.NS', 'GRASIM.NS', 'BAJAJ-AUTO.NS', 'ITC.NS', 'HINDUNILVR.NS', 'MARUTI.NS', 'BPCL.NS', 'INFY.NS', 'APOLLOHOSP.NS']",0.035076895172081214,0.002613151447721311,0.0324637437243599,0.0448156786773491
2021-07,"['TATASTEEL.NS', 'DRREDDY.NS', 'TATACONSUM.NS', 'TCS.NS', 'HINDALCO.NS', 'ASIANPAINT.NS', 'KOTAKBANK.NS', 'TITAN.NS', 'COALINDIA.NS', 'ADANIPORTS.NS']","['SUNPHARMA.NS', 'SBILIFE.NS', 'NESTLEIND.NS', 'CIPLA.NS', 'ULTRACEMCO.NS', 'APOLLOHOSP.NS', 'ITC.NS', 'SBIN.NS', 'INFY.NS', 'INDUSINDBK.NS']",0.12244347374496282,0.0638360027886356,0.05860747095632722,0.09334485065522007
2021-08,"['DRREDDY.NS', 'BHARTIARTL.NS', 'ADANIPORTS.NS', 'RELIANCE.NS', 'TATASTEEL.NS', 'BAJFINANCE.NS', 'ONGC.NS', 'SHREECEM.NS', 'DIVISLAB.NS', 'POWERGRID.NS']","['GRASIM.NS', 'HINDUNILVR.NS', 'SBILIFE.NS', 'AXISBANK.NS', 'INDUSINDBK.NS', 'HEROMOTOCO.NS', 'BPCL.NS', 'HDFCLIFE.NS', 'SBIN.NS', 'TCS.NS']",0.0814233501677881,0.05353192926046296,0.027891420907325132,0.06379722329183862
2021-09,"['TATACONSUM.NS', 'WIPRO.NS', 'ICICIBANK.NS', 'INFY.NS', 'AXISBANK.NS', 'BHARTIARTL.NS', 'TATASTEEL.NS', 'DRREDDY.NS', 'TCS.NS', 'DIVISLAB.NS']","['BAJAJ-AUTO.NS', 'HDFCLIFE.NS', 'MARUTI.NS', 'INDUSINDBK.NS', 'BAJAJFINSV.NS', 'KOTAKBANK.NS', 'HDFCBANK.NS', 'SBIN.NS', 'ITC.NS', 'COALINDIA.NS']",0.022524142146938965,0.0012656117218993624,0.021258530425039602,0.018337915529188575
2021-10,"['TATACONSUM.NS', 'ASIANPAINT.NS', 'APOLLOHOSP.NS', 'BHARTIARTL.NS', 'BAJFINANCE.NS', 'BAJAJFINSV.NS', 'DIVISLAB.NS', 'RELIANCE.NS', 'NTPC.NS', 'TCS.NS']","['HDFCLIFE.NS', 'TECHM.NS', 'INDUSINDBK.NS', 'SBILIFE.NS', 'LT.NS', 'COALINDIA.NS', 'ITC.NS', 'MARUTI.NS', 'SBIN.NS', 'ONGC.NS']",-0.0013885274173599694,0.0009893951508454385,-0.002377922568205408,-0.011144060013276514
2021-11,"['HINDUNILVR.NS', 'DIVISLAB.NS', 'ICICIBANK.NS', 'BAJAJFINSV.NS', 'ASIANPAINT.NS', 'TCS.NS', 'M&M.NS', 'WIPRO.NS', 'ADANIPORTS.NS', 'HCLTECH.NS']","['ITC.NS', 'BAJAJ-AUTO.NS', 'BHARTIARTL.NS', 'SHREECEM.NS', 'INDUSINDBK.NS', 'BPCL.NS', 'SBILIFE.NS', 'POWERGRID.NS', 'APOLLOHOSP.NS', 'TECHM.NS']",0.07607923514385599,0.026255025591065816,0.049824209552790176,0.06367079001939607
2021-12,"['TITAN.NS', 'BAJAJFINSV.NS', 'ICICIBANK.NS', 'RELIANCE.NS', 'APOLLOHOSP.NS', 'BAJFINANCE.NS', 'INDUSINDBK.NS', 'DIVISLAB.NS', 'BHARTIARTL.NS', 'BAJAJ-AUTO.NS']","['SBIN.NS', 'SHREECEM.NS', 'DRREDDY.NS', 'HINDUNILVR.NS', 'WIPRO.NS', 'SUNPHARMA.NS', 'ASIANPAINT.NS', 'INFY.NS', 'TECHM.NS', 'CIPLA.NS']",-0.01639774994562032,-0.07927211721764311,0.0628743672720228,-0.020239106431845025
2022-01,"['SHREECEM.NS', 'APOLLOHOSP.NS', 'TATACONSUM.NS', 'ASIANPAINT.NS', 'LT.NS', 'TATASTEEL.NS', 'ICICIBANK.NS', 'DIVISLAB.NS', 'TECHM.NS', 'BAJFINANCE.NS']","['NESTLEIND.NS', 'HDFCLIFE.NS', 'COALINDIA.NS', 'POWERGRID.NS', 'HEROMOTOCO.NS', 'TCS.NS', 'KOTAKBANK.NS', 'SBIN.NS', 'BAJAJ-AUTO.NS', 'ONGC.NS']",-0.004302252867524801,-0.05352607238536646,0.04922381951784166,-0.026983717453787876
2022-02,"['WIPRO.NS', 'TECHM.NS', 'HCLTECH.NS', 'INFY.NS', 'ADANIPORTS.NS', 'APOLLOHOSP.NS', 'CIPLA.NS', 'HEROMOTOCO.NS', 'SHREECEM.NS', 'BAJAJFINSV.NS']","['MARUTI.NS', 'ITC.NS', 'EICHERMOT.NS', 'COALINDIA.NS', 'TITAN.NS', 'KOTAKBANK.NS', 'POWERGRID.NS', 'HDFCBANK.NS', 'HINDALCO.NS', 'BPCL.NS']",0.02479251714830811,0.03029003175736299,-0.005497514609054881,0.05288138205352481
2022-03,"['APOLLOHOSP.NS', 'TECHM.NS', 'COALINDIA.NS', 'ASIANPAINT.NS', 'KOTAKBANK.NS', 'HCLTECH.NS', 'BAJAJFINSV.NS', 'HEROMOTOCO.NS', 'DIVISLAB.NS', 'GRASIM.NS']","['MARUTI.NS', 'INDUSINDBK.NS', 'UPL.NS', 'BHARTIARTL.NS', 'JSWSTEEL.NS', 'BPCL.NS', 'DRREDDY.NS', 'M&M.NS', 'AXISBANK.NS', 'ADANIPORTS.NS']",-0.05788026550832508,-0.034930627483911916,-0.02294963802441316,-0.04512082195828996
2022-04,"['POWERGRID.NS', 'ITC.NS', 'ASIANPAINT.NS', 'APOLLOHOSP.NS', 'JSWSTEEL.NS', 'BHARTIARTL.NS', 'TECHM.NS', 'ICICIBANK.NS', 'COALINDIA.NS', 'BAJFINANCE.NS']","['MARUTI.NS', 'GRASIM.NS', 'RELIANCE.NS', 'BAJAJ-AUTO.NS', 'HINDUNILVR.NS', 'TATACONSUM.NS', 'NESTLEIND.NS', 'SUNPHARMA.NS', 'INDUSINDBK.NS', 'EICHERMOT.NS']",-0.10299687176772472,-0.05487716792853322,-0.0481197038391915,-0.08197144077324757
2022-05,"['APOLLOHOSP.NS', 'DIVISLAB.NS', 'HINDALCO.NS', 'ASIANPAINT.NS', 'SHREECEM.NS', 'TECHM.NS', 'BAJAJFINSV.NS', 'HCLTECH.NS', 'BAJFINANCE.NS', 'ADANIPORTS.NS']","['NESTLEIND.NS', 'KOTAKBANK.NS', 'MARUTI.NS', 'NTPC.NS', 'CIPLA.NS', 'DRREDDY.NS', 'SBILIFE.NS', 'HEROMOTOCO.NS', 'JSWSTEEL.NS', 'EICHERMOT.NS']",-0.06319244794235618,0.00912080001618421,-0.07231324795854038,-0.0302223699998822
2022-06,"['HINDALCO.NS', 'TITAN.NS', 'COALINDIA.NS', 'JSWSTEEL.NS', 'BPCL.NS', 'M&M.NS', 'BAJAJFINSV.NS', 'BAJAJ-AUTO.NS', 'SHREECEM.NS', 'ITC.NS']","['MARUTI.NS', 'HINDUNILVR.NS', 'INDUSINDBK.NS', 'DRREDDY.NS', 'RELIANCE.NS', 'SBILIFE.NS', 'HDFCBANK.NS', 'EICHERMOT.NS', 'BRITANNIA.NS', 'SBIN.NS']",0.18738950551322633,0.11056684535377195,0.07682266015945438,0.13481982518962354
2022-07,"['HINDALCO.NS', 'TATASTEEL.NS', 'APOLLOHOSP.NS', 'WIPRO.NS', 'SBILIFE.NS', 'DIVISLAB.NS', 'BAJFINANCE.NS', 'CIPLA.NS', 'TCS.NS', 'JSWSTEEL.NS']","['M&M.NS', 'HEROMOTOCO.NS', 'BRITANNIA.NS', 'BHARTIARTL.NS', 'SHREECEM.NS', 'BAJAJ-AUTO.NS', 'HINDUNILVR.NS', 'EICHERMOT.NS', 'SUNPHARMA.NS', 'COALINDIA.NS']",0.027054267062618497,0.05894855890332984,-0.03189429184071134,0.0617408165014652
2022-08,"['TATASTEEL.NS', 'GRASIM.NS', 'BAJFINANCE.NS', 'COALINDIA.NS', 'HINDALCO.NS', 'HINDUNILVR.NS', 'ICICIBANK.NS', 'POWERGRID.NS', 'APOLLOHOSP.NS', 'JSWSTEEL.NS']","['HEROMOTOCO.NS', 'EICHERMOT.NS', 'ASIANPAINT.NS', 'KOTAKBANK.NS', 'TITAN.NS', 'AXISBANK.NS', 'MARUTI.NS', 'UPL.NS', 'INDUSINDBK.NS', 'NESTLEIND.NS']",-0.03648347963618802,-0.029116125624963473,-0.007367354011224545,-0.03316475999166083
2022-09,"['APOLLOHOSP.NS', 'ITC.NS', 'ADANIPORTS.NS', 'HINDUNILVR.NS', 'BAJAJFINSV.NS', 'GRASIM.NS', 'DIVISLAB.NS', 'AXISBANK.NS', 'NTPC.NS', 'HINDALCO.NS']","['INFY.NS', 'HDFCLIFE.NS', 'SUNPHARMA.NS', 'WIPRO.NS', 'ONGC.NS', 'DRREDDY.NS', 'MARUTI.NS', 'TITAN.NS', 'NESTLEIND.NS', 'BRITANNIA.NS']",0.03644807825650459,0.05665128369608311,-0.02020320543957852,0.05519316447253527
2022-10,"['HINDALCO.NS', 'DIVISLAB.NS', 'HINDUNILVR.NS', 'JSWSTEEL.NS', 'SHREECEM.NS', 'TATASTEEL.NS', 'ITC.NS', 'APOLLOHOSP.NS', 'POWERGRID.NS', 'BAJFINANCE.NS']","['HCLTECH.NS', 'BPCL.NS', 'HDFCLIFE.NS', 'ONGC.NS', 'MARUTI.NS', 'INFY.NS', 'DRREDDY.NS', 'EICHERMOT.NS', 'WIPRO.NS', 'AXISBANK.NS']",0.031688046683324075,0.021634281713402002,0.010053764969922073,0.02595451794312825
2022-11,"['HINDALCO.NS', 'COALINDIA.NS', 'ITC.NS', 'TECHM.NS', 'ADANIPORTS.NS', 'SUNPHARMA.NS', 'RELIANCE.NS', 'SBIN.NS', 'NTPC.NS', 'TATASTEEL.NS']","['HCLTECH.NS', 'BRITANNIA.NS', 'SBILIFE.NS', 'BAJAJ-AUTO.NS', 'HINDUNILVR.NS', 'INFY.NS', 'TCS.NS', 'ULTRACEMCO.NS', 'WIPRO.NS', 'JSWSTEEL.NS']",-0.01909285402861644,-0.02977379628777574,0.0106809422591593,-0.03605982917296386
2022-12,"['TATASTEEL.NS', 'HINDALCO.NS', 'APOLLOHOSP.NS', 'DIVISLAB.NS', 'BHARTIARTL.NS', 'UPL.NS', 'EICHERMOT.NS', 'AXISBANK.NS', 'GRASIM.NS', 'SBIN.NS']","['CIPLA.NS', 'ITC.NS', 'LT.NS', 'TITAN.NS', 'BRITANNIA.NS', 'ULTRACEMCO.NS', 'BAJAJ-AUTO.NS', 'SHREECEM.NS', 'ADANIPORTS.NS', 'BAJFINANCE.NS']",-0.06221227704023145,0.00711441770730103,-0.06932669474753249,-0.01642910403922165
2023-01,"['HINDALCO.NS', 'SHREECEM.NS', 'ONGC.NS', 'INDUSINDBK.NS', 'BAJAJFINSV.NS', 'HDFCBANK.NS', 'BAJFINANCE.NS', 'BHARTIARTL.NS', 'ICICIBANK.NS', 'ITC.NS']","['HCLTECH.NS', 'CIPLA.NS', 'TCS.NS', 'NESTLEIND.NS', 'NTPC.NS', 'EICHERMOT.NS', 'TECHM.NS', 'M&M.NS', 'BPCL.NS', 'BAJAJ-AUTO.NS']",-0.005833287005047249,-0.04083916130246647,0.03500587429741922,-0.033516695224209365
2023-02,"['COALINDIA.NS', 'ADANIPORTS.NS', 'ITC.NS', 'SUNPHARMA.NS', 'JSWSTEEL.NS', 'AXISBANK.NS', 'POWERGRID.NS', 'SBIN.NS', 'ICICIBANK.NS', 'TITAN.NS']","['DIVISLAB.NS', 'CIPLA.NS', 'HDFCBANK.NS', 'TCS.NS', 'NESTLEIND.NS', 'RELIANCE.NS', 'DRREDDY.NS', 'TATACONSUM.NS', 'BAJAJ-AUTO.NS', 'SHREECEM.NS']",0.0614585782211482,0.05186290391871008,0.009595674302438115,0.03284191139883252
2023-03,"['ADANIPORTS.NS', 'TCS.NS', 'JSWSTEEL.NS', 'ITC.NS', 'HINDALCO.NS', 'ONGC.NS', 'TITAN.NS', 'TATASTEEL.NS', 'BAJFINANCE.NS', 'INDUSINDBK.NS']","['UPL.NS', 'BRITANNIA.NS', 'WIPRO.NS', 'TATACONSUM.NS', 'ICICIBANK.NS', 'HINDUNILVR.NS', 'SHREECEM.NS', 'ULTRACEMCO.NS', 'NESTLEIND.NS', 'DIVISLAB.NS']",0.07125169516206152,0.03964628074416038,0.03160541441790114,0.056353547300190855
2023-04,"['INFY.NS', 'TECHM.NS', 'ADANIPORTS.NS', 'TATACONSUM.NS', 'SUNPHARMA.NS', 'GRASIM.NS', 'ITC.NS', 'CIPLA.NS', 'NTPC.NS', 'SBIN.NS']","['WIPRO.NS', 'EICHERMOT.NS', 'RELIANCE.NS', 'NESTLEIND.NS', 'SBILIFE.NS', 'DRREDDY.NS', 'KOTAKBANK.NS', 'BAJAJ-AUTO.NS', 'UPL.NS', 'BRITANNIA.NS']",0.04548962927352444,0.02401099066568289,0.021478638607841553,0.04910511340458915
2023-05,"['ADANIPORTS.NS', 'ITC.NS', 'HINDALCO.NS', 'GRASIM.NS', 'BAJAJFINSV.NS', 'UPL.NS', 'ONGC.NS', 'SBIN.NS', 'DRREDDY.NS', 'M&M.NS']","['MARUTI.NS', 'ASIANPAINT.NS', 'TCS.NS', 'HDFCLIFE.NS', 'DIVISLAB.NS', 'HINDUNILVR.NS', 'BRITANNIA.NS', 'TECHM.NS', 'BAJAJ-AUTO.NS', 'INDUSINDBK.NS']",0.0565945864581497,0.06581365048559511,-0.009219064027445406,0.053312810638751845
2023-06,"['ADANIPORTS.NS', 'JSWSTEEL.NS', 'HINDALCO.NS', 'BAJAJFINSV.NS', 'ICICIBANK.NS', 'NTPC.NS', 'COALINDIA.NS', 'TATASTEEL.NS', 'GRASIM.NS', 'ONGC.NS']","['LT.NS', 'ULTRACEMCO.NS', 'CIPLA.NS', 'POWERGRID.NS', 'SBILIFE.NS', 'BPCL.NS', 'HDFCLIFE.NS', 'MARUTI.NS', 'TECHM.NS', 'BRITANNIA.NS']",0.06493749834744428,0.02187134601431067,0.04306615233313361,0.018794988787675663
2023-07,"['HINDALCO.NS', 'ADANIPORTS.NS', 'EICHERMOT.NS', 'GRASIM.NS', 'LT.NS', 'BHARTIARTL.NS', 'UPL.NS', 'ULTRACEMCO.NS', 'AXISBANK.NS', 'HDFCBANK.NS']","['APOLLOHOSP.NS', 'WIPRO.NS', 'DIVISLAB.NS', 'SBIN.NS', 'RELIANCE.NS', 'HEROMOTOCO.NS', 'BAJAJ-AUTO.NS', 'ICICIBANK.NS', 'TCS.NS', 'CIPLA.NS']",0.03340546419578434,0.0005562771182600311,0.03284918707752431,0.024714410292252558
2023-08,"['SBIN.NS', 'UPL.NS', 'APOLLOHOSP.NS', 'HINDALCO.NS', 'ASIANPAINT.NS', 'HDFCBANK.NS', 'BAJAJFINSV.NS', 'TATASTEEL.NS', 'GRASIM.NS', 'BAJFINANCE.NS']","['LT.NS', 'M&M.NS', 'TATACONSUM.NS', 'DRREDDY.NS', 'HCLTECH.NS', 'EICHERMOT.NS', 'AXISBANK.NS', 'ADANIPORTS.NS', 'WIPRO.NS', 'MARUTI.NS']",0.047660508127404085,0.04682644191379694,0.0008340662136071472,0.04416201251382967
2023-09,"['BPCL.NS', 'TATASTEEL.NS', 'M&M.NS', 'RELIANCE.NS', 'BAJAJFINSV.NS', 'JSWSTEEL.NS', 'INFY.NS', 'KOTAKBANK.NS', 'BAJFINANCE.NS', 'ITC.NS']","['HINDALCO.NS', 'TATACONSUM.NS', 'BHARTIARTL.NS', 'INDUSINDBK.NS', 'DIVISLAB.NS', 'BRITANNIA.NS', 'HDFCLIFE.NS', 'NESTLEIND.NS', 'AXISBANK.NS', 'MARUTI.NS']",0.004927354659746852,0.020292465019355558,-0.015365110359608705,0.01744789502645411
2023-10,"['COALINDIA.NS', 'HINDALCO.NS', 'UPL.NS', 'TATASTEEL.NS', 'ADANIPORTS.NS', 'KOTAKBANK.NS', 'ITC.NS', 'JSWSTEEL.NS', 'ONGC.NS', 'TECHM.NS']","['ICICIBANK.NS', 'HDFCLIFE.NS', 'TITAN.NS', 'BPCL.NS', 'CIPLA.NS', 'ULTRACEMCO.NS', 'NESTLEIND.NS', 'BAJAJ-AUTO.NS', 'SBILIFE.NS', 'MARUTI.NS']",0.1344387113408894,0.10758398990607101,0.026854721434818374,0.11985943545175476
2023-11,"['NESTLEIND.NS', 'JSWSTEEL.NS', 'INDUSINDBK.NS', 'COALINDIA.NS', 'MARUTI.NS', 'ADANIPORTS.NS', 'CIPLA.NS', 'BAJFINANCE.NS', 'TATACONSUM.NS', 'M&M.NS']","['WIPRO.NS', 'BAJAJ-AUTO.NS', 'POWERGRID.NS', 'HINDUNILVR.NS', 'APOLLOHOSP.NS', 'DIVISLAB.NS', 'HDFCLIFE.NS', 'UPL.NS', 'EICHERMOT.NS', 'HEROMOTOCO.NS']",0.09139436572582298,0.059909580280665384,0.03148478544515759,0.07783578275759163
2023-12,"['COALINDIA.NS', 'HINDALCO.NS', 'NTPC.NS', 'HEROMOTOCO.NS', 'TITAN.NS', 'AXISBANK.NS', 'TECHM.NS', 'APOLLOHOSP.NS', 'RELIANCE.NS', 'LT.NS']","['KOTAKBANK.NS', 'INFY.NS', 'ICICIBANK.NS', 'HDFCLIFE.NS', 'TATACONSUM.NS', 'TCS.NS', 'DIVISLAB.NS', 'BAJAJFINSV.NS', 'ASIANPAINT.NS', 'NESTLEIND.NS']",0.045968811974268456,-0.023856413410257397,0.06982522538452585,0.023821196647081395
2024-01,"['BPCL.NS', 'INDUSINDBK.NS', 'HDFCBANK.NS', 'COALINDIA.NS', 'NTPC.NS', 'HEROMOTOCO.NS', 'AXISBANK.NS', 'NESTLEIND.NS', 'TECHM.NS', 'ITC.NS']","['DRREDDY.NS', 'KOTAKBANK.NS', 'SHREECEM.NS', 'ICICIBANK.NS', 'SUNPHARMA.NS', 'RELIANCE.NS', 'BAJFINANCE.NS', 'HCLTECH.NS', 'INFY.NS', 'UPL.NS']",0.026351697471161062,-0.01183743727930876,0.038189134750469825,0.020231361037889688
2024-02,"['ONGC.NS', 'BPCL.NS', 'NTPC.NS', 'TITAN.NS', 'POWERGRID.NS', 'COALINDIA.NS', 'HINDALCO.NS', 'BHARTIARTL.NS', 'LT.NS', 'ITC.NS']","['MARUTI.NS', 'JSWSTEEL.NS', 'CIPLA.NS', 'HEROMOTOCO.NS', 'ICICIBANK.NS', 'HDFCLIFE.NS', 'HDFCBANK.NS', 'ADANIPORTS.NS', 'SBILIFE.NS', 'TCS.NS']",0.042105359643733735,-0.00015945336716009854,0.04226481301089383,0.002519793616983051
2024-03,"['ONGC.NS', 'BPCL.NS', 'NTPC.NS', 'POWERGRID.NS', 'COALINDIA.NS', 'TATASTEEL.NS', 'INDUSINDBK.NS', 'JSWSTEEL.NS', 'BAJFINANCE.NS', 'TECHM.NS']","['ADANIPORTS.NS', 'GRASIM.NS', 'ICICIBANK.NS', 'BRITANNIA.NS', 'HINDUNILVR.NS', 'RELIANCE.NS', 'KOTAKBANK.NS', 'UPL.NS', 'MARUTI.NS', 'CIPLA.NS']",0.03159046365092777,0.00782218990132372,0.02376827374960405,0.0077346349242125535
2024-04,"['BPCL.NS', 'BAJFINANCE.NS', 'TECHM.NS', 'COALINDIA.NS', 'CIPLA.NS', 'LT.NS', 'BHARTIARTL.NS', 'HEROMOTOCO.NS', 'KOTAKBANK.NS', 'JSWSTEEL.NS']","['ASIANPAINT.NS', 'HINDUNILVR.NS', 'ICICIBANK.NS', 'UPL.NS', 'EICHERMOT.NS', 'DIVISLAB.NS', 'AXISBANK.NS', 'HDFCBANK.NS', 'MARUTI.NS', 'SBIN.NS']",0.08398396638522786,0.049356544660064325,0.03462742172516353,0.05431589543955362
2024-05,"['COALINDIA.NS', 'CIPLA.NS', 'ONGC.NS', 'BAJAJ-AUTO.NS', 'LT.NS', 'APOLLOHOSP.NS', 'TITAN.NS', 'NTPC.NS', 'HDFCLIFE.NS', 'ITC.NS']","['AXISBANK.NS', 'KOTAKBANK.NS', 'RELIANCE.NS', 'HDFCBANK.NS', 'BAJAJFINSV.NS', 'WIPRO.NS', 'HEROMOTOCO.NS', 'EICHERMOT.NS', 'DIVISLAB.NS', 'ADANIPORTS.NS']",0.08035974743641502,0.09579758145338729,-0.015437834016972268,0.0964825032611268
2024-06,"['LT.NS', 'TECHM.NS', 'WIPRO.NS', 'COALINDIA.NS', 'SUNPHARMA.NS', 'NTPC.NS', 'HCLTECH.NS', 'HEROMOTOCO.NS', 'ONGC.NS', 'CIPLA.NS']","['ICICIBANK.NS', 'EICHERMOT.NS', 'MARUTI.NS', 'AXISBANK.NS', 'JSWSTEEL.NS', 'HINDALCO.NS', 'HINDUNILVR.NS', 'ULTRACEMCO.NS', 'RELIANCE.NS', 'DIVISLAB.NS']",0.07308209902589992,-0.0028240596557301085,0.07590615868163003,0.02699031539728439
2024-07,"['WIPRO.NS', 'BAJAJ-AUTO.NS', 'ONGC.NS', 'COALINDIA.NS', 'TITAN.NS', 'M&M.NS', 'LT.NS', 'EICHERMOT.NS', 'SBIN.NS', 'GRASIM.NS']","['TECHM.NS', 'ADANIPORTS.NS', 'HINDUNILVR.NS', 'TATASTEEL.NS', 'ULTRACEMCO.NS', 'BAJAJFINSV.NS', 'INDUSINDBK.NS', 'SBILIFE.NS', 'HDFCLIFE.NS', 'DIVISLAB.NS']",-0.005294487928317113,0.031360594265045824,-0.036655082193362935,0.02687695288651189
2024-08,"['SHREECEM.NS', 'TITAN.NS', 'TATASTEEL.NS', 'BAJAJ-AUTO.NS', 'JSWSTEEL.NS', 'COALINDIA.NS', 'ONGC.NS', 'HEROMOTOCO.NS', 'AXISBANK.NS', 'NTPC.NS']","['DRREDDY.NS', 'ASIANPAINT.NS', 'APOLLOHOSP.NS', 'INDUSINDBK.NS', 'INFY.NS', 'SBILIFE.NS', 'DIVISLAB.NS', 'BRITANNIA.NS', 'TCS.NS', 'HDFCLIFE.NS']",-0.0005368066803073783,0.00038200555201222774,-0.000918812232319606,0.0025645658470157024
2024-09,"['M&M.NS', 'COALINDIA.NS', 'BHARTIARTL.NS', 'ONGC.NS', 'WIPRO.NS', 'ICICIBANK.NS', 'ITC.NS', 'SUNPHARMA.NS', 'POWERGRID.NS', 'BAJAJ-AUTO.NS']","['BAJAJFINSV.NS', 'HCLTECH.NS', 'JSWSTEEL.NS', 'KOTAKBANK.NS', 'APOLLOHOSP.NS', 'ASIANPAINT.NS', 'HDFCLIFE.NS', 'BPCL.NS', 'INDUSINDBK.NS', 'HINDALCO.NS']",-0.08521829992857174,-0.08404090476264629,-0.0011773951659254517,-0.08724815708920575
2024-10,"['INDUSINDBK.NS', 'ITC.NS', 'POWERGRID.NS', 'COALINDIA.NS', 'BPCL.NS', 'MARUTI.NS', 'NESTLEIND.NS', 'NTPC.NS', 'LT.NS', 'ONGC.NS']","['ASIANPAINT.NS', 'EICHERMOT.NS', 'HCLTECH.NS', 'HDFCBANK.NS', 'ICICIBANK.NS', 'BAJAJFINSV.NS', 'HDFCLIFE.NS', 'WIPRO.NS', 'INFY.NS', 'DIVISLAB.NS']",-0.022017896304625834,0.01106662804700081,-0.03308452435162664,-0.0043592504346599975
2024-11,"['ADANIPORTS.NS', 'BRITANNIA.NS', 'COALINDIA.NS', 'ITC.NS', 'HEROMOTOCO.NS', 'POWERGRID.NS', 'M&M.NS', 'MARUTI.NS', 'UPL.NS', 'TATASTEEL.NS']","['EICHERMOT.NS', 'JSWSTEEL.NS', 'LT.NS', 'GRASIM.NS', 'APOLLOHOSP.NS', 'INDUSINDBK.NS', 'WIPRO.NS', 'SHREECEM.NS', 'NESTLEIND.NS', 'INFY.NS']",-0.06771142477369796,-0.02863407989901472,-0.03907734487468324,-0.03918679547136333
2024-12,"['BHARTIARTL.NS', 'UPL.NS', 'JSWSTEEL.NS', 'INDUSINDBK.NS', 'BAJAJ-AUTO.NS', 'HEROMOTOCO.NS', 'GRASIM.NS', 'HINDALCO.NS', 'ONGC.NS', 'ITC.NS']","['BAJFINANCE.NS', 'NESTLEIND.NS', 'HDFCLIFE.NS', 'ICICIBANK.NS', 'SUNPHARMA.NS', 'APOLLOHOSP.NS', 'ULTRACEMCO.NS', 'TECHM.NS', 'DRREDDY.NS', 'DIVISLAB.NS']",0.048054277981229,-0.003144258754602278,0.05119853673583128,0.014641457734891054
2025-01,"['DRREDDY.NS', 'HEROMOTOCO.NS', 'ADANIPORTS.NS', 'HCLTECH.NS', 'AXISBANK.NS', 'ITC.NS', 'INDUSINDBK.NS', 'BHARTIARTL.NS', 'COALINDIA.NS', 'JSWSTEEL.NS']","['NESTLEIND.NS', 'INFY.NS', 'ASIANPAINT.NS', 'UPL.NS', 'ULTRACEMCO.NS', 'SBILIFE.NS', 'MARUTI.NS', 'BAJFINANCE.NS', 'KOTAKBANK.NS', 'SHREECEM.NS']",-0.030641944284236756,-0.02450870713805726,-0.006133237146179495,-0.03885119123206205
2025-02,"['BPCL.NS', 'ADANIPORTS.NS', 'ONGC.NS', 'TCS.NS', 'SUNPHARMA.NS', 'COALINDIA.NS', 'LT.NS', 'DRREDDY.NS', 'ITC.NS', 'HEROMOTOCO.NS']","['JSWSTEEL.NS', 'BHARTIARTL.NS', 'UPL.NS', 'NESTLEIND.NS', 'HDFCLIFE.NS', 'BAJAJFINSV.NS', 'TATACONSUM.NS', 'SHREECEM.NS', 'TITAN.NS', 'MARUTI.NS']",0.08170325451088725,0.10321985419338872,-0.02151659968250147,0.08505460280935172
2025-03,"['LT.NS', 'ADANIPORTS.NS', 'POWERGRID.NS', 'MARUTI.NS', 'HEROMOTOCO.NS', 'BAJAJ-AUTO.NS', 'M&M.NS', 'DRREDDY.NS', 'CIPLA.NS', 'KOTAKBANK.NS']","['JSWSTEEL.NS', 'SBILIFE.NS', 'ULTRACEMCO.NS', 'ICICIBANK.NS', 'HDFCBANK.NS', 'UPL.NS', 'TATASTEEL.NS', 'HDFCLIFE.NS', 'BAJAJFINSV.NS', 'SHREECEM.NS']",0.08902804575127242,0.04558108916124225,0.04344695659003017,0.06404038525083271
2025-04,"['INDUSINDBK.NS', 'M&M.NS', 'MARUTI.NS', 'ONGC.NS', 'HINDALCO.NS', 'ITC.NS', 'HEROMOTOCO.NS', 'HCLTECH.NS', 'BAJAJ-AUTO.NS', 'ADANIPORTS.NS']","['SBILIFE.NS', 'BAJAJFINSV.NS', 'KOTAKBANK.NS', 'SHREECEM.NS', 'GRASIM.NS', 'RELIANCE.NS', 'TATACONSUM.NS', 'DIVISLAB.NS', 'JSWSTEEL.NS', 'UPL.NS']",0.05753648542298977,-0.0036103567402548603,0.061146842163244626,0.021624686368803936
2025-05,"['INDUSINDBK.NS', 'ITC.NS', 'BAJAJ-AUTO.NS', 'HINDALCO.NS', 'GRASIM.NS', 'CIPLA.NS', 'INFY.NS', 'SBIN.NS', 'ONGC.NS', 'SUNPHARMA.NS']","['ICICIBANK.NS', 'TITAN.NS', 'UPL.NS', 'SBILIFE.NS', 'TATACONSUM.NS', 'NESTLEIND.NS', 'HDFCLIFE.NS', 'BAJAJFINSV.NS', 'RELIANCE.NS', 'BAJFINANCE.NS']",0.020325622178760883,0.0023604093707876904,0.017965212807973193,0.022484210558227788
2025-06,"['HINDUNILVR.NS', 'JSWSTEEL.NS', 'CIPLA.NS', 'ONGC.NS', 'INDUSINDBK.NS', 'BHARTIARTL.NS', 'BPCL.NS', 'TECHM.NS', 'COALINDIA.NS', 'SUNPHARMA.NS']","['HDFCBANK.NS', 'M&M.NS', 'SBILIFE.NS', 'RELIANCE.NS', 'DRREDDY.NS', 'TCS.NS', 'NESTLEIND.NS', 'TITAN.NS', 'SHREECEM.NS', 'HDFCLIFE.NS']",-0.02527744558899552,-0.045187294552669253,0.019909848963673732,-0.030446239912812048
2025-07,"['ONGC.NS', 'NTPC.NS', 'COALINDIA.NS', 'HINDUNILVR.NS', 'INDUSINDBK.NS', 'KOTAKBANK.NS', 'WIPRO.NS', 'M&M.NS', 'TITAN.NS', 'SBIN.NS']","['UPL.NS', 'HINDALCO.NS', 'ICICIBANK.NS', 'SHREECEM.NS', 'ULTRACEMCO.NS', 'BRITANNIA.NS', 'APOLLOHOSP.NS', 'RELIANCE.NS', 'HDFCLIFE.NS', 'TCS.NS']",0.01994478783406704,0.02262169360098939,-0.002676905766922349,0.03407045536732469
2025-08,"['BPCL.NS', 'SUNPHARMA.NS', 'SHREECEM.NS', 'ONGC.NS', 'ICICIBANK.NS', 'INDUSINDBK.NS', 'HEROMOTOCO.NS', 'BHARTIARTL.NS', 'ITC.NS', 'SBIN.NS']","['ADANIPORTS.NS', 'UPL.NS', 'TATASTEEL.NS', 'GRASIM.NS', 'EICHERMOT.NS', 'CIPLA.NS', 'TITAN.NS', 'DRREDDY.NS', 'MARUTI.NS', 'ASIANPAINT.NS']",0.04210698331962888,0.02903296394221559,0.01307401937741329,0.03650672029699708
2025-09,"['UPL.NS', 'INFY.NS', 'HDFCBANK.NS', 'TECHM.NS', 'WIPRO.NS', 'SHREECEM.NS', 'AXISBANK.NS', 'ULTRACEMCO.NS', 'ONGC.NS', 'GRASIM.NS']","['JSWSTEEL.NS', 'TATASTEEL.NS', 'TATACONSUM.NS', 'KOTAKBANK.NS', 'TCS.NS', 'HINDALCO.NS', 'APOLLOHOSP.NS', 'HINDUNILVR.NS', 'EICHERMOT.NS', 'MARUTI.NS']",0.03674765197335284,0.016628072233534755,0.020119579739818087,0.052442586947169106
2025-10,"['INDUSINDBK.NS', 'INFY.NS', 'ULTRACEMCO.NS', 'BAJFINANCE.NS', 'CIPLA.NS', 'TECHM.NS', 'WIPRO.NS', 'HDFCLIFE.NS', 'DRREDDY.NS', 'HINDUNILVR.NS']","['DIVISLAB.NS', 'SBILIFE.NS', 'TATACONSUM.NS', 'KOTAKBANK.NS', 'HINDALCO.NS', 'TATASTEEL.NS', 'JSWSTEEL.NS', 'TITAN.NS', 'NESTLEIND.NS', 'MARUTI.NS']",0.03685118886511666,-0.009255996189100769,0.04610718505421743,0.01521672554795502
2025-11,"['HEROMOTOCO.NS', 'M&M.NS', 'EICHERMOT.NS', 'ULTRACEMCO.NS', 'INFY.NS', 'APOLLOHOSP.NS', 'WIPRO.NS', 'GRASIM.NS', 'AXISBANK.NS', 'BAJAJ-AUTO.NS']","['ONGC.NS', 'ADANIPORTS.NS', 'JSWSTEEL.NS', 'ICICIBANK.NS', 'TITAN.NS', 'DIVISLAB.NS', 'HINDALCO.NS', 'NTPC.NS', 'TATACONSUM.NS', 'SUNPHARMA.NS']",0.013904042195920471,0.017832799812049625,-0.003928757616129154,0.007699758587839166
2025-12,"['HCLTECH.NS', 'HEROMOTOCO.NS', 'APOLLOHOSP.NS', 'ULTRACEMCO.NS', 'BAJAJFINSV.NS', 'SUNPHARMA.NS', 'TCS.NS', 'EICHERMOT.NS', 'BAJFINANCE.NS', 'INFY.NS']","['AXISBANK.NS', 'ITC.NS', 'SBIN.NS', 'TITAN.NS', 'HDFCLIFE.NS', 'RELIANCE.NS', 'HINDALCO.NS', 'TATACONSUM.NS', 'UPL.NS', 'NESTLEIND.NS']",-0.00628317666444315,-0.00033638099418177163,-0.005946795670261379,0.004880040825333617
2026-01,"['COALINDIA.NS', 'CIPLA.NS', 'RELIANCE.NS', 'ONGC.NS', 'BHARTIARTL.NS', 'UPL.NS', 'ASIANPAINT.NS', 'ADANIPORTS.NS', 'ITC.NS', 'GRASIM.NS']","['SBILIFE.NS', 'NTPC.NS', 'NESTLEIND.NS', 'TECHM.NS', 'HCLTECH.NS', 'TITAN.NS', 'TATASTEEL.NS', 'TCS.NS', 'ULTRACEMCO.NS', 'HINDALCO.NS']",-0.039611854333750404,-0.08521409127263638,0.04560223693888597,-0.06014482839269242
2026-02,"['UPL.NS', 'M&M.NS', 'ONGC.NS', 'EICHERMOT.NS', 'DIVISLAB.NS', 'SHREECEM.NS', 'SBIN.NS', 'BHARTIARTL.NS', 'CIPLA.NS', 'BAJAJ-AUTO.NS']","['SBILIFE.NS', 'LT.NS', 'INDUSINDBK.NS', 'AXISBANK.NS', 'APOLLOHOSP.NS', 'NESTLEIND.NS', 'JSWSTEEL.NS', 'HDFCBANK.NS', 'ULTRACEMCO.NS', 'GRASIM.NS']",-0.09582250960101471,-0.12446752529262044,0.028645015691605727,-0.09519509253318438
